transaction_id,customer_id,amount,currency,failure_reason,is_hard_fail,first_failure_timestamp,payment_method,is_recurring,merchant_category
txn_e30ffb5e32,cust_398c7234b4,709.32,INR,issuer_declined,False,2024-03-05 18:43:07,card,False,saas
txn_b04417dfdc,cust_408feea307,2781.57,INR,insufficient_funds,False,2024-03-14 10:39:20,netbanking,False,ecommerce_one_time
txn_631f946859,cust_84370e49e0,6012.02,INR,processing_error,False,2024-03-03 00:22:49,card,True,d2c_subscription
txn_2724182301,cust_e8118e67af,377.62,INR,do_not_honor,False,2024-03-01 19:27:15,upi,False,ecommerce_one_time
txn_08189e84b1,cust_7d227df640,51.92,INR,insufficient_funds,False,2024-03-11 01:30:14,upi,True,saas
txn_a55ad94e66,cust_c291ec6d06,5241.64,INR,do_not_honor,False,2024-03-08 16:38:13,upi,True,saas
txn_585b283d71,cust_995177b128,581.68,INR,network_timeout,False,2024-03-06 19:05:39,upi,True,saas
txn_455ae6252b,cust_f5ce731952,3063.62,INR,network_timeout,False,2024-03-07 05:50:20,netbanking,True,d2c_subscription
txn_6f8b1b28db,cust_59e43e2f4d,383.37,INR,do_not_honor,False,2024-03-15 02:59:51,card,False,ecommerce_one_time
txn_027e3eba49,cust_c6de4e197a,1013.79,INR,issuer_declined,False,2024-03-01 18:59:13,card,True,d2c_subscription
txn_d93ef1576a,cust_632d1a7255,1107.91,INR,insufficient_funds,False,2024-03-02 09:48:43,upi,False,saas
txn_edce775195,cust_0057f8a858,3286.47,INR,network_timeout,False,2024-03-08 16:27:18,card,True,saas
txn_c4c19fd38a,cust_fc26ba465d,229.43,INR,processing_error,False,2024-03-07 17:41:26,upi,True,saas
txn_b13ddb4f31,cust_57acd8f86e,294.98,INR,do_not_honor,False,2024-03-13 02:53:30,upi,False,d2c_subscription
txn_ae996d9f75,cust_896dfa0c7a,757.75,INR,network_timeout,False,2024-03-05 00:32:34,card,True,d2c_subscription
txn_7af5c4008a,cust_7720b002c5,1007.29,INR,insufficient_funds,False,2024-03-08 07:06:47,upi,True,saas
txn_0dcd17f70f,cust_00f80789cd,1115.29,INR,processing_error,False,2024-03-11 12:38:17,card,False,d2c_subscription
txn_5748fa30d4,cust_97d95a6bea,570.17,INR,insufficient_funds,False,2024-03-11 04:48:34,netbanking,True,d2c_subscription
txn_d06d4406c5,cust_560afec802,1089.5,INR,insufficient_funds,False,2024-03-14 08:27:48,card,True,saas
txn_1e81037a8f,cust_4dcdad61cd,326.71,INR,issuer_declined,False,2024-03-04 10:56:21,upi,True,d2c_subscription
txn_6602f05d39,cust_1438a24939,823.37,INR,issuer_declined,False,2024-03-14 14:53:31,netbanking,True,d2c_subscription
txn_7bdda81e9a,cust_5f1485efa5,172.17,INR,card_expired,True,2024-03-07 14:40:14,card,False,d2c_subscription
txn_c40991a5f6,cust_ebb75e3130,737.68,INR,issuer_declined,False,2024-03-04 02:16:27,card,True,saas
txn_153d367283,cust_f6632cce44,416.28,INR,network_timeout,False,2024-03-14 18:24:22,card,False,saas
txn_e9b2ce77a6,cust_246897ffd4,2000.4,INR,processing_error,False,2024-03-13 08:56:47,upi,True,ecommerce_one_time
txn_81c6391770,cust_a6329270db,361.83,INR,processing_error,False,2024-03-04 19:50:21,card,False,saas
txn_d10be896e0,cust_5d17fb3fb8,594.59,INR,card_expired,True,2024-03-03 23:08:08,card,True,ecommerce_one_time
txn_ddedb39103,cust_9b0fd22a6f,3097.29,INR,issuer_declined,False,2024-03-14 08:43:04,netbanking,False,d2c_subscription
txn_9b820785f9,cust_41161ed66b,290.77,INR,issuer_declined,False,2024-03-11 18:52:15,card,True,d2c_subscription
txn_8ef7e74e2c,cust_d2b8c09894,74.05,INR,insufficient_funds,False,2024-03-07 00:16:05,card,False,ecommerce_one_time
txn_30e543b2f5,cust_2b7d8be0c7,1318.52,INR,insufficient_funds,False,2024-03-07 22:07:58,upi,False,saas
txn_1525330e04,cust_08955f6b7a,404.74,INR,network_timeout,False,2024-03-08 06:22:34,card,True,saas
txn_7ac528c85b,cust_e26dfac9a2,615.86,INR,issuer_declined,False,2024-03-11 19:59:46,card,True,saas
txn_1098ec8f91,cust_32a26d2ab9,995.36,INR,issuer_declined,False,2024-03-07 22:54:06,netbanking,True,d2c_subscription
txn_8824e367a9,cust_2d418afd1f,484.54,INR,insufficient_funds,False,2024-03-14 19:10:19,upi,True,d2c_subscription
txn_84393cbda2,cust_826d36d52a,975.16,INR,do_not_honor,False,2024-03-03 06:46:27,card,False,ecommerce_one_time
txn_a13e27c29d,cust_67eeaad87d,1054.38,INR,processing_error,False,2024-03-07 21:47:40,upi,True,d2c_subscription
txn_687fd5b94d,cust_ca9cda794b,193.02,INR,issuer_declined,False,2024-03-10 06:46:41,card,False,d2c_subscription
txn_60e368645f,cust_93a74129ce,3635.35,INR,processing_error,False,2024-03-10 08:38:52,card,False,saas
txn_6d913c524d,cust_75839729b4,1050.33,INR,do_not_honor,False,2024-03-10 07:42:03,upi,True,saas
txn_dd9354df96,cust_34c1fdef31,4255.29,INR,network_timeout,False,2024-03-09 09:48:11,card,True,ecommerce_one_time
txn_fd6db700c9,cust_ef239b6ce3,1170.14,INR,insufficient_funds,False,2024-03-12 19:13:43,card,True,saas
txn_a0461bbc92,cust_8d60ef06f7,11027.15,INR,processing_error,False,2024-03-07 01:52:35,netbanking,False,ecommerce_one_time
txn_9f4febb2b6,cust_75839729b4,314.92,INR,insufficient_funds,False,2024-03-12 22:16:20,card,False,saas
txn_dbb7971e9f,cust_46600d490f,256.83,INR,issuer_declined,False,2024-03-11 02:36:37,card,True,d2c_subscription
txn_2f4e3be138,cust_67eeaad87d,691.34,INR,processing_error,False,2024-03-03 07:24:00,card,True,saas
txn_c41bda7aee,cust_11cf4389b6,1811.37,INR,processing_error,False,2024-03-07 14:33:41,upi,False,ecommerce_one_time
txn_2a10f13716,cust_a62c691459,164.69,INR,insufficient_funds,False,2024-03-02 20:35:02,upi,True,saas
txn_a8001559bf,cust_28a7fe6a58,352.52,INR,network_timeout,False,2024-03-06 06:59:18,netbanking,False,d2c_subscription
txn_64b95a8b39,cust_95d7c94871,312.72,INR,insufficient_funds,False,2024-03-04 12:45:16,card,False,ecommerce_one_time
txn_ea2243801c,cust_1228f453fa,780.24,INR,do_not_honor,False,2024-03-14 05:54:47,upi,True,d2c_subscription
txn_de70ee86a4,cust_2b46763a31,19648.32,INR,account_closed,True,2024-03-08 10:31:49,upi,True,saas
txn_da6e0a4837,cust_a11e03b01a,1620.79,INR,do_not_honor,False,2024-03-10 14:22:04,card,True,ecommerce_one_time
txn_ce98d461d2,cust_5318cc1f36,595.48,INR,network_timeout,False,2024-03-15 06:15:07,card,True,d2c_subscription
txn_c541dfe4c6,cust_6282ee4485,542.15,INR,do_not_honor,False,2024-03-14 05:46:40,upi,True,saas
txn_b48037ace6,cust_f08bf06ab2,75.01,INR,network_timeout,False,2024-03-12 20:13:30,card,True,d2c_subscription
txn_8dad08263e,cust_d070da4706,4548.62,INR,processing_error,False,2024-03-15 09:40:14,upi,False,ecommerce_one_time
txn_df1f980167,cust_a62c691459,564.16,INR,processing_error,False,2024-03-09 09:02:59,card,False,d2c_subscription
txn_a2fbcd961f,cust_a7102f8089,120.27,INR,insufficient_funds,False,2024-03-14 18:47:13,card,False,ecommerce_one_time
txn_649578cf13,cust_54c2dde01a,271.2,INR,processing_error,False,2024-03-03 22:57:53,netbanking,True,d2c_subscription
txn_ace0dff3b2,cust_5863e03a8b,178.72,INR,insufficient_funds,False,2024-03-07 05:00:57,upi,True,d2c_subscription
txn_272ba4be84,cust_6ea2fac2b9,620.72,INR,account_closed,True,2024-03-02 00:25:43,card,False,saas
txn_dac3fe0864,cust_14a613c8a4,5556.58,INR,insufficient_funds,False,2024-03-14 07:40:25,upi,True,d2c_subscription
txn_1db8ade79d,cust_b5fbccca6b,293.21,INR,insufficient_funds,False,2024-03-14 09:07:57,card,False,saas
txn_ec314f9d90,cust_2713e10c7a,1417.21,INR,network_timeout,False,2024-03-03 08:11:01,upi,True,saas
txn_73b71cc7ae,cust_e30cf25004,988.42,INR,insufficient_funds,False,2024-03-10 00:16:31,card,True,saas
txn_1b409f2f88,cust_07c65338f6,742.25,INR,issuer_declined,False,2024-03-04 20:49:37,card,True,ecommerce_one_time
txn_552bd14b7c,cust_46253caba4,504.51,INR,processing_error,False,2024-03-12 20:11:01,card,False,saas
txn_de66b3f6d4,cust_9859ad8a52,329.42,INR,insufficient_funds,False,2024-03-15 09:02:14,card,True,saas
txn_a251093eee,cust_2953fd5d4f,852.68,INR,insufficient_funds,False,2024-03-08 12:43:38,card,True,saas
txn_17309a2a33,cust_e0172cbef4,1035.15,INR,do_not_honor,False,2024-03-07 11:23:23,card,False,saas
txn_123c3bab21,cust_69fa4d05b5,225.46,INR,insufficient_funds,False,2024-03-13 22:34:40,netbanking,False,ecommerce_one_time
txn_fa4b0c71e8,cust_e6ae61fccd,2148.58,INR,insufficient_funds,False,2024-03-15 08:33:20,card,True,d2c_subscription
txn_58ae55dd15,cust_5efc7db0af,1528.31,INR,insufficient_funds,False,2024-03-12 12:44:45,card,True,d2c_subscription
txn_b445db2d2e,cust_a2e1354a64,4703.28,INR,issuer_declined,False,2024-03-13 23:18:38,card,False,ecommerce_one_time
txn_0b15215d03,cust_49a8d06e17,599.19,INR,issuer_declined,False,2024-03-01 13:16:45,upi,True,saas
txn_04a9b0015e,cust_0068a9b979,5642.21,INR,insufficient_funds,False,2024-03-01 15:56:54,card,False,ecommerce_one_time
txn_5d9451d5b6,cust_a5f0655b65,1339.79,INR,do_not_honor,False,2024-03-15 06:40:24,card,False,ecommerce_one_time
txn_8b4c92f7f9,cust_17360b6720,142.29,INR,do_not_honor,False,2024-03-09 02:26:25,upi,False,d2c_subscription
txn_780d76429f,cust_e6ae61fccd,276.37,INR,insufficient_funds,False,2024-03-10 02:48:19,card,False,d2c_subscription
txn_440d48ec10,cust_6c5398a911,247.13,INR,issuer_declined,False,2024-03-15 02:51:26,netbanking,False,d2c_subscription
txn_1e72afee8b,cust_27709d7f16,8191.42,INR,network_timeout,False,2024-03-06 04:01:14,card,False,ecommerce_one_time
txn_939d661a5b,cust_99b0ab100e,1240.75,INR,do_not_honor,False,2024-03-03 14:17:40,upi,True,saas
txn_ebcbec1b98,cust_e52eeedd70,307.95,INR,issuer_declined,False,2024-03-06 22:36:29,card,True,d2c_subscription
txn_036f3197dc,cust_cd595b36e7,1198.04,INR,issuer_declined,False,2024-03-02 15:46:20,upi,True,saas
txn_f2dfb703cd,cust_a539505b93,114.43,INR,insufficient_funds,False,2024-03-06 13:49:05,netbanking,True,d2c_subscription
txn_015cad3f94,cust_bacd9bf518,6952.39,INR,network_timeout,False,2024-03-07 19:44:36,card,False,ecommerce_one_time
txn_ff218a4fa0,cust_c9c73c9345,682.76,INR,card_expired,True,2024-03-02 05:31:11,card,True,d2c_subscription
txn_c624da60d5,cust_d9da3d5bae,1488.15,INR,card_expired,True,2024-03-05 14:48:13,card,True,saas
txn_fd49cea23b,cust_0a63b124cb,2210.13,INR,insufficient_funds,False,2024-03-04 19:05:00,card,True,d2c_subscription
txn_9f323b8e81,cust_5b571b4898,506.73,INR,issuer_declined,False,2024-03-04 13:52:46,netbanking,False,ecommerce_one_time
txn_dc03cffe54,cust_ce95e3a6f8,84.87,INR,insufficient_funds,False,2024-03-15 01:19:32,upi,True,d2c_subscription
txn_d7e3aacc4c,cust_f77df130f0,281.8,INR,issuer_declined,False,2024-03-05 05:09:02,upi,False,ecommerce_one_time
txn_35c3beb122,cust_9602cf053a,842.66,INR,issuer_declined,False,2024-03-05 00:29:53,netbanking,False,ecommerce_one_time
txn_20767b6acb,cust_3ad494e676,651.16,INR,processing_error,False,2024-03-08 13:50:27,netbanking,False,ecommerce_one_time
txn_78c44be9f7,cust_aad0434629,545.82,INR,insufficient_funds,False,2024-03-07 14:22:05,upi,True,saas
txn_15b0cbe262,cust_cce2e13141,424.16,INR,card_expired,True,2024-03-03 20:13:05,card,True,d2c_subscription
txn_d4ffba559d,cust_6d45897997,4940.88,INR,insufficient_funds,False,2024-03-13 12:19:27,card,False,ecommerce_one_time
txn_f78aed0068,cust_5a0d857766,1787.78,INR,insufficient_funds,False,2024-03-08 02:49:04,card,False,ecommerce_one_time
txn_759b604478,cust_9c328517ce,852.22,INR,network_timeout,False,2024-03-04 17:05:17,card,True,saas
txn_a956f21cfd,cust_cfc398913d,2021.14,INR,processing_error,False,2024-03-11 20:48:25,card,True,saas
txn_4c467de7a3,cust_6160c94fcf,461.06,INR,issuer_declined,False,2024-03-11 19:23:00,card,True,saas
txn_eb27fed148,cust_78c8b19f06,234.49,INR,do_not_honor,False,2024-03-15 10:38:01,card,False,ecommerce_one_time
txn_5b64135ff4,cust_7b92ced64c,2258.05,INR,insufficient_funds,False,2024-03-11 03:03:51,card,False,ecommerce_one_time
txn_d13e2ebfd1,cust_e7e91e7465,790.31,INR,insufficient_funds,False,2024-03-10 11:30:50,card,True,d2c_subscription
txn_713f002d2f,cust_27709d7f16,451.12,INR,issuer_declined,False,2024-03-02 03:58:54,card,False,saas
txn_6ad621a12a,cust_67eeaad87d,1307.15,INR,issuer_declined,False,2024-03-14 08:15:05,card,True,saas
txn_73571ee020,cust_05a2eb14a0,87.05,INR,do_not_honor,False,2024-03-06 10:50:23,card,True,ecommerce_one_time
txn_4aac2e1b4d,cust_0902ba1fb0,701.48,INR,insufficient_funds,False,2024-03-14 14:44:21,upi,True,saas
txn_8f7cbf58df,cust_59a9c49a60,396.17,INR,processing_error,False,2024-03-04 07:23:50,upi,False,saas
txn_d2b2ed3631,cust_74447c355f,138.63,INR,processing_error,False,2024-03-08 22:20:27,card,True,saas
txn_413163a8bd,cust_b37c10af15,67.39,INR,insufficient_funds,False,2024-03-09 12:55:32,card,False,ecommerce_one_time
txn_b7f19c6dba,cust_25ee63ebb6,1350.56,INR,insufficient_funds,False,2024-03-02 06:55:32,card,True,d2c_subscription
txn_e93865c46b,cust_7c234829f9,5147.91,INR,issuer_declined,False,2024-03-05 00:19:47,card,True,saas
txn_38cf22b582,cust_56dc7e6d9a,1073.65,INR,processing_error,False,2024-03-14 00:32:50,card,True,saas
txn_9ed24bdca8,cust_cf15590c4b,98.1,INR,processing_error,False,2024-03-11 18:33:31,netbanking,False,ecommerce_one_time
txn_bcd1ef2cf0,cust_d070da4706,942.92,INR,processing_error,False,2024-03-11 16:01:13,card,True,d2c_subscription
txn_37bbc56344,cust_3b0e88c020,611.5,INR,issuer_declined,False,2024-03-06 23:08:19,card,True,d2c_subscription
txn_e7dfbb2885,cust_c072af19ea,325.06,INR,insufficient_funds,False,2024-03-03 21:05:38,upi,True,saas
txn_83ba5992b3,cust_368d3b7e8b,4315.06,INR,do_not_honor,False,2024-03-06 13:44:10,card,False,saas
txn_dc6da39ac0,cust_327e8eabff,1516.91,INR,insufficient_funds,False,2024-03-09 20:59:07,card,False,ecommerce_one_time
txn_05dc8b5111,cust_ec13538a6f,2574.91,INR,processing_error,False,2024-03-05 01:09:20,card,False,ecommerce_one_time
txn_c580e26b41,cust_34f259ec4a,1745.62,INR,insufficient_funds,False,2024-03-04 21:02:32,netbanking,True,d2c_subscription
txn_fcdd0fba5f,cust_080dfe1de9,1099.31,INR,issuer_declined,False,2024-03-14 08:55:24,card,False,ecommerce_one_time
txn_f2874f2f75,cust_8fe2648fdd,253.8,INR,do_not_honor,False,2024-03-07 21:46:33,upi,True,saas
txn_a35be6ce41,cust_0902ba1fb0,441.96,INR,do_not_honor,False,2024-03-05 13:11:29,upi,False,ecommerce_one_time
txn_5586a420f3,cust_4467425139,1178.34,INR,do_not_honor,False,2024-03-07 01:04:45,card,True,saas
txn_f1e298954b,cust_7f7defd2f4,501.71,INR,issuer_declined,False,2024-03-12 01:42:43,upi,True,saas
txn_3be37c235e,cust_4ae98356cf,1523.95,INR,card_expired,True,2024-03-13 05:51:21,card,False,ecommerce_one_time
txn_9a0de19f09,cust_d9931898cf,227.55,INR,network_timeout,False,2024-03-11 10:15:58,card,False,ecommerce_one_time
txn_1d1ff41c09,cust_077251b505,122.72,INR,network_timeout,False,2024-03-10 13:38:00,card,False,ecommerce_one_time
txn_641e193955,cust_77a7833ae7,3464.06,INR,do_not_honor,False,2024-03-02 14:22:23,netbanking,True,d2c_subscription
txn_15a0fef77f,cust_7f7c499178,1988.0,INR,processing_error,False,2024-03-06 19:05:25,card,False,ecommerce_one_time
txn_9bfdd3b0a3,cust_79686500c8,2873.12,INR,do_not_honor,False,2024-03-03 19:11:22,card,True,d2c_subscription
txn_4e3b7eba45,cust_46c6dd4b0f,256.36,INR,issuer_declined,False,2024-03-15 03:00:22,netbanking,True,saas
txn_625dfeaf9c,cust_5efede095c,1463.13,INR,issuer_declined,False,2024-03-04 12:36:27,card,True,d2c_subscription
txn_56ade14b34,cust_1b4a536b10,273.08,INR,do_not_honor,False,2024-03-12 20:43:21,netbanking,True,d2c_subscription
txn_04b9378393,cust_10588e4627,650.38,INR,insufficient_funds,False,2024-03-07 13:53:50,upi,True,d2c_subscription
txn_b9e5c55069,cust_6ec55b7410,603.11,INR,insufficient_funds,False,2024-03-10 02:08:17,upi,True,ecommerce_one_time
txn_d92da19f90,cust_839673facd,1379.44,INR,network_timeout,False,2024-03-03 09:46:36,upi,True,d2c_subscription
txn_ed3c97fee6,cust_a9f58e31af,1312.19,INR,insufficient_funds,False,2024-03-06 01:20:11,upi,True,saas
txn_f51bca6a0b,cust_72b415a5ec,388.78,INR,do_not_honor,False,2024-03-09 01:20:43,card,True,saas
txn_fcf832f875,cust_96e551c00f,1798.19,INR,do_not_honor,False,2024-03-08 08:46:42,netbanking,False,ecommerce_one_time
txn_367e50ccb0,cust_956447e87c,1691.47,INR,insufficient_funds,False,2024-03-05 14:28:54,netbanking,True,saas
txn_e717ef5f79,cust_29b37ee190,1367.22,INR,network_timeout,False,2024-03-05 10:30:22,netbanking,False,ecommerce_one_time
txn_27479b3917,cust_fd2e097c05,276.49,INR,insufficient_funds,False,2024-03-07 11:23:27,upi,True,saas
txn_e78f8472cb,cust_0baea7d55b,1713.23,INR,network_timeout,False,2024-03-05 07:46:28,card,True,saas
txn_aef3516a7b,cust_7b6156a827,579.88,INR,processing_error,False,2024-03-04 10:51:59,card,False,ecommerce_one_time
txn_028b9a0877,cust_c1c98d36ef,1276.53,INR,insufficient_funds,False,2024-03-15 01:33:57,card,False,d2c_subscription
txn_50692c4aea,cust_fb971a75d8,431.44,INR,insufficient_funds,False,2024-03-10 08:42:00,card,True,ecommerce_one_time
txn_7aae77fadc,cust_080dfe1de9,1604.38,INR,issuer_declined,False,2024-03-02 21:01:29,upi,False,saas
txn_d51586ddb2,cust_74660b9cab,2952.16,INR,issuer_declined,False,2024-03-11 00:04:55,upi,True,d2c_subscription
txn_d9864f8ae2,cust_bea8ac52c2,763.62,INR,insufficient_funds,False,2024-03-03 23:03:50,card,True,d2c_subscription
txn_63b12ae6f8,cust_5ed1f1f251,629.25,INR,account_closed,True,2024-03-07 19:27:36,card,False,ecommerce_one_time
txn_45fcc2219d,cust_3c5ea7168e,3464.1,INR,insufficient_funds,False,2024-03-11 16:55:16,upi,False,saas
txn_20e421522f,cust_aefcf53733,3445.11,INR,network_timeout,False,2024-03-10 14:19:31,card,True,saas
txn_75a54cfb56,cust_9c328517ce,1505.59,INR,insufficient_funds,False,2024-03-08 17:11:59,netbanking,True,d2c_subscription
txn_59172ef5a3,cust_790bef348a,898.59,INR,account_closed,True,2024-03-13 18:04:01,upi,False,ecommerce_one_time
txn_c5bad0f748,cust_826d36d52a,59.42,INR,insufficient_funds,False,2024-03-11 04:27:42,card,False,ecommerce_one_time
txn_e1d7a30ed4,cust_2713e10c7a,633.31,INR,issuer_declined,False,2024-03-05 23:10:39,card,False,ecommerce_one_time
txn_b0c15fc53d,cust_6fde3282eb,73.56,INR,do_not_honor,False,2024-03-02 19:22:06,upi,False,d2c_subscription
txn_196abdce3c,cust_246897ffd4,613.65,INR,insufficient_funds,False,2024-03-02 04:40:58,card,True,d2c_subscription
txn_906dbdb41c,cust_c291ec6d06,2016.45,INR,network_timeout,False,2024-03-10 03:22:23,netbanking,False,ecommerce_one_time
txn_45998755c5,cust_ac80a5c5d7,2992.19,INR,insufficient_funds,False,2024-03-04 09:10:11,card,True,ecommerce_one_time
txn_985e0ff53d,cust_dbcd2cc258,172.35,INR,do_not_honor,False,2024-03-09 22:55:35,card,False,ecommerce_one_time
txn_dee8412139,cust_3b5f80c233,364.15,INR,do_not_honor,False,2024-03-04 04:55:22,card,False,ecommerce_one_time
txn_cd8ef7beef,cust_0a88dfeea0,2157.98,INR,do_not_honor,False,2024-03-02 17:35:52,upi,False,ecommerce_one_time
txn_df90c74297,cust_839673facd,70.84,INR,insufficient_funds,False,2024-03-09 06:15:08,netbanking,False,saas
txn_65c861180f,cust_996a2e4eb9,952.02,INR,insufficient_funds,False,2024-03-07 02:10:01,netbanking,False,saas
txn_bc51648849,cust_c27f4ab716,1371.79,INR,insufficient_funds,False,2024-03-03 08:43:06,card,True,ecommerce_one_time
txn_f05cc1a684,cust_c11e7d00c3,6776.04,INR,issuer_declined,False,2024-03-13 13:40:33,upi,True,d2c_subscription
txn_c42a78b30c,cust_dfcd0376ac,1545.43,INR,insufficient_funds,False,2024-03-12 01:04:55,card,True,saas
txn_515d10e00d,cust_923699b8a4,531.95,INR,card_expired,True,2024-03-06 17:39:31,upi,True,d2c_subscription
txn_c27bee0b9e,cust_7aa37f568c,1908.72,INR,do_not_honor,False,2024-03-12 23:50:09,netbanking,True,d2c_subscription
txn_11ac319240,cust_e29cbc0d01,2280.63,INR,do_not_honor,False,2024-03-04 09:03:57,card,False,ecommerce_one_time
txn_ba820f328c,cust_a349af0cf8,1545.33,INR,issuer_declined,False,2024-03-11 18:29:53,netbanking,False,ecommerce_one_time
txn_dc8fd0b325,cust_e8a0f53da2,1639.88,INR,insufficient_funds,False,2024-03-10 18:29:08,card,True,saas
txn_d0f7337d1c,cust_6ab49227c9,1377.56,INR,do_not_honor,False,2024-03-04 03:36:43,card,True,d2c_subscription
txn_d8184f2fc2,cust_2e89d74b40,1413.15,INR,issuer_declined,False,2024-03-08 02:55:35,card,True,saas
txn_44835cca51,cust_848333691f,1107.23,INR,issuer_declined,False,2024-03-04 10:16:40,netbanking,False,ecommerce_one_time
txn_95cd69e24e,cust_fdbb86d28d,673.09,INR,issuer_declined,False,2024-03-06 17:22:53,card,True,saas
txn_a554aa3a98,cust_2f94137b36,883.85,INR,do_not_honor,False,2024-03-08 07:12:28,upi,True,d2c_subscription
txn_5e78e20128,cust_38270fc594,1859.64,INR,account_closed,True,2024-03-08 08:30:00,card,True,d2c_subscription
txn_388a84dc41,cust_1d1dd3c9d2,98.37,INR,insufficient_funds,False,2024-03-04 06:15:25,upi,False,d2c_subscription
txn_2a98daf1e5,cust_fd5e73d04c,846.91,INR,do_not_honor,False,2024-03-01 12:17:39,upi,True,d2c_subscription
txn_3c22b6c239,cust_27709d7f16,358.31,INR,insufficient_funds,False,2024-03-15 03:49:41,card,True,d2c_subscription
txn_f3b530a01b,cust_8872cdb129,319.7,INR,issuer_declined,False,2024-03-08 09:43:04,upi,True,d2c_subscription
txn_0260745f56,cust_fdaab0f3e6,1686.96,INR,processing_error,False,2024-03-04 12:48:19,upi,True,saas
txn_81ea017726,cust_9b5e8e7a48,1465.27,INR,insufficient_funds,False,2024-03-06 11:49:37,card,True,saas
txn_5556517439,cust_33dccff21a,500.58,INR,do_not_honor,False,2024-03-08 17:22:52,card,True,d2c_subscription
txn_201d93fa4a,cust_cd40ac727d,1557.54,INR,issuer_declined,False,2024-03-04 09:21:15,card,True,saas
txn_99762fae14,cust_312d2a25bd,14868.59,INR,insufficient_funds,False,2024-03-08 22:40:20,netbanking,False,ecommerce_one_time
txn_35cbf1100f,cust_96f561ca96,4598.41,INR,card_expired,True,2024-03-13 14:06:29,upi,False,saas
txn_df4b8d6677,cust_b6c70edf44,2205.66,INR,issuer_declined,False,2024-03-11 16:31:37,upi,False,ecommerce_one_time
txn_cfb534ee25,cust_638698d70b,1663.64,INR,network_timeout,False,2024-03-14 21:14:47,upi,False,saas
txn_439dff02d6,cust_d2a9877118,82.97,INR,issuer_declined,False,2024-03-05 16:05:04,upi,True,ecommerce_one_time
txn_db5b56ffd3,cust_e30cf25004,1448.79,INR,card_expired,True,2024-03-01 21:04:32,card,True,saas
txn_304762718a,cust_fdb1f3067c,217.82,INR,issuer_declined,False,2024-03-10 04:32:41,card,True,d2c_subscription
txn_5c89d5740e,cust_0337cfb953,862.42,INR,issuer_declined,False,2024-03-05 05:57:40,upi,True,saas
txn_dea48c6cba,cust_8d3a9dc941,3434.67,INR,processing_error,False,2024-03-01 17:53:38,card,True,d2c_subscription
txn_437f01bf21,cust_08e3e1d9ae,250.97,INR,issuer_declined,False,2024-03-09 23:51:27,card,True,saas
txn_ab36029d0a,cust_560afec802,825.32,INR,issuer_declined,False,2024-03-03 03:33:09,upi,True,ecommerce_one_time
txn_378e8fb271,cust_66de3568ff,1826.41,INR,account_closed,True,2024-03-15 06:03:48,netbanking,True,d2c_subscription
txn_b79d947cad,cust_aad0434629,1098.86,INR,do_not_honor,False,2024-03-06 00:18:36,upi,True,ecommerce_one_time
txn_450d4189ac,cust_f0ee342eb6,1172.02,INR,processing_error,False,2024-03-13 04:05:23,card,False,d2c_subscription
txn_a0b96c4a39,cust_99cb8a6a54,78.45,INR,processing_error,False,2024-03-04 13:24:41,netbanking,True,d2c_subscription
txn_8f06f79d4e,cust_b41d0c2a19,1071.38,INR,network_timeout,False,2024-03-15 08:43:30,card,True,ecommerce_one_time
txn_4801b5edc1,cust_299aea3756,2968.08,INR,network_timeout,False,2024-03-03 20:10:40,card,True,saas
txn_8e36dc13f4,cust_4121053ea5,1270.21,INR,do_not_honor,False,2024-03-09 22:47:26,netbanking,True,d2c_subscription
txn_00c13d6ba2,cust_8ebf3a8a9e,1891.65,INR,issuer_declined,False,2024-03-12 04:23:27,upi,False,saas
txn_dcbc0004e8,cust_1acd54ac3e,1269.33,INR,insufficient_funds,False,2024-03-07 17:34:07,netbanking,True,d2c_subscription
txn_788fb2bb78,cust_d9d4338065,481.3,INR,do_not_honor,False,2024-03-01 15:28:12,upi,False,saas
txn_112a87a170,cust_9d359b2f09,234.45,INR,network_timeout,False,2024-03-13 06:02:39,upi,True,d2c_subscription
txn_045d39750c,cust_c27f4ab716,1902.84,INR,issuer_declined,False,2024-03-11 03:49:33,card,True,d2c_subscription
txn_cdccfc7d8f,cust_653a16e3ba,207.05,INR,insufficient_funds,False,2024-03-06 13:00:29,card,True,d2c_subscription
txn_7ea0593e8a,cust_b79b41a7fb,119.73,INR,issuer_declined,False,2024-03-14 04:30:19,netbanking,True,saas
txn_45c3f48629,cust_5f0e710ee0,3578.89,INR,do_not_honor,False,2024-03-02 03:22:30,netbanking,True,d2c_subscription
txn_bca64eff42,cust_6ec55b7410,390.08,INR,network_timeout,False,2024-03-08 04:03:48,card,True,ecommerce_one_time
txn_ff7c266b54,cust_33dccff21a,648.16,INR,insufficient_funds,False,2024-03-01 15:12:32,card,False,saas
txn_2d2c52b847,cust_42476447bb,111.98,INR,do_not_honor,False,2024-03-09 16:30:36,card,True,saas
txn_82ed6f3a34,cust_360a2a7239,969.66,INR,processing_error,False,2024-03-03 20:03:22,card,False,ecommerce_one_time
txn_4d6a371f74,cust_6ea2fac2b9,2273.97,INR,card_expired,True,2024-03-10 20:49:31,netbanking,False,ecommerce_one_time
txn_c80f467b2b,cust_8002902885,2669.03,INR,insufficient_funds,False,2024-03-09 06:51:19,card,True,saas
txn_b835895ec1,cust_400b29a45b,2654.06,INR,card_expired,True,2024-03-10 15:28:00,card,True,d2c_subscription
txn_c330e93df5,cust_d2eb0273db,409.86,INR,do_not_honor,False,2024-03-07 20:04:14,netbanking,True,saas
txn_e35ae26797,cust_76516c21f7,571.29,INR,processing_error,False,2024-03-12 08:57:29,card,True,ecommerce_one_time
txn_79977bdd57,cust_cedbeb64bf,643.72,INR,insufficient_funds,False,2024-03-08 10:53:20,card,True,d2c_subscription
txn_f09c16a63f,cust_f1dd7ac087,439.33,INR,do_not_honor,False,2024-03-03 17:45:44,card,True,d2c_subscription
txn_d640b0a2fc,cust_252fb524ef,4391.29,INR,do_not_honor,False,2024-03-13 07:41:46,card,False,saas
txn_993df80ab1,cust_cfd6030fae,1309.96,INR,issuer_declined,False,2024-03-04 09:35:20,card,True,d2c_subscription
txn_0f51cf5ae7,cust_61254bbb92,49.74,INR,issuer_declined,False,2024-03-03 12:55:01,card,False,saas
txn_1fbe6e9785,cust_e6ae61fccd,88.05,INR,do_not_honor,False,2024-03-15 00:17:11,card,False,ecommerce_one_time
txn_ace483495b,cust_cfa86c33b8,640.04,INR,do_not_honor,False,2024-03-06 00:56:04,card,True,d2c_subscription
txn_336e8f7d0f,cust_02f695fb79,252.53,INR,insufficient_funds,False,2024-03-08 16:59:22,card,False,d2c_subscription
txn_ddb5ad7a49,cust_2ec8373d9d,710.15,INR,issuer_declined,False,2024-03-06 13:39:14,card,False,ecommerce_one_time
txn_b725782cbe,cust_a349af0cf8,1397.98,INR,insufficient_funds,False,2024-03-11 08:59:54,netbanking,True,saas
txn_b7ea0ae8cc,cust_6678eae6f7,245.15,INR,card_expired,True,2024-03-12 09:58:08,card,True,saas
txn_883e5af1e0,cust_8e79ab16a1,3638.11,INR,card_stolen,True,2024-03-11 11:33:13,card,True,d2c_subscription
txn_8a3bcc7e23,cust_e80cf72167,68.46,INR,issuer_declined,False,2024-03-13 08:32:19,netbanking,False,ecommerce_one_time
txn_c91a39b9fa,cust_32a26d2ab9,514.93,INR,insufficient_funds,False,2024-03-09 19:45:27,card,True,saas
txn_bdceafe365,cust_4514a8eb50,1143.65,INR,insufficient_funds,False,2024-03-03 06:39:48,card,False,ecommerce_one_time
txn_3da714ee10,cust_33dccff21a,489.03,INR,issuer_declined,False,2024-03-04 14:22:41,netbanking,True,d2c_subscription
txn_7f09095876,cust_6f600342f4,4337.69,INR,network_timeout,False,2024-03-12 23:43:01,upi,True,d2c_subscription
txn_d2300f3dc8,cust_0f4053b23c,422.13,INR,do_not_honor,False,2024-03-07 16:28:08,card,True,d2c_subscription
txn_cb508a2e49,cust_13a8fa0f56,745.98,INR,insufficient_funds,False,2024-03-14 11:13:51,upi,True,saas
txn_557a820d8f,cust_2f94137b36,1293.4,INR,insufficient_funds,False,2024-03-14 16:00:07,upi,True,saas
txn_5ea40cde07,cust_077251b505,1377.81,INR,insufficient_funds,False,2024-03-06 17:47:48,card,False,ecommerce_one_time
txn_a45b27ec31,cust_b8050787dc,1602.79,INR,network_timeout,False,2024-03-11 06:21:13,card,True,d2c_subscription
txn_6f5b4afbbf,cust_5f6ff6e155,445.3,INR,do_not_honor,False,2024-03-05 15:20:27,card,True,d2c_subscription
txn_c0baca97a3,cust_5e0f676627,606.61,INR,do_not_honor,False,2024-03-13 07:36:55,upi,True,ecommerce_one_time
txn_e73a396472,cust_38270fc594,131.18,INR,issuer_declined,False,2024-03-13 19:48:25,card,True,saas
txn_7c2092263f,cust_8f92f6b08d,2553.3,INR,card_expired,True,2024-03-05 11:44:38,card,False,d2c_subscription
txn_f6945005be,cust_5efede095c,404.76,INR,issuer_declined,False,2024-03-12 14:29:43,card,True,saas
txn_1ad6795338,cust_1222fef81b,563.98,INR,network_timeout,False,2024-03-14 16:27:33,netbanking,True,saas
txn_5f499eb0e9,cust_2d418afd1f,679.36,INR,network_timeout,False,2024-03-04 10:58:32,card,False,ecommerce_one_time
txn_76c5eaca91,cust_4945298f92,818.46,INR,do_not_honor,False,2024-03-05 14:59:16,card,False,ecommerce_one_time
txn_faa7a305de,cust_29669b8550,233.87,INR,network_timeout,False,2024-03-02 11:39:34,card,True,saas
txn_c9c187630b,cust_4a67013dcb,344.43,INR,insufficient_funds,False,2024-03-07 02:43:39,upi,False,ecommerce_one_time
txn_8a034e4625,cust_6ab49227c9,493.9,INR,processing_error,False,2024-03-08 19:54:00,card,True,saas
txn_74a9598a25,cust_790bef348a,452.75,INR,insufficient_funds,False,2024-03-06 02:44:12,netbanking,False,ecommerce_one_time
txn_751fcc75f9,cust_4fadd1ca2e,535.62,INR,issuer_declined,False,2024-03-04 09:53:11,card,False,ecommerce_one_time
txn_5cbccc4d3b,cust_42450d3899,104.34,INR,insufficient_funds,False,2024-03-06 16:35:27,card,False,saas
txn_faf2f06ba5,cust_8e79ab16a1,5584.33,INR,insufficient_funds,False,2024-03-11 00:40:54,card,True,d2c_subscription
txn_286deea1ef,cust_c2d2c04d93,605.32,INR,insufficient_funds,False,2024-03-03 01:02:02,card,False,ecommerce_one_time
txn_7e61b6d659,cust_9ddbc6668b,1178.93,INR,issuer_declined,False,2024-03-05 15:42:49,card,True,saas
txn_738ee694d5,cust_d8b95d6127,219.02,INR,do_not_honor,False,2024-03-03 05:13:34,upi,True,saas
txn_70ebd31f4e,cust_33ea4c11f9,298.65,INR,issuer_declined,False,2024-03-07 16:46:27,card,True,d2c_subscription
txn_53df164f54,cust_296d843199,533.45,INR,issuer_declined,False,2024-03-09 04:49:52,upi,False,saas
txn_f9a2efd4d9,cust_e242d3321d,1433.82,INR,account_closed,True,2024-03-03 16:40:53,card,True,saas
txn_f161d93656,cust_de45ce6e64,238.11,INR,card_expired,True,2024-03-06 22:29:48,upi,True,saas
txn_e51ce591b7,cust_9571973fd4,1822.58,INR,insufficient_funds,False,2024-03-04 15:17:51,card,True,d2c_subscription
txn_1c71ef1de0,cust_848333691f,1755.05,INR,issuer_declined,False,2024-03-03 00:58:56,card,True,saas
txn_ffb79f3136,cust_e0172cbef4,972.85,INR,processing_error,False,2024-03-11 12:31:50,card,True,d2c_subscription
txn_6fe47dcdc4,cust_ce7e12b24f,641.01,INR,processing_error,False,2024-03-12 19:09:06,netbanking,True,saas
txn_2c6eb0f89b,cust_bd65c4e738,89.79,INR,issuer_declined,False,2024-03-13 09:46:59,netbanking,True,saas
txn_48ef629e90,cust_7c234829f9,7441.08,INR,processing_error,False,2024-03-07 02:26:01,upi,True,d2c_subscription
txn_2c719043b8,cust_9a9221b4e6,1696.29,INR,insufficient_funds,False,2024-03-04 04:37:39,netbanking,True,saas
txn_ac518e0acf,cust_20622a1a5f,1145.49,INR,issuer_declined,False,2024-03-01 19:59:48,card,True,d2c_subscription
txn_b1ff09aa02,cust_c46d69ef7e,353.89,INR,processing_error,False,2024-03-15 00:58:55,card,True,d2c_subscription
txn_90af8caf27,cust_8f4760b8c3,230.96,INR,do_not_honor,False,2024-03-15 11:26:25,card,False,d2c_subscription
txn_1fddae240d,cust_52f961f395,4262.29,INR,network_timeout,False,2024-03-05 23:50:35,netbanking,True,saas
txn_2be083d6f5,cust_1ce8b1dccc,725.06,INR,insufficient_funds,False,2024-03-11 17:25:35,card,False,ecommerce_one_time
txn_5b55ec4561,cust_6c5398a911,733.06,INR,insufficient_funds,False,2024-03-08 20:05:35,card,True,saas
txn_62d5ace560,cust_b65ae7dfe6,585.07,INR,insufficient_funds,False,2024-03-14 09:33:13,upi,False,ecommerce_one_time
txn_924a42603c,cust_4e6aa8f9a3,339.89,INR,insufficient_funds,False,2024-03-14 10:41:58,card,True,saas
txn_f04f263d14,cust_826d36d52a,980.95,INR,insufficient_funds,False,2024-03-08 02:33:35,upi,False,saas
txn_1950b29ebd,cust_3483eb8dd7,1455.4,INR,do_not_honor,False,2024-03-05 20:38:37,card,True,d2c_subscription
txn_d2c0a00241,cust_51e104cbd5,97.59,INR,do_not_honor,False,2024-03-03 02:13:24,upi,True,saas
txn_36d5801276,cust_a0aa60e816,3932.72,INR,processing_error,False,2024-03-08 17:45:16,netbanking,True,d2c_subscription
txn_4f03734c25,cust_cedbeb64bf,1189.11,INR,issuer_declined,False,2024-03-06 11:05:27,upi,False,ecommerce_one_time
txn_f68f175bac,cust_848333691f,77.0,INR,insufficient_funds,False,2024-03-03 11:00:22,card,False,ecommerce_one_time
txn_65968636f5,cust_0a63b124cb,615.49,INR,processing_error,False,2024-03-09 10:53:36,card,False,d2c_subscription
txn_1aa17c3578,cust_abdc1ac395,2029.02,INR,insufficient_funds,False,2024-03-12 13:53:59,card,True,ecommerce_one_time
txn_ccdc5e613c,cust_6bba92fa49,904.55,INR,network_timeout,False,2024-03-03 22:39:35,card,False,d2c_subscription
txn_c0e06586ab,cust_2dbe5a771e,358.34,INR,insufficient_funds,False,2024-03-15 11:13:39,upi,True,saas
txn_eb3787f52d,cust_9ace8e1ce6,630.93,INR,do_not_honor,False,2024-03-11 15:16:34,card,False,ecommerce_one_time
txn_ac53249ba7,cust_a11e03b01a,226.5,INR,network_timeout,False,2024-03-13 16:09:24,card,True,saas
txn_498d5fa49f,cust_c7e5d2df47,8674.52,INR,do_not_honor,False,2024-03-06 11:47:21,card,True,saas
txn_acd13ee3ae,cust_073c81c7d9,1172.42,INR,do_not_honor,False,2024-03-11 17:24:40,netbanking,True,saas
txn_719bdc669c,cust_82839d7410,58.01,INR,processing_error,False,2024-03-10 16:18:58,card,True,saas
txn_af300e47e7,cust_8a88577df5,394.43,INR,insufficient_funds,False,2024-03-06 08:50:46,card,True,saas
txn_1fe96810b0,cust_e1b8a4e49f,193.83,INR,processing_error,False,2024-03-11 08:28:01,card,True,saas
txn_7165faceff,cust_d7f88c1c85,465.57,INR,network_timeout,False,2024-03-10 10:09:07,card,True,d2c_subscription
txn_0f5e31b1be,cust_1acd54ac3e,5373.07,INR,card_stolen,True,2024-03-08 12:16:24,netbanking,False,ecommerce_one_time
txn_083ab6a656,cust_54b0a688b5,750.72,INR,issuer_declined,False,2024-03-13 20:16:09,card,False,ecommerce_one_time
txn_0a9701e465,cust_19eac84e5f,174.7,INR,issuer_declined,False,2024-03-02 09:46:58,upi,True,saas
txn_d47f097405,cust_3f46424042,910.59,INR,processing_error,False,2024-03-01 18:11:29,upi,True,saas
txn_d5a4b19b11,cust_4a67013dcb,581.3,INR,do_not_honor,False,2024-03-05 12:25:39,upi,True,d2c_subscription
txn_fe3a0bab75,cust_99b22e2140,750.78,INR,insufficient_funds,False,2024-03-13 23:38:09,upi,True,saas
txn_8a4fed6bfd,cust_89e9f1b994,507.76,INR,insufficient_funds,False,2024-03-08 21:15:53,upi,True,saas
txn_4916ac425f,cust_ec6308fdd2,157.88,INR,insufficient_funds,False,2024-03-10 12:40:47,card,False,d2c_subscription
txn_d4976fdb4e,cust_a16791a96d,171.34,INR,issuer_declined,False,2024-03-13 04:06:15,card,False,ecommerce_one_time
txn_be6c38dda0,cust_9a9221b4e6,4965.24,INR,insufficient_funds,False,2024-03-03 05:27:40,upi,True,saas
txn_21dbe7e62d,cust_a3998353a8,5134.09,INR,insufficient_funds,False,2024-03-09 16:33:00,upi,True,d2c_subscription
txn_9a8b63df27,cust_5d17fb3fb8,1629.24,INR,insufficient_funds,False,2024-03-06 08:43:17,card,False,d2c_subscription
txn_ca29ce3e57,cust_f7448e222b,12124.02,INR,card_expired,True,2024-03-05 19:46:42,card,False,ecommerce_one_time
txn_a951cb4351,cust_a24339bc70,589.43,INR,insufficient_funds,False,2024-03-11 00:32:53,card,True,saas
txn_8d52f845f6,cust_826d36d52a,292.97,INR,insufficient_funds,False,2024-03-10 14:51:19,card,False,ecommerce_one_time
txn_1de7bc506d,cust_768008ad9e,776.33,INR,issuer_declined,False,2024-03-01 21:57:49,card,False,ecommerce_one_time
txn_0ad1484976,cust_6f21fd00cc,487.78,INR,insufficient_funds,False,2024-03-03 22:56:10,card,True,saas
txn_b7d594ad69,cust_5f43b85dc6,13208.71,INR,card_stolen,True,2024-03-08 11:37:52,card,True,d2c_subscription
txn_c550bd3d81,cust_cd40ac727d,417.52,INR,card_expired,True,2024-03-08 00:43:13,upi,False,d2c_subscription
txn_dd4bf06e3b,cust_78705dcdc5,315.37,INR,issuer_declined,False,2024-03-15 09:16:31,upi,True,saas
txn_ac872a1bd9,cust_e26dfac9a2,1279.39,INR,issuer_declined,False,2024-03-12 15:22:24,upi,True,d2c_subscription
txn_3860a95930,cust_6ab49227c9,396.54,INR,issuer_declined,False,2024-03-15 09:55:45,upi,False,d2c_subscription
txn_80ea7f2b96,cust_ebb75e3130,2428.76,INR,insufficient_funds,False,2024-03-04 05:12:23,card,False,ecommerce_one_time
txn_9b833ea840,cust_95d7c94871,758.12,INR,issuer_declined,False,2024-03-02 07:49:16,card,False,saas
txn_c325d3a0f2,cust_ccc01d96e3,2046.61,INR,insufficient_funds,False,2024-03-13 05:30:41,upi,False,d2c_subscription
txn_12ed7b3b93,cust_8878d68ee6,2046.93,INR,insufficient_funds,False,2024-03-11 13:31:24,upi,True,saas
txn_a4c645aec0,cust_1d1dd3c9d2,561.52,INR,do_not_honor,False,2024-03-10 13:38:23,upi,True,d2c_subscription
txn_d1d9839b7f,cust_4fadd1ca2e,299.92,INR,insufficient_funds,False,2024-03-04 03:08:47,upi,True,d2c_subscription
txn_488c2a971e,cust_f867914245,220.55,INR,insufficient_funds,False,2024-03-09 19:09:38,upi,False,d2c_subscription
txn_92b17f0ad4,cust_81730c1a7d,175.11,INR,do_not_honor,False,2024-03-14 21:21:50,upi,False,d2c_subscription
txn_3f297b8214,cust_afb9a0bfe8,1009.12,INR,issuer_declined,False,2024-03-07 07:09:13,upi,False,saas
txn_96f74e9cfc,cust_caf004b8f6,922.27,INR,insufficient_funds,False,2024-03-13 10:38:10,upi,True,saas
txn_70eb36b8ad,cust_5ebd717e21,807.19,INR,insufficient_funds,False,2024-03-06 11:13:28,card,True,d2c_subscription
txn_8d8ade87a9,cust_ba2e6156f6,10592.86,INR,insufficient_funds,False,2024-03-03 12:07:20,card,True,saas
txn_b43c49cc75,cust_33ea4c11f9,681.81,INR,insufficient_funds,False,2024-03-14 13:15:59,card,False,ecommerce_one_time
txn_2ebd3a8e3f,cust_942772ab05,156.06,INR,network_timeout,False,2024-03-01 13:59:08,card,True,d2c_subscription
txn_9e0c097655,cust_e3395c456e,538.68,INR,card_expired,True,2024-03-06 05:10:44,upi,False,ecommerce_one_time
txn_3a329275c2,cust_6bba92fa49,921.7,INR,issuer_declined,False,2024-03-14 18:33:15,card,True,saas
txn_af411f94b7,cust_bf2c7e310e,2078.2,INR,issuer_declined,False,2024-03-12 10:04:40,card,True,d2c_subscription
txn_299e887005,cust_7a9b8cbf54,1735.15,INR,processing_error,False,2024-03-13 03:40:27,upi,True,saas
txn_841bd690fe,cust_3f46424042,365.17,INR,do_not_honor,False,2024-03-03 03:05:26,card,False,ecommerce_one_time
txn_d7eda20dcb,cust_7c234829f9,620.72,INR,insufficient_funds,False,2024-03-05 09:06:06,upi,True,d2c_subscription
txn_6034c9fd0e,cust_c475b9b83b,438.24,INR,insufficient_funds,False,2024-03-10 06:41:28,card,False,d2c_subscription
txn_d16056b3a4,cust_2ec8373d9d,207.84,INR,issuer_declined,False,2024-03-08 02:05:14,card,False,d2c_subscription
txn_9173b1448a,cust_fd4c0ff868,882.2,INR,do_not_honor,False,2024-03-10 14:56:37,card,True,saas
txn_d16b559171,cust_a62c691459,1423.4,INR,insufficient_funds,False,2024-03-09 19:35:44,card,False,d2c_subscription
txn_c679549e25,cust_20622a1a5f,117.2,INR,issuer_declined,False,2024-03-06 13:35:28,card,True,ecommerce_one_time
txn_6ed81db811,cust_ae632f63fb,1159.63,INR,issuer_declined,False,2024-03-12 18:39:33,card,True,saas
txn_908eb36368,cust_8a2e6f2a05,2819.56,INR,insufficient_funds,False,2024-03-04 20:44:31,card,False,ecommerce_one_time
txn_287305fae0,cust_2d418afd1f,832.85,INR,issuer_declined,False,2024-03-02 06:20:02,card,False,ecommerce_one_time
txn_93ab38bc35,cust_eface3a8b1,4046.6,INR,processing_error,False,2024-03-01 20:43:33,upi,True,ecommerce_one_time
txn_5d5a1321fe,cust_ed965a0600,2443.72,INR,do_not_honor,False,2024-03-13 02:07:04,card,False,ecommerce_one_time
txn_8a8b51cc47,cust_1222fef81b,190.54,INR,insufficient_funds,False,2024-03-09 17:39:13,card,True,saas
txn_234086aa3b,cust_8002902885,2860.31,INR,insufficient_funds,False,2024-03-11 18:52:35,card,True,d2c_subscription
txn_3406507a4c,cust_69081fc84d,2455.05,INR,network_timeout,False,2024-03-06 14:39:06,netbanking,True,saas
txn_ec5d0af12e,cust_503d966dda,1056.14,INR,issuer_declined,False,2024-03-10 23:02:09,upi,False,ecommerce_one_time
txn_33836ab5dd,cust_40bb04658c,2339.58,INR,insufficient_funds,False,2024-03-09 23:23:39,netbanking,False,saas
txn_36843a310d,cust_ce7e12b24f,60.1,INR,insufficient_funds,False,2024-03-13 13:26:10,netbanking,False,ecommerce_one_time
txn_576f204ffc,cust_d924ea0634,7110.46,INR,network_timeout,False,2024-03-07 15:51:20,card,True,saas
txn_a1ee61fae7,cust_f944cf24db,1913.51,INR,processing_error,False,2024-03-07 23:49:33,upi,True,saas
txn_1746bf8915,cust_005638b840,1168.89,INR,network_timeout,False,2024-03-07 18:40:06,card,True,saas
txn_52e5752e51,cust_680fbe5919,1671.52,INR,do_not_honor,False,2024-03-10 17:18:54,netbanking,True,d2c_subscription
txn_1db6fde7a6,cust_189a126936,355.22,INR,issuer_declined,False,2024-03-04 22:02:16,card,True,saas
txn_2a87cd8f35,cust_368d3b7e8b,1074.37,INR,issuer_declined,False,2024-03-06 23:45:48,card,True,saas
txn_768d42f3c7,cust_7baf31816c,501.38,INR,insufficient_funds,False,2024-03-13 00:41:16,netbanking,False,saas
txn_903436ef18,cust_cd3b0da2ef,753.51,INR,processing_error,False,2024-03-10 08:23:59,netbanking,True,saas
txn_dd22b635d9,cust_704ebe1690,223.15,INR,do_not_honor,False,2024-03-06 06:00:34,netbanking,True,ecommerce_one_time
txn_2c2f230789,cust_560afec802,195.89,INR,insufficient_funds,False,2024-03-13 20:52:55,card,True,d2c_subscription
txn_d164abafda,cust_fb2184f55a,306.69,INR,network_timeout,False,2024-03-10 13:39:19,card,False,saas
txn_739b3df853,cust_3ceba8e32c,4872.48,INR,issuer_declined,False,2024-03-03 06:48:27,card,True,saas
txn_ba251eaefb,cust_123eea6088,1376.08,INR,insufficient_funds,False,2024-03-09 07:34:15,card,False,saas
txn_ed986497a1,cust_6f29d8f859,171.3,INR,issuer_declined,False,2024-03-08 08:45:25,card,True,saas
txn_0578ab6f58,cust_b143ef2197,1951.81,INR,network_timeout,False,2024-03-05 23:02:06,card,True,saas
txn_a3a1e5c831,cust_fb2184f55a,1121.42,INR,card_expired,True,2024-03-10 23:51:30,upi,True,saas
txn_30ce636c2f,cust_82839d7410,1625.4,INR,do_not_honor,False,2024-03-03 22:18:38,card,True,saas
txn_a3b21f0551,cust_18dd026f5c,741.63,INR,card_stolen,True,2024-03-15 06:30:06,upi,True,saas
txn_e2c9ef140c,cust_1c24ec4f8a,3767.1,INR,network_timeout,False,2024-03-08 21:11:24,netbanking,False,ecommerce_one_time
txn_dbb1bbe031,cust_28fd385402,4732.25,INR,network_timeout,False,2024-03-07 03:07:25,upi,True,saas
txn_461fc7b75c,cust_6aeaa52a0b,1054.29,INR,network_timeout,False,2024-03-12 03:40:52,card,True,d2c_subscription
txn_89739f72cf,cust_17e0be3b11,2715.27,INR,issuer_declined,False,2024-03-04 13:04:43,card,True,d2c_subscription
txn_e7b39f5860,cust_0b3fe6cced,160.82,INR,processing_error,False,2024-03-14 09:18:34,card,True,ecommerce_one_time
txn_aad5a4d596,cust_1ce8b1dccc,2034.75,INR,do_not_honor,False,2024-03-06 09:34:46,upi,True,saas
txn_7c796b88dd,cust_320604fb0e,383.81,INR,processing_error,False,2024-03-06 15:11:19,card,True,ecommerce_one_time
txn_1a1126e66b,cust_10f26a8a75,334.05,INR,insufficient_funds,False,2024-03-04 11:19:35,card,True,ecommerce_one_time
txn_97695e083f,cust_c56faf17f2,18669.49,INR,processing_error,False,2024-03-12 14:25:36,netbanking,False,ecommerce_one_time
txn_3db58b2aad,cust_bca8f946f6,573.62,INR,card_stolen,True,2024-03-13 07:55:30,upi,True,ecommerce_one_time
txn_ad1434fe0b,cust_f0f8fb3d4a,1566.23,INR,issuer_declined,False,2024-03-07 08:57:14,netbanking,True,saas
txn_fa6b6dd763,cust_17527de511,393.39,INR,account_closed,True,2024-03-01 21:30:29,card,False,ecommerce_one_time
txn_03e2748c4b,cust_bf2c7e310e,1847.29,INR,issuer_declined,False,2024-03-04 12:15:23,netbanking,True,ecommerce_one_time
txn_497c8c392b,cust_7f3b2cb4fd,252.16,INR,insufficient_funds,False,2024-03-12 12:59:32,card,True,saas
txn_5b67286479,cust_ce2b76b982,2813.64,INR,insufficient_funds,False,2024-03-09 18:56:57,card,True,saas
txn_0b098d2df7,cust_82839d7410,656.17,INR,network_timeout,False,2024-03-11 18:21:44,netbanking,False,ecommerce_one_time
txn_014a75c8a6,cust_286162e0e6,1525.98,INR,do_not_honor,False,2024-03-04 13:57:49,netbanking,True,saas
txn_13cc771972,cust_5bc1bd9c28,1536.84,INR,issuer_declined,False,2024-03-08 07:51:27,card,False,ecommerce_one_time
txn_2a42022338,cust_c46d69ef7e,222.09,INR,do_not_honor,False,2024-03-09 09:00:46,card,True,d2c_subscription
txn_da45b1a41b,cust_c2f64d623a,507.59,INR,issuer_declined,False,2024-03-15 10:15:16,card,False,d2c_subscription
txn_73d8db26e1,cust_dd6a2b4e3a,1204.91,INR,issuer_declined,False,2024-03-06 15:04:58,upi,True,saas
txn_df71268a0a,cust_34c1fdef31,4165.82,INR,network_timeout,False,2024-03-09 07:20:15,netbanking,True,d2c_subscription
txn_488961efe1,cust_a1cd70f74e,696.27,INR,processing_error,False,2024-03-14 22:40:28,card,True,d2c_subscription
txn_3a477395d6,cust_259bbb3ed2,1189.34,INR,processing_error,False,2024-03-12 18:14:11,card,True,ecommerce_one_time
txn_5756d2bdd2,cust_46600d490f,305.12,INR,do_not_honor,False,2024-03-05 07:54:44,upi,True,saas
txn_0e8a51e59c,cust_2f39b91868,151.91,INR,account_closed,True,2024-03-05 00:19:48,upi,True,saas
txn_48233cf3c8,cust_d3128defaa,145.06,INR,insufficient_funds,False,2024-03-08 14:05:16,card,False,saas
txn_cc12c2d3e6,cust_54b0a688b5,343.0,INR,insufficient_funds,False,2024-03-04 21:23:42,upi,False,saas
txn_7de5087bd0,cust_46c6dd4b0f,134.83,INR,insufficient_funds,False,2024-03-05 03:54:26,netbanking,True,ecommerce_one_time
txn_b6704eb738,cust_aa056f581c,906.62,INR,do_not_honor,False,2024-03-06 21:06:48,card,False,saas
txn_a2c3ea7355,cust_ee2490814b,1868.49,INR,do_not_honor,False,2024-03-12 13:57:47,upi,True,saas
txn_e0c158bb9b,cust_c56dfc09e0,1991.1,INR,processing_error,False,2024-03-09 14:18:50,upi,False,ecommerce_one_time
txn_4c1f69358c,cust_3f46424042,1638.71,INR,issuer_declined,False,2024-03-04 01:41:47,card,False,saas
txn_1f86b0bd46,cust_32ad247268,178.27,INR,insufficient_funds,False,2024-03-11 03:45:41,netbanking,True,saas
txn_44937ed9ff,cust_36fb0749a3,133.2,INR,processing_error,False,2024-03-06 06:12:44,upi,True,d2c_subscription
txn_caf104f089,cust_72f047d5a3,3398.89,INR,account_closed,True,2024-03-03 21:58:22,card,True,saas
txn_ca08222683,cust_d8d64b73e4,187.31,INR,issuer_declined,False,2024-03-08 00:49:43,card,False,ecommerce_one_time
txn_cef308dcae,cust_834b9ce52c,1382.11,INR,insufficient_funds,False,2024-03-08 09:37:00,upi,False,d2c_subscription
txn_58c1b0f21d,cust_f7e074cbd6,718.21,INR,issuer_declined,False,2024-03-12 20:57:23,card,True,saas
txn_167adea9b9,cust_848333691f,130.94,INR,issuer_declined,False,2024-03-08 13:11:14,card,True,d2c_subscription
txn_ac24ceeabb,cust_8a88577df5,745.97,INR,insufficient_funds,False,2024-03-14 21:57:16,card,False,ecommerce_one_time
txn_89bef2ad27,cust_5ce61c8bde,232.79,INR,issuer_declined,False,2024-03-13 21:53:12,upi,True,saas
txn_f211878524,cust_93a74129ce,1830.73,INR,processing_error,False,2024-03-07 21:54:04,netbanking,True,d2c_subscription
txn_918030a67e,cust_223a2982ae,1325.74,INR,issuer_declined,False,2024-03-12 10:37:24,upi,False,d2c_subscription
txn_0e71360e5b,cust_768008ad9e,88.16,INR,issuer_declined,False,2024-03-10 15:16:21,netbanking,True,d2c_subscription
txn_24042eeecc,cust_d6dea2a4cd,405.97,INR,insufficient_funds,False,2024-03-10 10:52:33,card,False,d2c_subscription
txn_5aa8fed254,cust_54b0a688b5,263.48,INR,card_expired,True,2024-03-08 20:59:43,card,True,saas
txn_8291a6b0ad,cust_1b4a536b10,145.23,INR,issuer_declined,False,2024-03-05 17:11:08,netbanking,True,d2c_subscription
txn_6ebb1617aa,cust_17527de511,286.86,INR,issuer_declined,False,2024-03-09 06:07:02,card,True,saas
txn_a7bd4bb63e,cust_9496ed8288,969.95,INR,insufficient_funds,False,2024-03-03 15:59:21,upi,True,d2c_subscription
txn_3a074d681b,cust_840a839632,296.91,INR,processing_error,False,2024-03-08 17:59:12,card,False,d2c_subscription
txn_67c0d8e095,cust_079d55e83b,587.15,INR,network_timeout,False,2024-03-01 14:23:57,card,True,saas
txn_6fa3e93922,cust_04cc7ee53a,618.94,INR,insufficient_funds,False,2024-03-01 12:10:32,upi,True,saas
txn_f20fef77f2,cust_23ab9c7226,566.2,INR,insufficient_funds,False,2024-03-09 12:22:59,card,False,ecommerce_one_time
txn_7b17d7e862,cust_790bef348a,735.92,INR,insufficient_funds,False,2024-03-04 18:47:37,card,False,saas
txn_61aba38d2c,cust_bf58fa2512,794.24,INR,do_not_honor,False,2024-03-09 03:43:25,card,True,saas
txn_54db2977aa,cust_cf53d45b86,93.39,INR,card_expired,True,2024-03-03 05:56:58,card,True,saas
txn_032cdca630,cust_b0a5e8bed8,1216.16,INR,issuer_declined,False,2024-03-04 18:36:14,card,True,d2c_subscription
txn_bdada3cc00,cust_c9c73c9345,254.2,INR,issuer_declined,False,2024-03-10 18:17:47,netbanking,False,saas
txn_1d82ed97e8,cust_5b571b4898,6225.58,INR,processing_error,False,2024-03-11 00:04:04,card,True,ecommerce_one_time
txn_86c8c1f259,cust_d12116888f,281.21,INR,processing_error,False,2024-03-03 04:03:53,netbanking,True,d2c_subscription
txn_ba33c14ea3,cust_69ac884a82,576.75,INR,insufficient_funds,False,2024-03-07 22:23:10,upi,True,saas
txn_760cb2f460,cust_94f7ade4a3,2282.59,INR,insufficient_funds,False,2024-03-05 18:33:19,card,True,d2c_subscription
txn_95e461f3ed,cust_17360b6720,908.89,INR,issuer_declined,False,2024-03-06 00:31:20,card,True,saas
txn_705697e953,cust_a41839c128,467.09,INR,processing_error,False,2024-03-13 04:16:17,netbanking,True,saas
txn_e7742ab9d6,cust_3674315a87,1951.6,INR,processing_error,False,2024-03-12 04:37:13,upi,True,d2c_subscription
txn_fb9ef721fa,cust_9a9221b4e6,711.53,INR,processing_error,False,2024-03-02 21:28:23,netbanking,True,saas
txn_380dccedcc,cust_0b3fe6cced,7394.7,INR,network_timeout,False,2024-03-11 14:03:28,card,False,ecommerce_one_time
txn_56e1edca6d,cust_f7e074cbd6,134.97,INR,insufficient_funds,False,2024-03-03 08:12:17,upi,True,d2c_subscription
txn_39e16f0a51,cust_7566735ea6,77.87,INR,issuer_declined,False,2024-03-10 12:19:12,upi,True,saas
txn_b33df6d39d,cust_7f2414746c,1751.37,INR,insufficient_funds,False,2024-03-03 15:32:13,netbanking,False,ecommerce_one_time
txn_d03e134083,cust_c2e5b10a6d,2268.51,INR,network_timeout,False,2024-03-07 09:53:53,card,False,d2c_subscription
txn_0891bf41f5,cust_78705dcdc5,1425.88,INR,do_not_honor,False,2024-03-14 02:38:13,netbanking,True,saas
txn_35169bd208,cust_638698d70b,120.29,INR,issuer_declined,False,2024-03-11 17:08:26,card,False,d2c_subscription
txn_78b6c7fa9c,cust_c27f4ab716,322.24,INR,insufficient_funds,False,2024-03-02 03:54:06,netbanking,False,ecommerce_one_time
txn_d77aa4a640,cust_67eeaad87d,891.66,INR,processing_error,False,2024-03-12 14:03:21,card,True,d2c_subscription
txn_a6b7bd25c3,cust_ec6308fdd2,1253.16,INR,processing_error,False,2024-03-12 07:32:40,upi,False,d2c_subscription
txn_71aa36b9a5,cust_4a67013dcb,629.25,INR,processing_error,False,2024-03-13 09:45:55,card,True,d2c_subscription
txn_ed200a6a43,cust_a6329270db,757.33,INR,insufficient_funds,False,2024-03-06 23:10:09,upi,True,saas
txn_bb6de1e291,cust_103f9d1fae,374.85,INR,card_expired,True,2024-03-04 04:04:19,card,False,saas
txn_26f1fcf986,cust_f81f4a85f0,477.67,INR,processing_error,False,2024-03-02 09:25:59,card,True,d2c_subscription
txn_83050da4d5,cust_32ad247268,902.91,INR,processing_error,False,2024-03-03 02:18:49,upi,False,ecommerce_one_time
txn_52ed5dedf0,cust_ba2e6156f6,3238.72,INR,processing_error,False,2024-03-03 03:00:39,upi,True,d2c_subscription
txn_516cb0314e,cust_68f834cac4,277.2,INR,card_expired,True,2024-03-02 20:00:49,card,True,saas
txn_ceb083ba58,cust_f6632cce44,182.0,INR,card_expired,True,2024-03-07 13:14:02,upi,True,d2c_subscription
txn_2802b8b847,cust_7f7defd2f4,1166.69,INR,do_not_honor,False,2024-03-03 23:55:52,card,True,saas
txn_d1f30ca228,cust_9ace8e1ce6,209.45,INR,issuer_declined,False,2024-03-06 14:44:02,upi,False,saas
txn_c1c6a5f01c,cust_a0aa60e816,1188.11,INR,issuer_declined,False,2024-03-13 13:52:15,upi,True,d2c_subscription
txn_76d993eeff,cust_c56faf17f2,8060.94,INR,network_timeout,False,2024-03-15 03:48:21,upi,False,saas
txn_7f52ac957d,cust_1b4a536b10,861.64,INR,processing_error,False,2024-03-14 03:09:20,upi,True,ecommerce_one_time
txn_7eee885e0c,cust_0ca0f75d70,138.49,INR,insufficient_funds,False,2024-03-10 15:49:10,card,True,d2c_subscription
txn_14a9979a9f,cust_61254bbb92,2699.7,INR,insufficient_funds,False,2024-03-08 12:16:51,card,False,d2c_subscription
txn_413e8c7add,cust_aad0434629,1489.84,INR,card_expired,True,2024-03-06 13:28:37,upi,True,ecommerce_one_time
txn_7d0201eb73,cust_5d8589d891,491.29,INR,network_timeout,False,2024-03-08 04:48:02,card,True,d2c_subscription
txn_3bacedb499,cust_14a613c8a4,574.19,INR,card_stolen,True,2024-03-10 08:55:09,card,False,ecommerce_one_time
txn_5435698c33,cust_70544834c2,1822.58,INR,issuer_declined,False,2024-03-05 05:46:18,upi,True,ecommerce_one_time
txn_d90d779b30,cust_d7f88c1c85,1319.82,INR,network_timeout,False,2024-03-03 10:37:12,card,True,d2c_subscription
txn_000ee6e726,cust_ceb15a0109,2422.64,INR,network_timeout,False,2024-03-12 09:06:44,card,False,saas
txn_fd3531b66d,cust_30720e8d25,3605.55,INR,issuer_declined,False,2024-03-11 20:05:16,netbanking,True,saas
txn_5d4dae3ca9,cust_a9f58e31af,2053.83,INR,insufficient_funds,False,2024-03-02 11:12:04,card,False,ecommerce_one_time
txn_accd60d7d7,cust_400b29a45b,816.39,INR,account_closed,True,2024-03-01 21:54:36,card,True,saas
txn_a928cadf4c,cust_f2bfdf2b1c,166.24,INR,insufficient_funds,False,2024-03-11 03:51:49,card,False,ecommerce_one_time
txn_beaed27715,cust_2ec8373d9d,6746.25,INR,do_not_honor,False,2024-03-08 08:49:21,card,True,saas
txn_c9130b6cc5,cust_67eeaad87d,1765.75,INR,processing_error,False,2024-03-07 09:51:23,upi,True,d2c_subscription
txn_15f8bef066,cust_f11b362a9c,622.34,INR,processing_error,False,2024-03-06 14:43:11,upi,True,saas
txn_51328d3323,cust_93bad37ad1,799.89,INR,insufficient_funds,False,2024-03-03 09:37:28,upi,False,ecommerce_one_time
txn_d8a2951748,cust_5ff83b1f4d,409.99,INR,processing_error,False,2024-03-14 00:27:30,card,True,saas
txn_fa94c264f1,cust_1546e390ef,613.27,INR,insufficient_funds,False,2024-03-08 04:07:18,card,True,saas
txn_de66b37b91,cust_89e9f1b994,265.76,INR,network_timeout,False,2024-03-12 11:15:12,card,False,ecommerce_one_time
txn_b209c82983,cust_cfd6030fae,1605.98,INR,insufficient_funds,False,2024-03-04 22:48:17,upi,True,saas
txn_21a7bb136b,cust_b37c10af15,268.71,INR,processing_error,False,2024-03-07 03:34:30,upi,True,saas
txn_6cb6d037b3,cust_0a16b1db39,241.31,INR,network_timeout,False,2024-03-05 00:19:38,card,True,ecommerce_one_time
txn_51f2360612,cust_d50e07d6e7,1089.72,INR,insufficient_funds,False,2024-03-02 19:48:37,upi,False,ecommerce_one_time
txn_090ff1269c,cust_0db761bd1e,772.57,INR,insufficient_funds,False,2024-03-04 10:33:11,upi,True,saas
txn_3fbe5fba73,cust_634a2d6056,6786.58,INR,processing_error,False,2024-03-03 13:00:33,card,False,d2c_subscription
txn_ad7c902a25,cust_b503c92272,279.61,INR,insufficient_funds,False,2024-03-04 03:29:17,upi,False,saas
txn_6fa7c8edb5,cust_a19f490429,1057.71,INR,insufficient_funds,False,2024-03-06 17:51:55,upi,True,saas
txn_a4c5e112ee,cust_7f7c499178,903.57,INR,issuer_declined,False,2024-03-10 00:07:57,card,True,d2c_subscription
txn_e156b5e021,cust_215f7407c0,2317.52,INR,card_expired,True,2024-03-10 19:01:18,card,True,saas
txn_f83a9cfdde,cust_12cb051fce,586.44,INR,do_not_honor,False,2024-03-10 09:50:43,upi,True,d2c_subscription
txn_ff02697a5a,cust_3674315a87,814.22,INR,issuer_declined,False,2024-03-06 23:54:58,netbanking,False,saas
txn_2ff5a88b30,cust_58b41a9d9a,128.95,INR,card_stolen,True,2024-03-04 06:01:29,upi,True,ecommerce_one_time
txn_f8b4250498,cust_d2eb0273db,694.34,INR,issuer_declined,False,2024-03-10 08:39:07,upi,True,d2c_subscription
txn_cb5fc30bf2,cust_d12116888f,131.06,INR,issuer_declined,False,2024-03-07 09:13:03,upi,False,saas
txn_b81ad7d66c,cust_eae1bace0b,160.92,INR,issuer_declined,False,2024-03-09 16:57:03,card,False,ecommerce_one_time
txn_a01c702f3a,cust_2684c3fe7d,653.53,INR,issuer_declined,False,2024-03-06 23:48:31,card,True,ecommerce_one_time
txn_97ced4dba3,cust_6ab49227c9,1894.74,INR,issuer_declined,False,2024-03-04 00:53:47,card,False,saas
txn_89daaf5ce8,cust_5318cc1f36,2073.48,INR,processing_error,False,2024-03-09 17:35:45,netbanking,True,ecommerce_one_time
txn_52d9102346,cust_5341add028,1069.07,INR,insufficient_funds,False,2024-03-09 22:38:17,upi,True,saas
txn_f0162651b1,cust_2f39b91868,608.73,INR,processing_error,False,2024-03-12 16:15:27,netbanking,True,saas
txn_400d768716,cust_2b613635cd,555.28,INR,insufficient_funds,False,2024-03-08 12:27:26,card,True,saas
txn_c037b7f952,cust_296d843199,1636.48,INR,issuer_declined,False,2024-03-09 02:28:17,card,True,saas
txn_0c1da0831e,cust_f739cdc599,663.34,INR,insufficient_funds,False,2024-03-13 06:11:41,upi,True,d2c_subscription
txn_83928e707e,cust_ea33a2faa1,11519.31,INR,do_not_honor,False,2024-03-01 22:11:56,card,True,d2c_subscription
txn_df02b03641,cust_4ec834cdd4,11130.2,INR,processing_error,False,2024-03-03 11:09:39,card,False,ecommerce_one_time
txn_9f9faeeb51,cust_2ccc9b0c1b,641.15,INR,issuer_declined,False,2024-03-11 10:16:08,upi,True,saas
txn_6f87690bea,cust_afb9a0bfe8,610.24,INR,insufficient_funds,False,2024-03-02 06:41:00,upi,True,saas
txn_d2437a7e9c,cust_8d8ceacf17,321.29,INR,insufficient_funds,False,2024-03-11 16:36:19,upi,True,saas
txn_8a5845f1c5,cust_18dd026f5c,5171.39,INR,network_timeout,False,2024-03-09 15:15:44,card,True,saas
txn_082bc446f0,cust_c3b5ed25e8,970.51,INR,insufficient_funds,False,2024-03-13 16:03:24,card,True,ecommerce_one_time
txn_b31d9df261,cust_10f26a8a75,502.15,INR,processing_error,False,2024-03-06 22:20:46,card,True,d2c_subscription
txn_035afb1a87,cust_073c81c7d9,538.23,INR,issuer_declined,False,2024-03-08 18:19:25,card,False,ecommerce_one_time
txn_c582af7c44,cust_b9b95a7cfe,103.63,INR,insufficient_funds,False,2024-03-11 18:10:29,card,False,d2c_subscription
txn_068a0d242b,cust_79f24a553d,3155.34,INR,processing_error,False,2024-03-11 11:03:14,card,True,saas
txn_a1fdd0ce07,cust_bf58fa2512,513.2,INR,issuer_declined,False,2024-03-02 09:45:21,netbanking,True,saas
txn_513f80f20f,cust_3c5ea7168e,1674.27,INR,insufficient_funds,False,2024-03-05 21:07:36,card,False,d2c_subscription
txn_ec81b8a280,cust_1e1e92754a,513.13,INR,card_stolen,True,2024-03-13 08:36:06,card,False,ecommerce_one_time
txn_27b255f349,cust_52a8884361,1045.24,INR,insufficient_funds,False,2024-03-13 14:35:54,card,True,saas
txn_5850f68a86,cust_2b7d8be0c7,1808.22,INR,issuer_declined,False,2024-03-14 12:28:19,upi,False,saas
txn_6698b36623,cust_3bc30d3ef8,1351.04,INR,issuer_declined,False,2024-03-12 00:54:11,card,True,d2c_subscription
txn_0621c7a193,cust_b0a5e8bed8,1241.12,INR,do_not_honor,False,2024-03-05 03:59:34,card,True,saas
txn_98e8dc8de8,cust_327e8eabff,602.51,INR,network_timeout,False,2024-03-14 15:13:05,card,True,d2c_subscription
txn_7043397238,cust_3df301ec08,927.77,INR,insufficient_funds,False,2024-03-12 00:14:54,card,True,saas
txn_deb6a416ce,cust_38270fc594,827.32,INR,card_expired,True,2024-03-14 22:03:57,upi,False,d2c_subscription
txn_5886738f35,cust_5f0e710ee0,612.32,INR,processing_error,False,2024-03-06 09:46:00,card,True,saas
txn_2301e7a850,cust_3d2fbe6387,187.5,INR,card_stolen,True,2024-03-04 02:26:53,card,False,ecommerce_one_time
txn_dd16e0b097,cust_6f8f889f9c,138.44,INR,network_timeout,False,2024-03-08 02:13:25,upi,False,d2c_subscription
txn_cfa183d23c,cust_a772b7e1f5,654.45,INR,card_expired,True,2024-03-02 19:37:30,card,True,saas
txn_664c0d4427,cust_40bb04658c,1128.79,INR,do_not_honor,False,2024-03-05 20:40:20,upi,True,ecommerce_one_time
txn_62a0aaf57b,cust_d56f7ada09,238.26,INR,issuer_declined,False,2024-03-04 19:20:01,card,False,ecommerce_one_time
txn_efabc19819,cust_5acb2d8275,88.57,INR,issuer_declined,False,2024-03-11 02:36:26,upi,False,d2c_subscription
txn_dd8050a19f,cust_7c234829f9,671.04,INR,processing_error,False,2024-03-03 09:18:19,card,False,ecommerce_one_time
txn_132962a228,cust_12f623a299,1283.7,INR,issuer_declined,False,2024-03-06 15:56:53,card,False,ecommerce_one_time
txn_15fc1e01c2,cust_a772b7e1f5,777.75,INR,processing_error,False,2024-03-14 06:54:14,card,True,saas
txn_9c93ff6b8e,cust_9aa4c5ac59,2826.23,INR,insufficient_funds,False,2024-03-14 08:13:58,netbanking,True,saas
txn_95bc2fb3cf,cust_6b5fef9fb3,219.96,INR,network_timeout,False,2024-03-02 22:13:37,card,False,saas
txn_493a84d5ff,cust_923699b8a4,1748.6,INR,insufficient_funds,False,2024-03-11 15:32:04,netbanking,True,d2c_subscription
txn_d2d1ab9f49,cust_932df53c1e,699.58,INR,card_expired,True,2024-03-08 23:24:39,netbanking,False,ecommerce_one_time
txn_0469cbc95e,cust_c04cc79786,2438.81,INR,insufficient_funds,False,2024-03-04 20:30:06,card,True,d2c_subscription
txn_454d9f48cd,cust_271a947c64,556.84,INR,insufficient_funds,False,2024-03-04 17:44:09,card,False,saas
txn_af02f4f7ca,cust_5d00128618,141.36,INR,network_timeout,False,2024-03-15 02:54:20,card,False,ecommerce_one_time
txn_ce8f6e8f8a,cust_25de995a00,1693.44,INR,network_timeout,False,2024-03-06 21:06:20,netbanking,True,d2c_subscription
txn_4b1f81dd1d,cust_b890f4cd0f,1212.76,INR,processing_error,False,2024-03-02 17:11:00,upi,True,saas
txn_595aa86e2f,cust_d8854df7ea,2649.13,INR,card_stolen,True,2024-03-10 14:26:38,card,False,ecommerce_one_time
txn_0c49ede32f,cust_932cccd89e,1622.88,INR,insufficient_funds,False,2024-03-07 21:39:00,card,True,saas
txn_530647db1b,cust_a3998353a8,222.16,INR,network_timeout,False,2024-03-11 19:01:40,netbanking,True,d2c_subscription
txn_21861ee6be,cust_f978f7050b,306.93,INR,issuer_declined,False,2024-03-05 09:40:35,card,True,d2c_subscription
txn_086e71012b,cust_2a18618850,712.01,INR,do_not_honor,False,2024-03-13 20:18:30,card,False,ecommerce_one_time
txn_8726fde3d3,cust_526cf928b1,3505.81,INR,issuer_declined,False,2024-03-08 05:28:08,card,True,saas
txn_04264d7a9b,cust_f762f92535,391.23,INR,insufficient_funds,False,2024-03-09 17:20:58,card,False,saas
txn_5e89035365,cust_6c5398a911,416.47,INR,do_not_honor,False,2024-03-06 12:34:08,netbanking,True,d2c_subscription
txn_ee22de5f58,cust_bacd9bf518,404.47,INR,processing_error,False,2024-03-08 13:58:54,upi,True,ecommerce_one_time
txn_baed79e393,cust_3a3bafc95e,404.05,INR,insufficient_funds,False,2024-03-01 18:09:34,card,True,saas
txn_07c5893fff,cust_3ea5cf185e,674.51,INR,card_expired,True,2024-03-01 17:40:24,card,True,saas
txn_9efa039ee1,cust_3a85f3aac1,839.75,INR,do_not_honor,False,2024-03-11 12:31:35,upi,False,ecommerce_one_time
txn_10d0e95e8e,cust_88437fd42b,852.8,INR,insufficient_funds,False,2024-03-14 23:28:14,card,False,ecommerce_one_time
txn_add2d0de20,cust_c790ea5bc5,88.34,INR,processing_error,False,2024-03-08 14:26:49,card,True,saas
txn_966e7c1136,cust_286162e0e6,1909.48,INR,insufficient_funds,False,2024-03-07 05:42:36,card,True,saas
txn_bd582fad88,cust_aa4dda47b1,484.07,INR,insufficient_funds,False,2024-03-04 23:25:51,upi,False,d2c_subscription
txn_aec9fbff28,cust_b993dd01a6,902.79,INR,processing_error,False,2024-03-08 03:36:07,netbanking,True,d2c_subscription
txn_1f4a9a2aa3,cust_5ff83b1f4d,1261.6,INR,insufficient_funds,False,2024-03-07 06:58:11,upi,True,d2c_subscription
txn_9a036d7778,cust_9fc3625ac6,621.47,INR,insufficient_funds,False,2024-03-15 04:18:25,card,False,ecommerce_one_time
txn_fb9882d8ee,cust_cce2e13141,853.09,INR,processing_error,False,2024-03-04 19:45:24,upi,True,saas
txn_644e7ed209,cust_ec1c27fa06,783.43,INR,insufficient_funds,False,2024-03-10 21:12:24,card,True,ecommerce_one_time
txn_83005be54b,cust_ec13538a6f,2593.55,INR,network_timeout,False,2024-03-10 02:50:21,netbanking,True,saas
txn_15acddf4b4,cust_9859ad8a52,841.28,INR,network_timeout,False,2024-03-09 13:53:47,card,False,ecommerce_one_time
txn_b24f3ee989,cust_848333691f,458.52,INR,insufficient_funds,False,2024-03-14 11:56:19,card,True,saas
txn_86577f310d,cust_56c84d941a,206.01,INR,do_not_honor,False,2024-03-08 13:55:32,card,False,saas
txn_52ce697f85,cust_75e806b532,789.86,INR,insufficient_funds,False,2024-03-10 03:55:18,card,True,saas
txn_5386442e11,cust_e8a0f53da2,292.85,INR,processing_error,False,2024-03-12 05:33:32,card,True,saas
txn_c12308872c,cust_05fe5f1b27,332.49,INR,insufficient_funds,False,2024-03-12 01:23:25,upi,False,d2c_subscription
txn_5209227c14,cust_fa2ee49590,141.75,INR,card_expired,True,2024-03-15 00:32:33,upi,True,d2c_subscription
txn_3a260ef348,cust_9a359bb0b1,3903.33,INR,insufficient_funds,False,2024-03-03 01:44:05,netbanking,False,ecommerce_one_time
txn_b2e44731d3,cust_57ed0ba85a,4620.66,INR,processing_error,False,2024-03-11 09:16:08,card,False,d2c_subscription
txn_494b3d99a3,cust_04e50d0abd,1612.92,INR,insufficient_funds,False,2024-03-03 06:08:45,card,True,d2c_subscription
txn_6729acc5ec,cust_7769a364e0,2259.69,INR,insufficient_funds,False,2024-03-03 18:58:57,card,False,saas
txn_6552464c23,cust_8a3d242b97,483.81,INR,issuer_declined,False,2024-03-09 02:17:58,card,False,ecommerce_one_time
txn_8ee7629304,cust_4c1eac0ccc,599.69,INR,do_not_honor,False,2024-03-04 04:33:36,card,True,saas
txn_56dfe3e87b,cust_a362fbad92,491.16,INR,account_closed,True,2024-03-12 12:59:40,netbanking,True,saas
txn_7099b7acd7,cust_a19f490429,767.69,INR,insufficient_funds,False,2024-03-12 23:16:04,netbanking,True,saas
txn_85816da096,cust_0d39c90db5,906.66,INR,insufficient_funds,False,2024-03-02 21:55:37,card,True,saas
txn_bc5da7c631,cust_ee2490814b,1638.71,INR,issuer_declined,False,2024-03-06 10:50:36,upi,True,d2c_subscription
txn_0abfe78e0a,cust_97b7d9ddd5,263.5,INR,issuer_declined,False,2024-03-05 20:26:13,upi,True,saas
txn_ab002e17a2,cust_335254c045,2239.35,INR,network_timeout,False,2024-03-02 13:39:17,card,False,saas
txn_6bc0e34ab7,cust_1457e6efc8,5626.02,INR,card_expired,True,2024-03-15 07:18:46,upi,False,ecommerce_one_time
txn_695e3fb760,cust_293763ec13,673.0,INR,network_timeout,False,2024-03-13 02:10:19,card,False,saas
txn_55af44f1a4,cust_840a839632,422.99,INR,insufficient_funds,False,2024-03-02 00:52:44,card,True,d2c_subscription
txn_495103bcfd,cust_e29cbc0d01,1153.87,INR,issuer_declined,False,2024-03-13 16:45:54,netbanking,True,saas
txn_473d3099f4,cust_fc18fb46ee,302.28,INR,processing_error,False,2024-03-09 05:17:37,upi,False,ecommerce_one_time
txn_ba615a5a6f,cust_b11ac9f39e,149.49,INR,issuer_declined,False,2024-03-15 04:33:32,card,True,d2c_subscription
txn_0b90d56f45,cust_312d2a25bd,3608.46,INR,processing_error,False,2024-03-10 22:32:23,card,True,saas
txn_4bbea8fb45,cust_aa056f581c,507.54,INR,insufficient_funds,False,2024-03-13 02:04:12,netbanking,False,ecommerce_one_time
txn_6e3a20d302,cust_5acb2d8275,12174.78,INR,issuer_declined,False,2024-03-11 22:03:07,card,False,d2c_subscription
txn_b363d0610a,cust_526cf928b1,257.59,INR,network_timeout,False,2024-03-04 02:30:43,netbanking,True,saas
txn_a5462c1155,cust_337f7129d0,796.59,INR,insufficient_funds,False,2024-03-11 15:20:26,netbanking,False,d2c_subscription
txn_fd9640de2e,cust_49d35faa68,181.95,INR,card_stolen,True,2024-03-04 02:29:59,card,False,d2c_subscription
txn_a455798f42,cust_134d222d9c,2163.87,INR,issuer_declined,False,2024-03-02 23:19:26,upi,True,saas
txn_fbe21fc33b,cust_f04c1dfe86,2179.92,INR,insufficient_funds,False,2024-03-07 22:24:30,upi,True,saas
txn_b884b74f36,cust_e22e2fb41e,1201.33,INR,insufficient_funds,False,2024-03-07 23:02:26,upi,True,saas
txn_c526958d5c,cust_768008ad9e,924.2,INR,insufficient_funds,False,2024-03-10 19:55:21,card,False,d2c_subscription
txn_5db11e44cb,cust_8babb48241,274.88,INR,do_not_honor,False,2024-03-06 03:59:29,card,True,ecommerce_one_time
txn_6dbe4149a4,cust_fcff00bb53,1478.32,INR,insufficient_funds,False,2024-03-04 04:55:19,card,True,d2c_subscription
txn_c24afdcb8f,cust_c6fbac5484,753.9,INR,do_not_honor,False,2024-03-03 09:58:34,upi,False,ecommerce_one_time
txn_5c6524c7a2,cust_8d60ef06f7,831.85,INR,network_timeout,False,2024-03-12 18:28:30,upi,True,saas
txn_fc8274cb8f,cust_a57dc78ff9,2973.9,INR,issuer_declined,False,2024-03-05 21:26:21,upi,False,ecommerce_one_time
txn_0e499d7d56,cust_a6329270db,1724.43,INR,insufficient_funds,False,2024-03-13 13:00:33,upi,True,ecommerce_one_time
txn_eaccf97f1e,cust_0902ba1fb0,382.89,INR,issuer_declined,False,2024-03-08 15:16:45,card,True,d2c_subscription
txn_4e28aa2c00,cust_134d222d9c,3986.82,INR,network_timeout,False,2024-03-14 06:01:32,card,False,saas
txn_8f9417fc3d,cust_5aba48d47b,678.95,INR,do_not_honor,False,2024-03-07 19:11:59,upi,True,saas
txn_f52a5a90b8,cust_25de995a00,781.01,INR,insufficient_funds,False,2024-03-03 13:57:17,card,True,saas
txn_d4d673f9dd,cust_33dccff21a,704.64,INR,do_not_honor,False,2024-03-04 01:28:55,upi,True,d2c_subscription
txn_395e82240a,cust_4dd62229b5,1083.27,INR,issuer_declined,False,2024-03-05 11:48:46,card,False,ecommerce_one_time
txn_ad2719a4e3,cust_8babb48241,141.0,INR,issuer_declined,False,2024-03-07 09:56:56,card,True,saas
txn_d0c6e331a3,cust_ac19ceff73,910.74,INR,insufficient_funds,False,2024-03-06 18:08:21,netbanking,False,saas
txn_7ed1d79308,cust_d98589cf8a,201.36,INR,account_closed,True,2024-03-14 02:27:36,card,True,saas
txn_23bb668ef7,cust_215f7407c0,1515.0,INR,insufficient_funds,False,2024-03-05 07:34:16,card,True,d2c_subscription
txn_7cdcebe8b5,cust_c01bf4e002,807.72,INR,insufficient_funds,False,2024-03-05 23:00:54,upi,False,d2c_subscription
txn_02f927c7af,cust_e6515caff1,826.93,INR,insufficient_funds,False,2024-03-13 11:47:29,upi,False,saas
txn_61046047e9,cust_0baea7d55b,718.86,INR,do_not_honor,False,2024-03-06 15:31:23,netbanking,False,ecommerce_one_time
txn_56333deb5a,cust_10f26a8a75,619.75,INR,issuer_declined,False,2024-03-10 02:42:40,netbanking,False,saas
txn_42fbbf2417,cust_2b613635cd,705.83,INR,insufficient_funds,False,2024-03-08 08:53:20,upi,True,d2c_subscription
txn_af02dbeaa2,cust_c2e5b10a6d,1115.21,INR,issuer_declined,False,2024-03-04 02:27:27,card,True,d2c_subscription
txn_e93f4d322c,cust_17527de511,1097.23,INR,processing_error,False,2024-03-10 23:46:28,card,True,saas
txn_43a327e1c9,cust_fd5e73d04c,5785.47,INR,issuer_declined,False,2024-03-02 15:58:01,netbanking,True,d2c_subscription
txn_9680892ade,cust_9dcf2cffc0,450.13,INR,card_expired,True,2024-03-09 15:56:26,card,True,d2c_subscription
txn_7a833b933c,cust_6d4a056373,220.23,INR,issuer_declined,False,2024-03-08 07:36:00,netbanking,False,d2c_subscription
txn_e2daaab5d0,cust_f82c3c8533,361.49,INR,insufficient_funds,False,2024-03-15 02:18:10,upi,True,ecommerce_one_time
txn_e00dbefad9,cust_93bad37ad1,248.98,INR,card_stolen,True,2024-03-13 18:59:15,card,True,d2c_subscription
txn_34e53dd974,cust_0d39c90db5,190.17,INR,network_timeout,False,2024-03-11 13:20:49,card,False,saas
txn_7c09db5b85,cust_7ea519a5d3,4817.52,INR,issuer_declined,False,2024-03-01 19:13:06,upi,False,ecommerce_one_time
txn_84a0523f4a,cust_82cd1edf28,1480.64,INR,network_timeout,False,2024-03-11 20:40:30,card,False,ecommerce_one_time
txn_ff39053a84,cust_f7448e222b,371.71,INR,do_not_honor,False,2024-03-09 23:16:14,card,True,saas
txn_e9b4d1575a,cust_0db761bd1e,912.8,INR,issuer_declined,False,2024-03-03 13:03:09,upi,False,ecommerce_one_time
txn_c3440b2289,cust_3c94a86a6a,2251.03,INR,network_timeout,False,2024-03-11 00:49:05,card,False,ecommerce_one_time
txn_95a5315a66,cust_ac19ceff73,964.98,INR,processing_error,False,2024-03-04 02:51:33,card,True,saas
txn_5c36dfb3d6,cust_2338b9d562,1086.17,INR,issuer_declined,False,2024-03-13 19:40:59,upi,True,d2c_subscription
txn_9e27fb4602,cust_8f4760b8c3,2281.61,INR,do_not_honor,False,2024-03-13 15:15:10,upi,True,saas
txn_c3a4917b4b,cust_9aa4c5ac59,937.44,INR,issuer_declined,False,2024-03-15 07:45:24,card,True,d2c_subscription
txn_31e747e9da,cust_93bad37ad1,2110.87,INR,insufficient_funds,False,2024-03-13 18:02:33,netbanking,True,ecommerce_one_time
txn_fd80dae603,cust_d29f499418,2514.97,INR,card_stolen,True,2024-03-07 01:09:57,netbanking,True,saas
txn_31eb357478,cust_9496ed8288,8163.18,INR,do_not_honor,False,2024-03-14 05:29:32,card,True,d2c_subscription
txn_8d55af4a47,cust_293763ec13,461.95,INR,do_not_honor,False,2024-03-06 22:13:24,card,False,saas
txn_e805141d2d,cust_28fd385402,385.0,INR,do_not_honor,False,2024-03-07 02:41:52,upi,True,d2c_subscription
txn_2a67ab7adb,cust_9ace8e1ce6,7338.87,INR,do_not_honor,False,2024-03-12 05:17:42,card,True,ecommerce_one_time
txn_2f1428879e,cust_72f047d5a3,496.57,INR,issuer_declined,False,2024-03-14 23:30:43,netbanking,True,saas
txn_c49a953d42,cust_6ec410a8ac,85.42,INR,card_stolen,True,2024-03-13 05:34:21,upi,True,d2c_subscription
txn_610c773f63,cust_5e67290d43,330.67,INR,do_not_honor,False,2024-03-13 11:54:56,card,True,saas
txn_bca0b8e290,cust_a7102f8089,586.78,INR,processing_error,False,2024-03-08 02:35:21,upi,True,d2c_subscription
txn_93c4f0a28f,cust_82839d7410,358.13,INR,issuer_declined,False,2024-03-02 11:11:28,card,False,d2c_subscription
txn_5ce53f0bb3,cust_abdc1ac395,630.65,INR,issuer_declined,False,2024-03-09 09:42:12,netbanking,True,d2c_subscription
txn_80abbed0ce,cust_72c05afd42,396.92,INR,insufficient_funds,False,2024-03-06 15:03:37,card,True,saas
txn_895d13ddc7,cust_99cb8a6a54,213.26,INR,issuer_declined,False,2024-03-11 05:58:21,netbanking,True,d2c_subscription
txn_3ad576d888,cust_1228f453fa,887.95,INR,insufficient_funds,False,2024-03-14 05:10:03,card,True,d2c_subscription
txn_fb0c96d9bc,cust_4fadd1ca2e,762.39,INR,processing_error,False,2024-03-12 10:40:26,upi,True,d2c_subscription
txn_a2671dc46e,cust_5400edce87,2016.06,INR,network_timeout,False,2024-03-08 18:58:55,netbanking,True,d2c_subscription
txn_dbcc1c8969,cust_5acb2d8275,3266.88,INR,issuer_declined,False,2024-03-03 11:16:24,card,True,ecommerce_one_time
txn_021eb52b05,cust_9f102d059f,188.93,INR,issuer_declined,False,2024-03-12 00:29:19,card,True,saas
txn_f0e55f887f,cust_70f76fdaa4,114.76,INR,processing_error,False,2024-03-01 17:26:02,upi,True,saas
txn_81279d57f7,cust_ce7e12b24f,260.73,INR,insufficient_funds,False,2024-03-06 13:21:21,netbanking,False,ecommerce_one_time
txn_a557e1449d,cust_f5e2c0c984,1108.32,INR,card_expired,True,2024-03-10 12:31:29,card,False,saas
txn_dc7bfbdd4e,cust_7d2abe0fba,2157.56,INR,issuer_declined,False,2024-03-06 18:52:27,card,False,ecommerce_one_time
txn_631b5c9dc2,cust_6aeaa52a0b,493.59,INR,insufficient_funds,False,2024-03-05 17:25:42,upi,True,d2c_subscription
txn_e9dd1938b4,cust_2e7486b83f,632.02,INR,insufficient_funds,False,2024-03-05 21:31:54,card,False,ecommerce_one_time
txn_918946360e,cust_b367134a54,413.48,INR,card_expired,True,2024-03-03 09:10:35,upi,False,d2c_subscription
txn_5874fca987,cust_360a2a7239,3048.9,INR,insufficient_funds,False,2024-03-06 05:35:32,card,True,ecommerce_one_time
txn_dd422dc21b,cust_2e89d74b40,487.26,INR,processing_error,False,2024-03-15 02:56:58,card,True,d2c_subscription
txn_94b19aa111,cust_d9931898cf,752.1,INR,insufficient_funds,False,2024-03-10 05:14:25,netbanking,True,d2c_subscription
txn_b86ad4f4e0,cust_e13ff7a63c,460.61,INR,insufficient_funds,False,2024-03-02 18:53:25,card,True,saas
txn_dbf15af76a,cust_4dd62229b5,94.45,INR,network_timeout,False,2024-03-12 14:24:58,netbanking,False,saas
txn_addf47f962,cust_4613eec4ed,265.57,INR,insufficient_funds,False,2024-03-08 12:17:10,upi,True,saas
txn_e3fa487020,cust_0d39c90db5,280.63,INR,insufficient_funds,False,2024-03-08 11:55:12,card,True,ecommerce_one_time
txn_04841721ab,cust_6b0876de42,117.36,INR,do_not_honor,False,2024-03-07 16:55:57,card,True,saas
txn_10065bad1a,cust_ba2e6156f6,2638.0,INR,network_timeout,False,2024-03-03 08:01:41,card,False,ecommerce_one_time
txn_eb11a86447,cust_5e67290d43,1837.64,INR,issuer_declined,False,2024-03-07 22:36:10,upi,True,d2c_subscription
txn_e2bb374b16,cust_32a26d2ab9,1434.92,INR,insufficient_funds,False,2024-03-15 11:49:54,upi,True,saas
txn_8c37079a93,cust_56dc7e6d9a,519.62,INR,account_closed,True,2024-03-12 02:22:36,upi,False,ecommerce_one_time
txn_f378796fa1,cust_cfd6030fae,321.69,INR,processing_error,False,2024-03-06 15:58:36,card,True,saas
txn_f1c40465e6,cust_4731536e86,1602.68,INR,network_timeout,False,2024-03-04 13:10:01,card,True,d2c_subscription
txn_d5d01267eb,cust_5e0f676627,2402.84,INR,processing_error,False,2024-03-06 10:42:28,card,True,d2c_subscription
txn_a0859f0f9b,cust_8d12043d0a,879.06,INR,processing_error,False,2024-03-05 05:56:04,upi,True,saas
txn_5b98eda4b7,cust_a16791a96d,689.61,INR,issuer_declined,False,2024-03-12 03:06:20,card,True,saas
txn_706dd3a75b,cust_5774cd6011,1542.13,INR,issuer_declined,False,2024-03-14 03:48:50,card,True,d2c_subscription
txn_a4059dedfa,cust_a349af0cf8,297.78,INR,processing_error,False,2024-03-02 05:18:44,card,True,saas
txn_3a8b36585e,cust_5928173912,1450.4,INR,processing_error,False,2024-03-07 14:54:08,card,False,ecommerce_one_time
txn_01109038ce,cust_fdaab0f3e6,186.99,INR,card_stolen,True,2024-03-05 03:52:34,upi,True,d2c_subscription
txn_3fdbbfadaa,cust_cc31baa930,1801.96,INR,do_not_honor,False,2024-03-02 02:26:22,upi,True,saas
txn_be8fbc2bae,cust_fd9257287d,346.0,INR,issuer_declined,False,2024-03-12 22:40:02,netbanking,True,saas
txn_267c3e0793,cust_60536985d3,699.71,INR,do_not_honor,False,2024-03-03 07:17:28,card,True,saas
txn_5c566b9480,cust_8fe2648fdd,422.23,INR,do_not_honor,False,2024-03-10 08:55:26,upi,True,ecommerce_one_time
txn_665e274123,cust_72f047d5a3,998.96,INR,issuer_declined,False,2024-03-06 17:41:47,card,True,d2c_subscription
txn_cb5a36f4f2,cust_38463dd23b,318.81,INR,network_timeout,False,2024-03-10 02:04:44,upi,True,saas
txn_b88ac63882,cust_b5fbccca6b,740.33,INR,do_not_honor,False,2024-03-12 17:14:21,upi,True,d2c_subscription
txn_7a5c5f7e21,cust_189a126936,1177.77,INR,insufficient_funds,False,2024-03-03 04:30:27,card,False,d2c_subscription
txn_011eeaf13e,cust_c2e5b10a6d,199.7,INR,do_not_honor,False,2024-03-10 15:19:59,upi,True,d2c_subscription
txn_578b770d27,cust_d9931898cf,3946.89,INR,processing_error,False,2024-03-15 03:40:17,card,True,saas
txn_fd55945af3,cust_dbad6f5469,764.26,INR,card_expired,True,2024-03-13 09:28:47,card,False,saas
txn_7941a2a967,cust_0927c692cc,599.34,INR,issuer_declined,False,2024-03-02 00:56:19,card,True,saas
txn_fa746593d0,cust_995177b128,3962.99,INR,do_not_honor,False,2024-03-03 23:49:53,card,True,d2c_subscription
txn_47a9c433fc,cust_ba2e6156f6,374.56,INR,issuer_declined,False,2024-03-06 04:42:09,netbanking,True,d2c_subscription
txn_0dcde2f0c2,cust_c3b5ed25e8,1112.31,INR,do_not_honor,False,2024-03-04 14:22:00,upi,True,saas
txn_5819f2050b,cust_ac9a5c8cef,2350.97,INR,insufficient_funds,False,2024-03-06 10:03:14,upi,False,saas
txn_d76ffe08b7,cust_f978f7050b,1241.46,INR,network_timeout,False,2024-03-02 18:07:11,netbanking,True,d2c_subscription
txn_c2df3eb68c,cust_02f695fb79,164.96,INR,card_expired,True,2024-03-14 02:30:52,upi,False,saas
txn_737bb57fa2,cust_78c8b19f06,552.22,INR,do_not_honor,False,2024-03-14 14:41:57,card,True,d2c_subscription
txn_47c539a6d9,cust_17e0be3b11,437.91,INR,do_not_honor,False,2024-03-05 18:31:31,card,True,d2c_subscription
txn_d2e2ed6e39,cust_fce65d5270,956.56,INR,insufficient_funds,False,2024-03-01 23:51:23,card,True,saas
txn_4ffb7bb395,cust_76998c5903,154.55,INR,do_not_honor,False,2024-03-07 08:40:21,netbanking,True,d2c_subscription
txn_c4cb53667c,cust_916c2dfaf7,2092.36,INR,issuer_declined,False,2024-03-01 23:16:50,netbanking,True,saas
txn_7c14fd126e,cust_ce12251237,412.02,INR,processing_error,False,2024-03-09 21:17:30,upi,False,d2c_subscription
txn_94e850bb04,cust_295034c5a8,708.69,INR,insufficient_funds,False,2024-03-06 01:23:54,card,True,saas
txn_a9ecb5d50e,cust_4b1d6da473,284.92,INR,processing_error,False,2024-03-08 08:56:57,card,False,d2c_subscription
txn_b094ea8db5,cust_0927c692cc,216.32,INR,issuer_declined,False,2024-03-03 03:43:58,netbanking,True,d2c_subscription
txn_65cd497cae,cust_a124550212,106.84,INR,processing_error,False,2024-03-06 10:31:37,card,True,saas
txn_d48a6a0fab,cust_f04c1dfe86,20693.28,INR,do_not_honor,False,2024-03-09 08:41:06,upi,True,d2c_subscription
txn_78bca53563,cust_26d48d7e29,393.42,INR,insufficient_funds,False,2024-03-12 01:47:21,card,False,ecommerce_one_time
txn_b193aa960a,cust_398c7234b4,2565.27,INR,issuer_declined,False,2024-03-11 02:41:47,card,False,ecommerce_one_time
txn_1ea8a8b73a,cust_9e676f60cf,83.98,INR,network_timeout,False,2024-03-14 10:52:28,upi,False,saas
txn_cea8157a85,cust_c3b5ed25e8,1796.55,INR,do_not_honor,False,2024-03-13 08:07:56,netbanking,False,saas
txn_53adbc1e9a,cust_7aa37f568c,214.68,INR,insufficient_funds,False,2024-03-08 09:00:55,upi,True,saas
txn_993a901b51,cust_46253caba4,326.44,INR,issuer_declined,False,2024-03-15 01:23:22,card,False,ecommerce_one_time
txn_2b39a8a55d,cust_ce7e12b24f,259.89,INR,issuer_declined,False,2024-03-08 21:38:09,card,True,d2c_subscription
txn_a676f7666d,cust_91c93b3619,660.77,INR,processing_error,False,2024-03-14 21:53:21,netbanking,True,saas
txn_e495941eb4,cust_5038017d73,1260.46,INR,do_not_honor,False,2024-03-13 05:34:20,upi,True,d2c_subscription
txn_7d0bbb24c8,cust_296d843199,246.72,INR,insufficient_funds,False,2024-03-05 19:38:01,card,True,saas
txn_eb120ea794,cust_d2a9877118,159.74,INR,do_not_honor,False,2024-03-15 02:18:36,upi,True,d2c_subscription
txn_469f620e52,cust_a11e03b01a,788.38,INR,processing_error,False,2024-03-10 18:54:40,card,True,d2c_subscription
txn_e6c83558fd,cust_92b84e163f,3206.72,INR,processing_error,False,2024-03-12 20:01:31,card,False,d2c_subscription
txn_388a26dda9,cust_0ca182a1b6,239.63,INR,insufficient_funds,False,2024-03-14 17:50:07,netbanking,True,d2c_subscription
txn_368a76ffb0,cust_7bba6f6c06,4991.19,INR,issuer_declined,False,2024-03-12 14:02:41,upi,False,saas
txn_6662ac0c56,cust_c56dfc09e0,416.44,INR,issuer_declined,False,2024-03-13 22:18:01,card,True,d2c_subscription
txn_cba398d9fd,cust_27709d7f16,417.9,INR,insufficient_funds,False,2024-03-14 08:55:56,card,True,d2c_subscription
txn_3fd4d5a667,cust_0e77c21f77,1122.95,INR,issuer_declined,False,2024-03-06 04:27:53,netbanking,True,saas
txn_3d762e398d,cust_189a126936,549.23,INR,insufficient_funds,False,2024-03-13 18:01:17,upi,False,ecommerce_one_time
txn_0c28af06a1,cust_156ceb881a,1760.15,INR,insufficient_funds,False,2024-03-02 08:36:13,upi,False,ecommerce_one_time
txn_c6c36e4246,cust_f097620412,914.69,INR,processing_error,False,2024-03-08 16:29:43,card,False,ecommerce_one_time
txn_d4fc910d13,cust_f739cdc599,1299.95,INR,insufficient_funds,False,2024-03-09 18:55:10,netbanking,True,d2c_subscription
txn_e1989a98af,cust_aad0434629,1757.8,INR,processing_error,False,2024-03-03 05:44:10,netbanking,True,saas
txn_79056f1a3c,cust_b869f1225e,514.89,INR,insufficient_funds,False,2024-03-04 14:42:26,card,True,d2c_subscription
txn_cd89f00091,cust_2f39b91868,385.56,INR,do_not_honor,False,2024-03-09 14:43:34,card,True,saas
txn_7bb7009b6c,cust_fb1dcea7e1,81.74,INR,issuer_declined,False,2024-03-01 20:52:36,upi,False,saas
txn_3f4bdbdc43,cust_1b4a536b10,366.09,INR,network_timeout,False,2024-03-08 01:41:29,netbanking,False,d2c_subscription
txn_1feb6739e6,cust_97b7d9ddd5,953.07,INR,network_timeout,False,2024-03-05 14:00:42,upi,True,saas
txn_4a1adc0dcd,cust_6ec55b7410,827.07,INR,issuer_declined,False,2024-03-01 22:12:02,netbanking,True,saas
txn_0da38bcde4,cust_e242d3321d,741.46,INR,do_not_honor,False,2024-03-05 09:04:12,upi,False,ecommerce_one_time
txn_664d63a4b0,cust_098197b1c4,609.51,INR,insufficient_funds,False,2024-03-07 05:27:10,card,True,saas
txn_b28dfd3684,cust_9476e662a6,986.36,INR,do_not_honor,False,2024-03-06 21:03:27,card,False,d2c_subscription
txn_e0d30effee,cust_2b613635cd,572.61,INR,insufficient_funds,False,2024-03-06 08:13:45,upi,False,ecommerce_one_time
txn_10dd3d02c8,cust_abac6e55f5,1480.63,INR,issuer_declined,False,2024-03-01 19:30:03,card,True,d2c_subscription
txn_053c278a7d,cust_a2e1354a64,482.6,INR,insufficient_funds,False,2024-03-05 16:26:06,card,True,saas
txn_f860330616,cust_b65ae7dfe6,162.43,INR,network_timeout,False,2024-03-11 07:15:55,upi,True,d2c_subscription
txn_34ee75869e,cust_f08bf06ab2,129.08,INR,issuer_declined,False,2024-03-15 04:36:49,card,False,ecommerce_one_time
txn_e20982a236,cust_b097092b16,338.69,INR,do_not_honor,False,2024-03-04 12:54:58,upi,False,ecommerce_one_time
txn_ffdaa332d9,cust_312d2a25bd,1095.93,INR,issuer_declined,False,2024-03-08 15:58:54,card,True,saas
txn_82c072e6fa,cust_aefcf53733,3368.89,INR,issuer_declined,False,2024-03-09 16:32:02,card,True,saas
txn_f61018a54d,cust_08d7ba92a5,2730.52,INR,insufficient_funds,False,2024-03-02 09:47:42,card,True,d2c_subscription
txn_9b20f68a58,cust_9163f72abc,2505.61,INR,card_expired,True,2024-03-13 07:46:45,upi,True,saas
txn_06cd24b1f5,cust_526cf928b1,337.38,INR,network_timeout,False,2024-03-14 23:23:27,upi,False,ecommerce_one_time
txn_0da28b1387,cust_d50e07d6e7,765.7,INR,insufficient_funds,False,2024-03-05 03:34:16,card,True,d2c_subscription
txn_7b1adeee7d,cust_17e0be3b11,206.53,INR,processing_error,False,2024-03-02 13:28:44,card,False,ecommerce_one_time
txn_5f01988a8c,cust_503d966dda,2367.04,INR,issuer_declined,False,2024-03-03 21:19:16,card,False,ecommerce_one_time
txn_d6dbb043d8,cust_c56faf17f2,713.74,INR,insufficient_funds,False,2024-03-03 07:19:28,upi,True,d2c_subscription
txn_df941b6db9,cust_82709837aa,3252.69,INR,do_not_honor,False,2024-03-03 09:49:51,netbanking,False,ecommerce_one_time
txn_260d403ea9,cust_f197931183,540.94,INR,insufficient_funds,False,2024-03-05 21:38:57,upi,True,d2c_subscription
txn_5e421d5224,cust_6d3c457946,219.0,INR,insufficient_funds,False,2024-03-02 14:14:56,card,False,saas
txn_66ea051934,cust_9c52eece68,426.95,INR,processing_error,False,2024-03-10 17:19:51,upi,False,ecommerce_one_time
txn_030f045a7e,cust_6bba92fa49,234.48,INR,insufficient_funds,False,2024-03-05 01:42:35,card,False,d2c_subscription
txn_4b944647ec,cust_ec13538a6f,2452.48,INR,network_timeout,False,2024-03-14 05:03:34,card,False,ecommerce_one_time
txn_41b20dc995,cust_46c6dd4b0f,364.38,INR,processing_error,False,2024-03-08 02:43:13,card,True,saas
txn_30fc4bc509,cust_d8b95d6127,790.41,INR,network_timeout,False,2024-03-11 10:20:30,card,True,saas
txn_98591cdb68,cust_83e163d826,90.46,INR,do_not_honor,False,2024-03-02 08:35:55,card,False,ecommerce_one_time
txn_59d654fa6a,cust_49d35faa68,262.4,INR,network_timeout,False,2024-03-09 09:27:11,upi,True,saas
txn_6b9de14f07,cust_cedbeb64bf,280.93,INR,issuer_declined,False,2024-03-12 13:35:10,card,False,d2c_subscription
txn_8bd2ef064b,cust_60536985d3,607.21,INR,do_not_honor,False,2024-03-07 12:41:54,upi,True,d2c_subscription
txn_78df9865e9,cust_be1430bb07,485.13,INR,do_not_honor,False,2024-03-14 10:01:27,netbanking,True,saas
txn_b0eb914b0d,cust_d3128defaa,317.5,INR,card_expired,True,2024-03-13 17:24:07,upi,True,saas
txn_d8bcfb38d6,cust_5b571b4898,321.76,INR,insufficient_funds,False,2024-03-09 10:58:26,card,False,ecommerce_one_time
txn_88c7f28c43,cust_6b5fef9fb3,3048.36,INR,do_not_honor,False,2024-03-06 16:01:05,upi,True,saas
txn_b930b28483,cust_f81f4a85f0,15.9,INR,processing_error,False,2024-03-07 08:22:29,card,True,d2c_subscription
txn_e749b04764,cust_41161ed66b,291.4,INR,issuer_declined,False,2024-03-14 17:23:08,card,True,d2c_subscription
txn_be96b1337e,cust_22d502fceb,1176.2,INR,network_timeout,False,2024-03-05 23:31:25,card,True,d2c_subscription
txn_4889653ae9,cust_e22e2fb41e,574.09,INR,issuer_declined,False,2024-03-14 16:37:28,netbanking,True,d2c_subscription
txn_a15a788bd4,cust_839673facd,2355.96,INR,insufficient_funds,False,2024-03-04 02:01:06,upi,True,saas
txn_38d17b92ee,cust_49a8d06e17,1838.08,INR,do_not_honor,False,2024-03-14 22:51:09,netbanking,False,ecommerce_one_time
txn_a318d0d138,cust_ee2490814b,8366.7,INR,issuer_declined,False,2024-03-15 03:00:36,upi,True,saas
txn_0307724a2d,cust_c1c98d36ef,925.85,INR,insufficient_funds,False,2024-03-08 06:05:11,card,True,saas
txn_ddcdcafa9b,cust_b65ae7dfe6,842.03,INR,insufficient_funds,False,2024-03-04 06:30:45,upi,False,ecommerce_one_time
txn_2ba9819aa7,cust_5acb2d8275,616.05,INR,insufficient_funds,False,2024-03-04 18:56:55,netbanking,True,saas
txn_a78ec89b10,cust_d6530d3860,877.79,INR,processing_error,False,2024-03-07 02:21:25,card,True,saas
txn_2787a9c134,cust_7720b002c5,988.35,INR,network_timeout,False,2024-03-13 00:01:01,netbanking,False,ecommerce_one_time
txn_3d220619b2,cust_c5bc19071c,438.44,INR,do_not_honor,False,2024-03-02 03:48:35,netbanking,False,saas
txn_986ebdf0d6,cust_8002902885,132.78,INR,insufficient_funds,False,2024-03-15 05:05:50,card,True,saas
txn_c440c640b9,cust_2ccc9b0c1b,946.57,INR,do_not_honor,False,2024-03-10 15:06:24,card,True,d2c_subscription
txn_a9ab3632a1,cust_b5399deb2f,4043.26,INR,network_timeout,False,2024-03-04 22:37:27,card,False,ecommerce_one_time
txn_f685e84c0a,cust_e8118e67af,1061.55,INR,processing_error,False,2024-03-06 20:41:43,upi,False,ecommerce_one_time
txn_cc5215bb11,cust_ab6af8fcc6,794.71,INR,issuer_declined,False,2024-03-04 10:25:08,card,False,ecommerce_one_time
txn_61cb4a2d16,cust_ed965a0600,201.22,INR,insufficient_funds,False,2024-03-04 18:26:24,card,False,ecommerce_one_time
txn_f6f6df7ff7,cust_c15695a4fd,423.51,INR,card_expired,True,2024-03-02 08:16:47,upi,True,saas
txn_06720cf64b,cust_fd9257287d,433.29,INR,network_timeout,False,2024-03-08 06:29:29,netbanking,False,d2c_subscription
txn_2b8cf1c6aa,cust_588edd5f2e,323.89,INR,insufficient_funds,False,2024-03-04 00:09:43,netbanking,True,saas
txn_4941621f55,cust_b2530383d9,239.25,INR,network_timeout,False,2024-03-13 07:36:55,upi,False,ecommerce_one_time
txn_9a2f168b8e,cust_ef302cfef7,1490.5,INR,insufficient_funds,False,2024-03-13 01:30:49,card,False,ecommerce_one_time
txn_809e0a0413,cust_694edde581,515.71,INR,insufficient_funds,False,2024-03-14 19:16:03,card,True,saas
txn_8fe9c000cf,cust_245663538c,1610.48,INR,processing_error,False,2024-03-12 15:16:58,upi,False,ecommerce_one_time
txn_4042e745b0,cust_29546c3c32,1419.89,INR,do_not_honor,False,2024-03-13 22:34:10,card,True,d2c_subscription
txn_d8e2b5789d,cust_138677055e,2297.98,INR,issuer_declined,False,2024-03-03 23:03:15,upi,False,saas
txn_885477a138,cust_b097092b16,252.02,INR,card_expired,True,2024-03-08 13:42:44,netbanking,True,d2c_subscription
txn_9a27004f63,cust_0a7e29899f,1782.55,INR,network_timeout,False,2024-03-09 06:45:00,upi,True,ecommerce_one_time
txn_82258d97db,cust_22b114a736,1684.42,INR,insufficient_funds,False,2024-03-06 13:05:30,upi,False,saas
txn_ff86b56563,cust_99b22e2140,102.74,INR,do_not_honor,False,2024-03-10 11:11:16,upi,True,saas
txn_f22de03c0b,cust_8babb48241,963.09,INR,processing_error,False,2024-03-07 12:18:18,netbanking,False,ecommerce_one_time
txn_da0000c32c,cust_7ea519a5d3,2663.91,INR,do_not_honor,False,2024-03-15 10:48:51,card,True,d2c_subscription
txn_137431ff25,cust_c2e5b10a6d,732.55,INR,account_closed,True,2024-03-05 12:27:37,card,True,d2c_subscription
txn_1e90697422,cust_f237f63575,547.94,INR,processing_error,False,2024-03-03 07:10:29,card,True,d2c_subscription
txn_55102a1741,cust_84370e49e0,3687.25,INR,insufficient_funds,False,2024-03-14 22:53:53,upi,True,d2c_subscription
txn_830158e43b,cust_1fdcd88134,394.49,INR,insufficient_funds,False,2024-03-14 08:56:47,card,True,saas
txn_facbb96710,cust_704ebe1690,1762.2,INR,network_timeout,False,2024-03-13 14:11:23,card,True,saas
txn_11f3f0157b,cust_11e4f36196,835.43,INR,account_closed,True,2024-03-06 23:41:19,upi,False,ecommerce_one_time
txn_7aa609f445,cust_22d502fceb,128.19,INR,insufficient_funds,False,2024-03-04 20:15:25,card,False,d2c_subscription
txn_93370e723d,cust_26d48d7e29,2006.47,INR,insufficient_funds,False,2024-03-03 23:29:41,upi,True,d2c_subscription
txn_08f37b27d5,cust_a24339bc70,571.79,INR,processing_error,False,2024-03-04 13:31:22,card,False,ecommerce_one_time
txn_e8fa8a53cd,cust_a7bf0e9454,1264.91,INR,insufficient_funds,False,2024-03-07 10:05:34,card,True,saas
txn_b3c43e4bfe,cust_c04cc79786,269.32,INR,insufficient_funds,False,2024-03-05 16:01:46,card,False,ecommerce_one_time
txn_0791c04d84,cust_a539505b93,2274.03,INR,network_timeout,False,2024-03-11 13:56:28,card,True,ecommerce_one_time
txn_286ce168eb,cust_fdbb86d28d,466.8,INR,network_timeout,False,2024-03-05 01:32:08,netbanking,False,ecommerce_one_time
txn_6616c4f0e3,cust_7769a364e0,576.98,INR,network_timeout,False,2024-03-12 22:32:22,netbanking,True,saas
txn_b4ba5a89dd,cust_d9d4338065,794.0,INR,processing_error,False,2024-03-02 00:17:03,upi,True,saas
txn_a951fc1b9d,cust_6a7199cf9c,1099.44,INR,issuer_declined,False,2024-03-14 21:58:06,upi,True,d2c_subscription
txn_8f9f99a323,cust_8fe2648fdd,721.73,INR,card_expired,True,2024-03-02 06:44:34,upi,False,ecommerce_one_time
txn_22f284f46c,cust_a8d84a44b4,1488.0,INR,issuer_declined,False,2024-03-09 01:15:10,netbanking,False,ecommerce_one_time
txn_c9eee01b5e,cust_71cbac631b,221.52,INR,insufficient_funds,False,2024-03-06 11:27:15,card,True,d2c_subscription
txn_ff8cfd0169,cust_dba1c395de,619.64,INR,network_timeout,False,2024-03-13 06:18:15,card,True,d2c_subscription
txn_c099592eb7,cust_bd65c4e738,499.33,INR,processing_error,False,2024-03-11 00:42:13,upi,False,saas
txn_4cae982b43,cust_74660b9cab,1851.34,INR,network_timeout,False,2024-03-03 10:17:04,netbanking,False,d2c_subscription
txn_56ba45bb1f,cust_4d7c953ae4,1518.25,INR,insufficient_funds,False,2024-03-15 07:15:33,card,False,ecommerce_one_time
txn_e3ab78ac3b,cust_d6530d3860,594.56,INR,card_stolen,True,2024-03-12 19:36:02,card,False,ecommerce_one_time
txn_e8add05e2a,cust_e700a18bc1,533.56,INR,do_not_honor,False,2024-03-06 15:46:47,card,True,saas
txn_89cf1b714f,cust_f5bfae49a8,1478.46,INR,processing_error,False,2024-03-04 05:47:21,card,False,ecommerce_one_time
txn_c142011463,cust_b6ba9f0687,628.48,INR,card_expired,True,2024-03-09 11:04:55,upi,True,saas
txn_85634877bc,cust_b83f4b7cab,475.61,INR,issuer_declined,False,2024-03-14 06:35:19,card,True,d2c_subscription
txn_7ee2abf77f,cust_4dd62229b5,2257.69,INR,processing_error,False,2024-03-13 10:35:56,netbanking,True,d2c_subscription
txn_64a0b4b9fb,cust_cbbdea3f02,561.1,INR,processing_error,False,2024-03-03 00:50:46,upi,False,d2c_subscription
txn_d9de78b39f,cust_76712b6c57,1193.9,INR,network_timeout,False,2024-03-12 11:40:25,card,True,ecommerce_one_time
txn_b935f5ddcc,cust_8babb48241,456.7,INR,network_timeout,False,2024-03-07 09:34:26,upi,True,d2c_subscription
txn_33d2a06ec1,cust_16e537a621,489.38,INR,processing_error,False,2024-03-02 09:19:35,upi,True,saas
txn_aeed88fb18,cust_30720e8d25,6060.7,INR,insufficient_funds,False,2024-03-10 05:47:50,card,False,saas
txn_1550f318c2,cust_c67a5d4e3b,138.36,INR,insufficient_funds,False,2024-03-14 13:44:58,card,True,d2c_subscription
txn_6c05d2f53e,cust_781b4413d3,2681.8,INR,card_stolen,True,2024-03-04 02:49:36,netbanking,True,d2c_subscription
txn_f9cfde0ee7,cust_acd734c13f,522.94,INR,card_stolen,True,2024-03-04 11:24:36,card,True,d2c_subscription
txn_4128a6953f,cust_3a7f33da15,420.6,INR,card_stolen,True,2024-03-06 09:14:29,card,True,saas
txn_4d9d5c2c91,cust_7b6156a827,218.21,INR,insufficient_funds,False,2024-03-02 20:54:42,card,True,saas
txn_27c9e59b9a,cust_526cf928b1,121.2,INR,issuer_declined,False,2024-03-04 15:20:15,card,False,ecommerce_one_time
txn_8af71fcc10,cust_cbbdea3f02,1254.75,INR,processing_error,False,2024-03-05 20:42:55,upi,True,d2c_subscription
txn_6eac339d44,cust_61254bbb92,1185.74,INR,processing_error,False,2024-03-10 19:57:15,card,True,d2c_subscription
txn_e9229a451b,cust_de14fffec7,1411.36,INR,insufficient_funds,False,2024-03-14 15:23:22,upi,True,d2c_subscription
txn_70bc42b041,cust_caf004b8f6,1000.24,INR,do_not_honor,False,2024-03-05 08:05:16,card,True,saas
txn_37152921cc,cust_97d95a6bea,297.72,INR,insufficient_funds,False,2024-03-03 15:47:37,netbanking,False,saas
txn_443de0d931,cust_d101da83a0,207.36,INR,do_not_honor,False,2024-03-05 18:27:02,card,True,saas
txn_3865a7ef3c,cust_1dac678042,1791.27,INR,insufficient_funds,False,2024-03-06 08:29:42,netbanking,True,d2c_subscription
txn_edef5f96af,cust_704ebe1690,1598.27,INR,insufficient_funds,False,2024-03-05 10:38:43,netbanking,True,saas
txn_96d40f0ae9,cust_ec6308fdd2,1108.4,INR,insufficient_funds,False,2024-03-11 14:55:02,card,True,saas
txn_a51b4647f9,cust_b5fbccca6b,6122.27,INR,card_expired,True,2024-03-13 20:42:33,upi,False,ecommerce_one_time
txn_b7b3a8639d,cust_97c047c2df,1101.46,INR,processing_error,False,2024-03-06 16:26:09,card,True,saas
txn_30ec69d23f,cust_976e03b3c2,1897.73,INR,card_expired,True,2024-03-02 07:07:20,upi,False,d2c_subscription
txn_be770bdb95,cust_80e1559027,547.83,INR,issuer_declined,False,2024-03-13 14:07:18,upi,True,saas
txn_31f56abfd1,cust_9c52eece68,246.49,INR,issuer_declined,False,2024-03-14 12:04:28,card,False,saas
txn_9128c3ff55,cust_c481783d10,200.55,INR,issuer_declined,False,2024-03-05 14:13:50,card,False,saas
txn_de83c22a1c,cust_27709d7f16,711.76,INR,do_not_honor,False,2024-03-09 13:59:26,card,True,ecommerce_one_time
txn_32994258b6,cust_ab6af8fcc6,314.54,INR,issuer_declined,False,2024-03-02 20:35:37,upi,True,d2c_subscription
txn_eef562dfce,cust_72f047d5a3,1484.29,INR,processing_error,False,2024-03-08 21:27:43,upi,False,d2c_subscription
txn_c9ce22091e,cust_4ae98356cf,941.12,INR,network_timeout,False,2024-03-08 04:42:55,card,True,ecommerce_one_time
txn_74227d77c5,cust_23ab9c7226,434.84,INR,network_timeout,False,2024-03-14 15:14:00,card,True,saas
txn_5d316401c4,cust_78705dcdc5,182.0,INR,insufficient_funds,False,2024-03-02 04:05:33,card,False,d2c_subscription
txn_97906acc53,cust_7209af5872,3293.31,INR,do_not_honor,False,2024-03-10 20:48:50,upi,False,saas
txn_ccff42bc3f,cust_ac834a0a50,516.79,INR,insufficient_funds,False,2024-03-09 08:48:01,card,True,d2c_subscription
txn_7b9cf162fd,cust_cb42952c10,2462.83,INR,insufficient_funds,False,2024-03-06 16:36:33,card,False,ecommerce_one_time
txn_f76186a681,cust_5f16544e2b,640.04,INR,processing_error,False,2024-03-03 11:51:27,netbanking,True,saas
txn_98912ceb86,cust_46198e4f35,3316.02,INR,do_not_honor,False,2024-03-04 08:50:50,card,False,ecommerce_one_time
txn_e2426f507c,cust_546e640d5a,1138.36,INR,processing_error,False,2024-03-04 16:03:15,upi,True,d2c_subscription
txn_2691e9102b,cust_aac38dad81,1316.79,INR,insufficient_funds,False,2024-03-14 00:31:59,card,True,saas
txn_2875acf13e,cust_8fe2648fdd,160.43,INR,account_closed,True,2024-03-14 06:17:16,card,True,saas
txn_225f420cb6,cust_22d502fceb,482.89,INR,account_closed,True,2024-03-03 20:41:36,upi,True,d2c_subscription
txn_02eaef372a,cust_8b934a426c,175.71,INR,issuer_declined,False,2024-03-02 17:20:56,card,False,d2c_subscription
txn_c5d8c58ab6,cust_6fde3282eb,2405.99,INR,network_timeout,False,2024-03-06 18:25:27,card,True,saas
txn_73c5b5c119,cust_f7448e222b,218.64,INR,insufficient_funds,False,2024-03-02 18:05:47,netbanking,True,d2c_subscription
txn_08ab12a9e6,cust_ef302cfef7,961.91,INR,processing_error,False,2024-03-11 01:18:06,netbanking,True,saas
txn_84baf54514,cust_e7a1193f5a,489.75,INR,network_timeout,False,2024-03-10 13:55:28,upi,False,ecommerce_one_time
txn_5458ef92fc,cust_0ca0f75d70,5630.88,INR,network_timeout,False,2024-03-13 02:51:32,card,True,saas
txn_ae882d3481,cust_9a9221b4e6,1281.93,INR,network_timeout,False,2024-03-04 09:24:17,card,False,d2c_subscription
txn_4aa0c3ebda,cust_2cb21b4bd4,572.54,INR,issuer_declined,False,2024-03-06 03:04:43,card,False,ecommerce_one_time
txn_8b4a31fa63,cust_3634127daa,666.84,INR,network_timeout,False,2024-03-12 08:31:19,netbanking,True,d2c_subscription
txn_d02f2557ce,cust_485a67359b,350.83,INR,processing_error,False,2024-03-01 12:15:38,upi,False,ecommerce_one_time
txn_a18628231a,cust_133535cc20,189.36,INR,insufficient_funds,False,2024-03-15 01:47:17,card,False,ecommerce_one_time
txn_a0fc6fc6ff,cust_d7dee66ec1,1575.53,INR,insufficient_funds,False,2024-03-04 17:10:56,netbanking,True,saas
txn_adbf8ee30f,cust_0902ba1fb0,603.2,INR,processing_error,False,2024-03-12 14:08:00,card,True,saas
txn_f687bb3530,cust_e2afe59876,2019.01,INR,do_not_honor,False,2024-03-04 12:34:49,upi,True,d2c_subscription
txn_c9eb419d83,cust_fa51b2cbb9,735.67,INR,do_not_honor,False,2024-03-08 17:22:49,card,True,saas
txn_7a1415399c,cust_df0c4b4dff,241.82,INR,card_expired,True,2024-03-12 05:22:08,card,True,d2c_subscription
txn_a0aaf55b08,cust_fa770f1ff8,8672.58,INR,processing_error,False,2024-03-14 16:35:25,netbanking,True,saas
txn_7f2625cadb,cust_dd53b36e82,2808.94,INR,issuer_declined,False,2024-03-06 19:15:15,netbanking,False,ecommerce_one_time
txn_b61b36fcd5,cust_60536985d3,126.48,INR,issuer_declined,False,2024-03-13 06:14:17,card,True,d2c_subscription
txn_d6db3e5881,cust_cd3b0da2ef,1714.94,INR,do_not_honor,False,2024-03-09 04:52:45,card,False,d2c_subscription
txn_e442279bae,cust_971245b04b,630.13,INR,processing_error,False,2024-03-02 04:39:11,upi,False,d2c_subscription
txn_cd3a1ad982,cust_4ee1bfa6c8,1979.58,INR,do_not_honor,False,2024-03-03 01:44:56,card,False,ecommerce_one_time
txn_47305774b9,cust_ddac02d708,202.32,INR,do_not_honor,False,2024-03-08 14:04:11,upi,True,d2c_subscription
txn_158a1933fd,cust_537cd718ce,1436.09,INR,processing_error,False,2024-03-05 06:09:41,upi,False,ecommerce_one_time
txn_db1b8138f8,cust_1c47997336,5014.94,INR,processing_error,False,2024-03-03 23:26:18,card,False,ecommerce_one_time
txn_5b9eadcc09,cust_971245b04b,322.5,INR,network_timeout,False,2024-03-07 00:12:18,card,False,saas
txn_e20a0f56ff,cust_9dcf2cffc0,456.94,INR,insufficient_funds,False,2024-03-12 14:34:30,card,True,saas
txn_e29dec09aa,cust_fcff00bb53,1350.15,INR,processing_error,False,2024-03-04 03:21:23,netbanking,True,saas
txn_acac13c267,cust_8fe2648fdd,2958.32,INR,do_not_honor,False,2024-03-14 06:15:25,card,True,d2c_subscription
txn_5a980fff41,cust_59ca3d8ab6,1148.29,INR,insufficient_funds,False,2024-03-08 04:27:56,upi,False,d2c_subscription
txn_9ca2411497,cust_804696f6a8,156.45,INR,processing_error,False,2024-03-04 13:44:10,card,True,saas
txn_4c7bd27ce9,cust_0cc1fee4ca,1317.75,INR,processing_error,False,2024-03-07 12:16:27,upi,False,ecommerce_one_time
txn_c88f6e20d2,cust_bd65c4e738,501.27,INR,do_not_honor,False,2024-03-10 14:47:31,card,True,saas
txn_c739dc92a6,cust_3b0e88c020,719.47,INR,network_timeout,False,2024-03-09 16:07:18,card,False,ecommerce_one_time
txn_0f9881fa39,cust_a681e8e1fb,2455.13,INR,issuer_declined,False,2024-03-09 01:30:21,upi,True,d2c_subscription
txn_5d037680b2,cust_1ec701ae9e,2797.95,INR,insufficient_funds,False,2024-03-05 02:00:10,upi,False,d2c_subscription
txn_2c27c2d9d6,cust_e242d3321d,168.98,INR,issuer_declined,False,2024-03-01 14:38:41,card,True,saas
txn_e49a55a1b3,cust_6f21fd00cc,987.14,INR,issuer_declined,False,2024-03-04 14:23:47,card,False,d2c_subscription
txn_7a7fdb3d57,cust_be1430bb07,742.17,INR,processing_error,False,2024-03-11 01:38:45,netbanking,False,ecommerce_one_time
txn_db62dd54a2,cust_064526623b,637.06,INR,network_timeout,False,2024-03-13 22:38:10,card,True,saas
txn_2972a8f4aa,cust_bbb224702d,1437.27,INR,processing_error,False,2024-03-08 21:01:23,card,True,d2c_subscription
txn_f650ea68b7,cust_6bba92fa49,261.62,INR,insufficient_funds,False,2024-03-03 11:42:50,card,True,d2c_subscription
txn_c4d2ae564c,cust_5afa2d5e25,891.15,INR,issuer_declined,False,2024-03-06 14:42:13,card,True,saas
txn_d61dcfb61b,cust_1e55eb940e,1431.85,INR,insufficient_funds,False,2024-03-10 23:52:20,upi,True,d2c_subscription
txn_6e48d0086d,cust_7a68d79715,1804.57,INR,processing_error,False,2024-03-14 06:04:23,upi,True,d2c_subscription
txn_0658be9a67,cust_88437fd42b,11889.3,INR,insufficient_funds,False,2024-03-11 23:15:06,card,False,ecommerce_one_time
txn_8cff9a7b31,cust_e22e2fb41e,594.07,INR,do_not_honor,False,2024-03-05 11:16:44,upi,True,d2c_subscription
txn_9cebe33f7a,cust_1636812b1a,7333.03,INR,network_timeout,False,2024-03-06 02:52:59,card,False,saas
txn_f79dbe534e,cust_77a7833ae7,192.02,INR,processing_error,False,2024-03-09 04:13:07,upi,False,ecommerce_one_time
txn_c9f131bc14,cust_66de3568ff,451.25,INR,issuer_declined,False,2024-03-10 19:48:51,card,True,saas
txn_e075a708e6,cust_14a3fee109,242.53,INR,issuer_declined,False,2024-03-13 01:11:43,card,True,ecommerce_one_time
txn_4b3868417c,cust_dba1c395de,304.68,INR,processing_error,False,2024-03-01 21:15:09,upi,True,d2c_subscription
txn_58281a5880,cust_32793a43b9,1104.71,INR,do_not_honor,False,2024-03-09 11:20:17,card,True,saas
txn_37bb2d471f,cust_ccc01d96e3,327.11,INR,insufficient_funds,False,2024-03-04 18:13:01,card,True,d2c_subscription
txn_4de9c5ac46,cust_8878d68ee6,679.58,INR,network_timeout,False,2024-03-09 01:12:57,card,True,saas
txn_775742e64d,cust_5aba48d47b,1180.59,INR,do_not_honor,False,2024-03-07 12:44:40,upi,False,ecommerce_one_time
txn_668867b9a7,cust_75839729b4,4781.41,INR,issuer_declined,False,2024-03-06 12:42:45,card,False,ecommerce_one_time
txn_733fdec5c2,cust_37999bbd6b,1752.43,INR,insufficient_funds,False,2024-03-10 12:26:26,upi,False,d2c_subscription
txn_eacf25ae2e,cust_3df301ec08,13289.15,INR,issuer_declined,False,2024-03-02 09:07:23,upi,True,d2c_subscription
txn_a764b7b435,cust_67eeaad87d,1079.99,INR,issuer_declined,False,2024-03-09 02:20:40,upi,True,d2c_subscription
txn_73df974e6a,cust_3c94a86a6a,758.4,INR,insufficient_funds,False,2024-03-04 18:56:17,card,True,d2c_subscription
txn_40f52d15e6,cust_5ff83b1f4d,148.72,INR,do_not_honor,False,2024-03-02 16:06:21,upi,True,saas
txn_cdd68da3a8,cust_d2b8c09894,416.59,INR,issuer_declined,False,2024-03-10 03:29:49,card,False,ecommerce_one_time
txn_d7ecb8138d,cust_e2afe59876,114.03,INR,network_timeout,False,2024-03-12 05:22:21,netbanking,True,saas
txn_91e9773af6,cust_9c328517ce,854.91,INR,card_expired,True,2024-03-01 22:11:54,upi,True,saas
txn_d0c5ff7e55,cust_f2fa29f515,459.03,INR,insufficient_funds,False,2024-03-04 11:56:15,card,True,saas
txn_bac36e9154,cust_1fdcd88134,1078.66,INR,insufficient_funds,False,2024-03-04 10:16:51,upi,True,ecommerce_one_time
txn_c9121f496e,cust_a3144feb9e,810.99,INR,network_timeout,False,2024-03-02 06:07:46,card,False,ecommerce_one_time
txn_83437e79d4,cust_5038017d73,2225.39,INR,account_closed,True,2024-03-15 02:36:30,card,True,saas
txn_382b89a2c4,cust_7a68d79715,435.81,INR,network_timeout,False,2024-03-02 06:34:19,card,False,saas
txn_2c7f98dda0,cust_8ca061fd5e,1502.97,INR,insufficient_funds,False,2024-03-13 20:49:38,upi,False,ecommerce_one_time
txn_59e496e97d,cust_064f80bb8c,77.91,INR,insufficient_funds,False,2024-03-13 11:10:43,upi,True,d2c_subscription
txn_b54954af1b,cust_ad9f856b53,257.05,INR,insufficient_funds,False,2024-03-12 10:44:54,netbanking,False,ecommerce_one_time
txn_6634936cb0,cust_46c6dd4b0f,418.62,INR,network_timeout,False,2024-03-13 21:55:40,card,False,ecommerce_one_time
txn_2057823396,cust_0fdf4b8de4,1130.22,INR,do_not_honor,False,2024-03-14 07:56:35,upi,True,ecommerce_one_time
txn_00b6bbb4ec,cust_238fb88b27,2219.19,INR,do_not_honor,False,2024-03-13 17:56:48,upi,True,saas
txn_269a407225,cust_1222fef81b,2440.36,INR,do_not_honor,False,2024-03-08 16:53:48,upi,True,d2c_subscription
txn_21b0f47d58,cust_c56dfc09e0,4814.41,INR,insufficient_funds,False,2024-03-10 06:50:21,card,True,ecommerce_one_time
txn_fe9af8427b,cust_1457e6efc8,1756.46,INR,do_not_honor,False,2024-03-10 17:31:08,card,True,saas
txn_8e950ae5b1,cust_afd6cd5509,4143.52,INR,insufficient_funds,False,2024-03-13 02:16:09,upi,False,ecommerce_one_time
txn_082fc33c19,cust_f0ede79dd8,520.55,INR,processing_error,False,2024-03-01 21:05:50,card,True,d2c_subscription
txn_5bc73af8e9,cust_c501d8891a,3228.18,INR,processing_error,False,2024-03-10 20:17:33,card,True,ecommerce_one_time
txn_debdc3bd1c,cust_96e551c00f,1855.69,INR,processing_error,False,2024-03-08 21:09:39,card,True,d2c_subscription
txn_9fdb81fad0,cust_c0990f3930,7391.91,INR,issuer_declined,False,2024-03-13 12:12:38,card,True,saas
txn_6a109859d6,cust_f0f8fb3d4a,2539.09,INR,network_timeout,False,2024-03-12 12:42:58,card,True,d2c_subscription
txn_e7b04f80fc,cust_92cb473a15,1395.41,INR,processing_error,False,2024-03-12 05:15:57,card,True,saas
txn_e8ae843789,cust_b6ba9f0687,1242.47,INR,insufficient_funds,False,2024-03-01 21:50:04,upi,True,saas
txn_efa7af19e8,cust_e94856e331,1637.73,INR,insufficient_funds,False,2024-03-13 00:46:31,netbanking,False,ecommerce_one_time
txn_237d032783,cust_9ddbc6668b,412.48,INR,processing_error,False,2024-03-08 07:20:09,card,True,saas
txn_b955261407,cust_1ce8b1dccc,1073.05,INR,issuer_declined,False,2024-03-07 21:09:04,card,False,ecommerce_one_time
txn_73eff81c4b,cust_9d58d87865,158.31,INR,insufficient_funds,False,2024-03-14 11:27:07,upi,True,saas
txn_a6822c8182,cust_d41e7c295a,4428.8,INR,insufficient_funds,False,2024-03-10 14:04:44,card,True,d2c_subscription
txn_a622000799,cust_fc32e5fcda,1079.7,INR,insufficient_funds,False,2024-03-14 08:49:35,netbanking,False,ecommerce_one_time
txn_af265ce705,cust_7209af5872,620.99,INR,issuer_declined,False,2024-03-13 01:13:15,upi,True,d2c_subscription
txn_4a78b7a5d1,cust_77a7833ae7,528.31,INR,do_not_honor,False,2024-03-06 01:06:06,card,False,ecommerce_one_time
txn_59f2b12746,cust_d8ad4d83eb,600.79,INR,insufficient_funds,False,2024-03-07 13:00:36,card,False,ecommerce_one_time
txn_3fbfc9b247,cust_845816ba33,99.72,INR,processing_error,False,2024-03-08 13:44:55,card,True,d2c_subscription
txn_aec1dc6f74,cust_99289f7111,1436.94,INR,issuer_declined,False,2024-03-12 12:16:49,upi,False,ecommerce_one_time
txn_e81ddbaeac,cust_e3395c456e,2081.67,INR,issuer_declined,False,2024-03-06 18:15:31,card,True,saas
txn_56a6e066c1,cust_aff4fc8467,491.37,INR,insufficient_funds,False,2024-03-02 20:02:09,netbanking,True,d2c_subscription
txn_8dcf5281d5,cust_16e537a621,2116.86,INR,network_timeout,False,2024-03-03 14:30:52,upi,True,saas
txn_eaf5b8e899,cust_26bf705543,3994.73,INR,card_stolen,True,2024-03-13 01:48:22,netbanking,True,ecommerce_one_time
txn_c189d3f0c6,cust_59ca3d8ab6,1696.25,INR,do_not_honor,False,2024-03-05 23:03:19,netbanking,True,d2c_subscription
txn_3ab297be72,cust_56c84d941a,3079.22,INR,insufficient_funds,False,2024-03-12 02:02:42,card,True,d2c_subscription
txn_dd13d3e742,cust_518b519ad5,774.12,INR,insufficient_funds,False,2024-03-03 10:26:19,card,False,ecommerce_one_time
txn_8cc4d00b1a,cust_6fd815f8c2,657.21,INR,insufficient_funds,False,2024-03-08 21:04:28,netbanking,True,saas
txn_3de0e6504b,cust_a1cd70f74e,1270.91,INR,network_timeout,False,2024-03-05 02:27:25,card,False,ecommerce_one_time
txn_0a245211f6,cust_077251b505,407.25,INR,insufficient_funds,False,2024-03-07 22:47:37,card,True,saas
txn_c111a4a1d3,cust_39db5f3558,949.03,INR,card_stolen,True,2024-03-06 01:24:07,card,True,saas
txn_736a7938c1,cust_25d91349a5,2087.46,INR,do_not_honor,False,2024-03-02 09:52:35,card,True,d2c_subscription
txn_f1bb88de13,cust_7583bac233,3316.48,INR,do_not_honor,False,2024-03-13 14:44:29,netbanking,True,saas
txn_dd30d2f5a7,cust_bad8700600,327.08,INR,network_timeout,False,2024-03-02 20:23:16,card,False,d2c_subscription
txn_4dc3da19c8,cust_2ec8373d9d,2233.55,INR,insufficient_funds,False,2024-03-08 17:46:12,upi,False,ecommerce_one_time
txn_751a834385,cust_77a7833ae7,913.87,INR,processing_error,False,2024-03-13 12:15:26,netbanking,False,ecommerce_one_time
txn_48cbdadd9d,cust_5774cd6011,2298.81,INR,insufficient_funds,False,2024-03-09 10:28:52,card,True,saas
txn_608126e4c4,cust_d8854df7ea,682.26,INR,network_timeout,False,2024-03-14 17:13:57,upi,True,saas
txn_2555e15b78,cust_223a2982ae,272.52,INR,do_not_honor,False,2024-03-07 22:19:35,card,True,saas
txn_6f8f051998,cust_4ec834cdd4,5353.69,INR,insufficient_funds,False,2024-03-08 21:17:50,card,True,d2c_subscription
txn_fde36330f4,cust_7720b002c5,1802.16,INR,network_timeout,False,2024-03-10 00:34:34,card,True,saas
txn_17fb32fa8b,cust_d8d64b73e4,4796.72,INR,insufficient_funds,False,2024-03-09 06:44:10,card,True,saas
txn_bd49f7e153,cust_518b519ad5,260.45,INR,insufficient_funds,False,2024-03-06 19:32:00,card,True,ecommerce_one_time
txn_6b31f39d3d,cust_72f047d5a3,299.33,INR,network_timeout,False,2024-03-03 22:13:21,card,False,ecommerce_one_time
txn_78e6caa179,cust_a6781a34e3,1002.88,INR,issuer_declined,False,2024-03-10 00:08:06,card,False,ecommerce_one_time
txn_2f1a8ba029,cust_9c328517ce,603.5,INR,network_timeout,False,2024-03-15 06:20:30,card,True,saas
txn_31f20738d8,cust_ae632f63fb,1576.9,INR,processing_error,False,2024-03-07 16:38:26,upi,False,d2c_subscription
txn_8504944ded,cust_ed8e239074,1298.44,INR,do_not_honor,False,2024-03-02 06:34:42,card,False,saas
txn_74e2d90661,cust_a483efc4a9,2027.58,INR,issuer_declined,False,2024-03-09 23:19:19,upi,True,saas
txn_084889328e,cust_a7bf0e9454,315.53,INR,insufficient_funds,False,2024-03-13 18:47:13,netbanking,True,d2c_subscription
txn_78cece434a,cust_4ec834cdd4,353.47,INR,card_stolen,True,2024-03-02 21:00:23,upi,True,ecommerce_one_time
txn_0deec902e2,cust_5038017d73,466.07,INR,insufficient_funds,False,2024-03-09 15:07:07,upi,True,d2c_subscription
txn_7fcb125ad5,cust_52f961f395,2454.56,INR,do_not_honor,False,2024-03-10 06:31:57,upi,True,saas
txn_2077c88844,cust_de45ce6e64,716.3,INR,insufficient_funds,False,2024-03-11 08:45:48,upi,True,d2c_subscription
txn_d506cb6f8c,cust_9c328517ce,383.87,INR,insufficient_funds,False,2024-03-05 06:24:25,netbanking,False,ecommerce_one_time
txn_5d20dfe2a0,cust_9859ad8a52,1588.61,INR,do_not_honor,False,2024-03-13 11:01:13,netbanking,True,saas
txn_4f17b3bafb,cust_b8050787dc,357.13,INR,network_timeout,False,2024-03-06 21:47:06,card,False,ecommerce_one_time
txn_b809fd94e2,cust_a0aa60e816,4219.88,INR,processing_error,False,2024-03-10 14:49:50,upi,True,saas
txn_0c1d0009a9,cust_f9be23bf5d,2270.96,INR,network_timeout,False,2024-03-10 02:27:51,upi,True,saas
txn_16cebe251d,cust_2342beeb09,2223.41,INR,issuer_declined,False,2024-03-12 11:31:43,card,False,ecommerce_one_time
txn_4f2c011500,cust_7583bac233,1256.78,INR,issuer_declined,False,2024-03-04 04:38:10,card,True,saas
txn_8255f38499,cust_76d4fba047,332.66,INR,insufficient_funds,False,2024-03-09 03:36:43,upi,True,d2c_subscription
txn_4581740ec8,cust_c7e5d2df47,3839.52,INR,processing_error,False,2024-03-02 12:20:15,upi,True,saas
txn_d20aaa7c36,cust_3f46424042,6309.3,INR,issuer_declined,False,2024-03-03 21:47:54,card,True,d2c_subscription
txn_f696d34d0f,cust_32793a43b9,1310.2,INR,do_not_honor,False,2024-03-04 20:28:39,card,True,d2c_subscription
txn_8a43d6ff1a,cust_b5fbccca6b,2247.42,INR,insufficient_funds,False,2024-03-09 04:43:41,card,False,ecommerce_one_time
txn_717cb62333,cust_f0af68e2d4,752.12,INR,network_timeout,False,2024-03-02 05:16:28,upi,False,ecommerce_one_time
txn_c9fd58013c,cust_2b7d8be0c7,2572.96,INR,network_timeout,False,2024-03-07 07:27:26,netbanking,True,d2c_subscription
txn_41f00e1e89,cust_5b658ffe88,698.61,INR,network_timeout,False,2024-03-09 09:24:04,netbanking,True,saas
txn_15f93abd12,cust_c01bf4e002,7001.3,INR,insufficient_funds,False,2024-03-10 15:15:39,card,True,saas
txn_6ef4e6dd7e,cust_ec13538a6f,1410.14,INR,account_closed,True,2024-03-02 16:59:01,card,True,d2c_subscription
txn_e2ddbe6b5e,cust_1f1cce45eb,1256.39,INR,insufficient_funds,False,2024-03-11 22:35:20,upi,False,d2c_subscription
txn_3f32cc1250,cust_6097213761,832.24,INR,issuer_declined,False,2024-03-03 05:35:21,upi,False,saas
txn_8934d475ee,cust_9a5f12bd0c,706.45,INR,insufficient_funds,False,2024-03-12 07:11:07,card,False,ecommerce_one_time
txn_2cecdc98f7,cust_ce7e12b24f,997.57,INR,insufficient_funds,False,2024-03-04 19:50:17,card,True,saas
txn_290ff71c64,cust_4945298f92,742.11,INR,do_not_honor,False,2024-03-11 13:11:35,card,True,saas
txn_1f89fcf8e3,cust_08c2d019be,1299.99,INR,insufficient_funds,False,2024-03-03 19:22:22,upi,True,ecommerce_one_time
txn_976c8f20c6,cust_a1d4fa3c18,299.2,INR,issuer_declined,False,2024-03-03 19:14:12,upi,False,d2c_subscription
txn_98628d0686,cust_de14fffec7,606.48,INR,processing_error,False,2024-03-05 06:40:31,card,True,d2c_subscription
txn_1cce11e935,cust_2e898f2822,583.35,INR,network_timeout,False,2024-03-01 14:39:36,netbanking,True,saas
txn_48273b810d,cust_32793a43b9,770.82,INR,processing_error,False,2024-03-08 07:51:52,upi,False,d2c_subscription
txn_4720b666e9,cust_51124e03df,1682.32,INR,do_not_honor,False,2024-03-03 18:11:32,netbanking,True,d2c_subscription
txn_bcf190460a,cust_b35bcfadc7,1134.92,INR,insufficient_funds,False,2024-03-07 18:23:14,card,False,saas
txn_7e68cfa245,cust_246cf9b521,2487.06,INR,network_timeout,False,2024-03-14 22:59:24,card,True,d2c_subscription
txn_43b7cf4cda,cust_39db5f3558,816.85,INR,insufficient_funds,False,2024-03-09 15:39:27,netbanking,False,saas
txn_156348c743,cust_2f3aac4682,674.11,INR,insufficient_funds,False,2024-03-15 01:05:38,netbanking,True,saas
txn_a034c4e5bd,cust_3cd2114fa0,255.86,INR,insufficient_funds,False,2024-03-06 04:47:52,netbanking,True,saas
txn_b69caa26fd,cust_d358871ae2,671.58,INR,processing_error,False,2024-03-13 08:46:59,upi,True,saas
txn_8b47513846,cust_c60ee296fa,626.56,INR,issuer_declined,False,2024-03-10 22:52:15,card,True,saas
txn_c1fe320bd1,cust_f8b268a31c,670.63,INR,processing_error,False,2024-03-03 07:12:05,card,True,ecommerce_one_time
txn_328eef191c,cust_d58f13c458,734.45,INR,issuer_declined,False,2024-03-05 03:28:28,card,False,d2c_subscription
txn_17e84d0176,cust_503d966dda,3033.41,INR,issuer_declined,False,2024-03-10 19:05:24,netbanking,False,saas
txn_530051908b,cust_5afa2d5e25,5771.68,INR,issuer_declined,False,2024-03-08 10:16:53,card,False,d2c_subscription
txn_dc43e6769d,cust_3634127daa,1268.45,INR,insufficient_funds,False,2024-03-07 08:46:05,upi,True,saas
txn_be0b090a8a,cust_81730c1a7d,3863.81,INR,issuer_declined,False,2024-03-10 13:19:44,netbanking,True,d2c_subscription
txn_b42364d147,cust_a1d85f156e,1667.28,INR,processing_error,False,2024-03-05 00:03:35,netbanking,False,ecommerce_one_time
txn_f531c1d4ad,cust_eae3e35589,377.41,INR,do_not_honor,False,2024-03-13 10:31:54,netbanking,True,d2c_subscription
txn_a3e1f45b46,cust_7f7c499178,223.7,INR,insufficient_funds,False,2024-03-09 12:42:14,upi,True,d2c_subscription
txn_dfd6eb1a4a,cust_b890f4cd0f,680.23,INR,processing_error,False,2024-03-11 22:08:36,card,True,saas
txn_2993b2398e,cust_af1ab4d2d9,1984.54,INR,issuer_declined,False,2024-03-05 23:49:27,netbanking,False,saas
txn_027f8f4691,cust_4c0cbb0b98,648.88,INR,insufficient_funds,False,2024-03-06 12:53:34,card,False,ecommerce_one_time
txn_1b6a08fb25,cust_eface3a8b1,601.78,INR,insufficient_funds,False,2024-03-04 04:49:53,card,True,d2c_subscription
txn_c8af8ff0d8,cust_b890f6eee6,654.84,INR,do_not_honor,False,2024-03-10 07:43:51,netbanking,True,d2c_subscription
txn_8f55ff9615,cust_54c2dde01a,583.52,INR,issuer_declined,False,2024-03-12 06:27:43,upi,True,ecommerce_one_time
txn_dd000c2d50,cust_e582b68840,413.87,INR,processing_error,False,2024-03-15 00:51:19,card,True,saas
txn_03b9d95362,cust_79686500c8,2968.44,INR,insufficient_funds,False,2024-03-03 10:50:08,card,False,ecommerce_one_time
txn_1797fec144,cust_ce7e12b24f,1164.66,INR,processing_error,False,2024-03-10 21:12:29,card,True,d2c_subscription
txn_a229a5c20a,cust_8fb2446202,2890.34,INR,issuer_declined,False,2024-03-04 22:27:19,netbanking,True,saas
txn_fcc9a35a7d,cust_b2530383d9,2215.83,INR,do_not_honor,False,2024-03-10 08:54:14,upi,True,saas
txn_03fc17e71e,cust_9201acab85,2872.64,INR,network_timeout,False,2024-03-10 20:26:38,card,True,d2c_subscription
txn_252803266f,cust_5311fad5ef,5789.03,INR,issuer_declined,False,2024-03-12 05:16:30,upi,False,saas
txn_ad66564f6e,cust_867335b3dd,167.18,INR,insufficient_funds,False,2024-03-04 13:27:59,netbanking,True,d2c_subscription
txn_7c79b267df,cust_acd734c13f,2642.4,INR,do_not_honor,False,2024-03-11 11:47:54,netbanking,True,d2c_subscription
txn_09521f399d,cust_ec13538a6f,442.86,INR,account_closed,True,2024-03-11 08:26:26,card,True,d2c_subscription
txn_b61df94423,cust_103f9d1fae,273.0,INR,card_stolen,True,2024-03-05 15:08:40,upi,False,d2c_subscription
txn_1b23599638,cust_cf15590c4b,4695.25,INR,insufficient_funds,False,2024-03-08 05:57:19,card,True,d2c_subscription
txn_17c0225a14,cust_1222fef81b,1363.75,INR,processing_error,False,2024-03-05 01:15:17,card,True,d2c_subscription
txn_ec31541063,cust_d6530d3860,552.14,INR,issuer_declined,False,2024-03-14 01:12:24,card,False,ecommerce_one_time
txn_7b526ab726,cust_97c047c2df,1062.38,INR,insufficient_funds,False,2024-03-02 01:48:36,card,True,saas
txn_464d78481f,cust_3a85f3aac1,1010.31,INR,processing_error,False,2024-03-12 04:27:35,upi,False,ecommerce_one_time
txn_d74795e72b,cust_7c9eed4d65,3113.15,INR,do_not_honor,False,2024-03-13 20:19:21,card,False,saas
txn_d850b9318e,cust_96f561ca96,2531.84,INR,do_not_honor,False,2024-03-13 23:15:16,card,True,saas
txn_f2b95d907a,cust_70544834c2,298.61,INR,network_timeout,False,2024-03-11 03:15:38,card,False,d2c_subscription
txn_88e6f460c4,cust_e5e6848b4b,1189.01,INR,issuer_declined,False,2024-03-09 13:42:03,card,True,saas
txn_6878c339cb,cust_834b9ce52c,2047.06,INR,processing_error,False,2024-03-14 10:06:47,upi,True,saas
txn_214d9425ca,cust_9b0fd22a6f,836.84,INR,issuer_declined,False,2024-03-06 18:49:05,card,True,saas
txn_ec0b74959c,cust_6b5fef9fb3,236.85,INR,insufficient_funds,False,2024-03-06 21:55:48,card,True,d2c_subscription
txn_ed769a8b9f,cust_6f8f889f9c,2230.64,INR,issuer_declined,False,2024-03-04 14:53:38,netbanking,True,d2c_subscription
txn_12d58f6c90,cust_74660b9cab,6384.59,INR,card_stolen,True,2024-03-15 06:29:37,card,True,saas
txn_96c2f04659,cust_f7e983d56d,2603.73,INR,do_not_honor,False,2024-03-14 03:39:35,netbanking,True,d2c_subscription
txn_790727765f,cust_133535cc20,344.7,INR,insufficient_funds,False,2024-03-12 15:00:01,upi,True,saas
txn_ace9394925,cust_398c7234b4,287.03,INR,processing_error,False,2024-03-09 08:46:47,upi,False,ecommerce_one_time
txn_f4841410e2,cust_fb971a75d8,788.94,INR,card_stolen,True,2024-03-07 06:46:29,upi,True,saas
txn_1243bf90e2,cust_f08bf06ab2,452.88,INR,card_expired,True,2024-03-12 16:11:10,card,False,d2c_subscription
txn_a94b9e0f8c,cust_54b0a688b5,186.47,INR,do_not_honor,False,2024-03-10 11:27:50,netbanking,True,d2c_subscription
txn_24d0bcc882,cust_09304a5971,2405.82,INR,issuer_declined,False,2024-03-08 07:27:29,upi,True,d2c_subscription
txn_dd2917539a,cust_5928173912,4896.43,INR,do_not_honor,False,2024-03-07 21:05:23,card,False,ecommerce_one_time
txn_dcfed2431b,cust_97b7d9ddd5,2000.23,INR,network_timeout,False,2024-03-08 03:07:28,upi,True,saas
txn_91450af458,cust_609f77bd1a,4594.56,INR,network_timeout,False,2024-03-06 12:52:49,card,False,d2c_subscription
txn_7bcf92f46c,cust_138677055e,211.19,INR,network_timeout,False,2024-03-04 22:06:57,netbanking,True,d2c_subscription
txn_4acf7a6a47,cust_b1b15f13f1,931.02,INR,issuer_declined,False,2024-03-03 18:06:59,upi,True,d2c_subscription
txn_7d37d29cbb,cust_1457e6efc8,744.74,INR,insufficient_funds,False,2024-03-01 23:38:38,card,True,saas
txn_c1b5488cef,cust_a6781a34e3,377.66,INR,do_not_honor,False,2024-03-09 23:59:39,netbanking,True,saas
txn_0513fea9e8,cust_bf2c7e310e,1927.39,INR,insufficient_funds,False,2024-03-10 21:43:58,netbanking,True,saas
txn_56f9b4a892,cust_215f7407c0,791.46,INR,insufficient_funds,False,2024-03-11 14:17:27,upi,True,saas
txn_c5aa520eab,cust_e6515caff1,4584.04,INR,do_not_honor,False,2024-03-10 14:22:18,card,False,ecommerce_one_time
txn_32a2193d41,cust_845816ba33,747.33,INR,processing_error,False,2024-03-07 22:57:42,upi,False,ecommerce_one_time
txn_a2c3df390d,cust_ebb75e3130,2871.8,INR,network_timeout,False,2024-03-07 00:59:37,upi,False,saas
txn_09774fceda,cust_89db96c753,1346.4,INR,network_timeout,False,2024-03-14 12:35:14,card,True,d2c_subscription
txn_7336183ffd,cust_259bbb3ed2,2298.98,INR,network_timeout,False,2024-03-01 12:24:43,netbanking,True,d2c_subscription
txn_c7f676ba72,cust_ad2d417b3a,1102.47,INR,processing_error,False,2024-03-14 21:55:01,upi,True,saas
txn_f3a5fc2312,cust_6f8f889f9c,1142.51,INR,processing_error,False,2024-03-09 21:16:14,netbanking,False,d2c_subscription
txn_8582cc0ad9,cust_7ea519a5d3,123.78,INR,insufficient_funds,False,2024-03-09 04:02:54,upi,False,d2c_subscription
txn_5714cff047,cust_1f784b2fff,995.57,INR,do_not_honor,False,2024-03-10 15:59:22,card,True,saas
txn_8e3b06e9e2,cust_134d222d9c,3201.67,INR,insufficient_funds,False,2024-03-12 10:43:32,netbanking,False,d2c_subscription
txn_4fa636502a,cust_775efc16d2,6777.2,INR,insufficient_funds,False,2024-03-08 01:44:19,upi,True,saas
txn_ce23d68549,cust_6076256083,343.57,INR,insufficient_funds,False,2024-03-15 09:34:31,card,True,saas
txn_2d2d3c3bf8,cust_f8b268a31c,1682.88,INR,network_timeout,False,2024-03-05 02:13:32,card,False,d2c_subscription
txn_1c5a9dc89c,cust_775efc16d2,130.29,INR,processing_error,False,2024-03-05 23:43:54,card,True,d2c_subscription
txn_d829d335f9,cust_23b2ced574,340.62,INR,card_expired,True,2024-03-04 16:57:45,upi,False,ecommerce_one_time
txn_5b39743528,cust_d6dea2a4cd,662.19,INR,card_stolen,True,2024-03-04 01:46:19,card,True,saas
txn_fdc826daf5,cust_098197b1c4,119.02,INR,network_timeout,False,2024-03-03 01:47:30,netbanking,False,d2c_subscription
txn_3445447bfa,cust_5a3d28ea4a,872.49,INR,insufficient_funds,False,2024-03-13 10:18:47,netbanking,True,ecommerce_one_time
txn_d604a7a89b,cust_d2d058cf17,1651.25,INR,network_timeout,False,2024-03-03 19:25:50,upi,True,d2c_subscription
txn_a3dcb0ac1b,cust_0068a9b979,2605.49,INR,network_timeout,False,2024-03-07 14:31:44,card,False,ecommerce_one_time
txn_b3194215c2,cust_5928173912,282.3,INR,network_timeout,False,2024-03-13 18:30:20,upi,False,ecommerce_one_time
txn_9556929f8a,cust_1b52dc83e9,187.31,INR,insufficient_funds,False,2024-03-01 17:22:52,card,False,ecommerce_one_time
txn_def41a4d22,cust_f920981b84,12033.58,INR,insufficient_funds,False,2024-03-04 03:15:44,upi,False,ecommerce_one_time
txn_d20eddc62a,cust_0a7e29899f,881.68,INR,card_expired,True,2024-03-11 17:41:54,card,True,d2c_subscription
txn_2f011d41f9,cust_b01783c041,9180.94,INR,insufficient_funds,False,2024-03-03 00:46:02,netbanking,True,d2c_subscription
txn_a9f13b8b98,cust_c2d2c04d93,282.76,INR,issuer_declined,False,2024-03-05 06:26:47,card,False,ecommerce_one_time
txn_f255849d87,cust_073c81c7d9,1102.58,INR,issuer_declined,False,2024-03-09 05:46:49,card,False,ecommerce_one_time
txn_d4197eacba,cust_8fb2446202,630.31,INR,insufficient_funds,False,2024-03-13 05:32:01,netbanking,True,saas
txn_6911b66125,cust_0927c692cc,906.6,INR,insufficient_funds,False,2024-03-05 06:21:00,card,True,saas
txn_c65861e609,cust_603ee4eadc,2091.27,INR,account_closed,True,2024-03-02 10:49:01,netbanking,True,saas
txn_21ea802fdb,cust_a0aa60e816,215.17,INR,network_timeout,False,2024-03-12 19:14:47,netbanking,True,ecommerce_one_time
txn_e092155377,cust_23ab9c7226,175.85,INR,card_expired,True,2024-03-15 11:51:16,card,True,saas
txn_dfd8a2624a,cust_29ca5f7712,27.7,INR,issuer_declined,False,2024-03-12 06:53:17,card,True,saas
txn_d23e297b27,cust_064f80bb8c,694.82,INR,insufficient_funds,False,2024-03-11 08:58:15,upi,True,d2c_subscription
txn_bcaf07d46c,cust_19467435db,1602.31,INR,issuer_declined,False,2024-03-10 04:36:17,netbanking,True,saas
txn_3ad37ce1db,cust_4d7c953ae4,286.49,INR,issuer_declined,False,2024-03-01 19:55:08,netbanking,False,ecommerce_one_time
txn_df035212d8,cust_2f94137b36,774.97,INR,insufficient_funds,False,2024-03-02 00:16:50,card,True,d2c_subscription
txn_29462e06f6,cust_0057f8a858,629.78,INR,processing_error,False,2024-03-06 02:38:54,upi,False,saas
txn_1edc7eb9d4,cust_956e89ddc4,1435.37,INR,account_closed,True,2024-03-12 10:57:27,card,True,saas
txn_c8a618a6d5,cust_c01bf4e002,3558.44,INR,do_not_honor,False,2024-03-12 12:49:12,upi,False,ecommerce_one_time
txn_ab481061c2,cust_6ec410a8ac,197.81,INR,issuer_declined,False,2024-03-14 08:34:25,upi,True,d2c_subscription
txn_df2b193897,cust_067bcf80f0,278.73,INR,issuer_declined,False,2024-03-04 10:06:05,netbanking,True,d2c_subscription
txn_a42f59bd28,cust_e22e2fb41e,1416.93,INR,insufficient_funds,False,2024-03-12 09:47:58,card,True,saas
txn_3f48df9a9e,cust_0057f8a858,1071.5,INR,insufficient_funds,False,2024-03-02 22:14:36,card,True,ecommerce_one_time
txn_8e0d4dd089,cust_9bfc7a7dad,10875.57,INR,do_not_honor,False,2024-03-07 02:16:45,card,True,ecommerce_one_time
txn_8da5264385,cust_2d31e0daee,585.25,INR,issuer_declined,False,2024-03-08 16:16:37,card,True,d2c_subscription
txn_f168eef61a,cust_df0c4b4dff,938.64,INR,do_not_honor,False,2024-03-02 11:45:39,card,True,d2c_subscription
txn_fd2da5f224,cust_59e43e2f4d,589.24,INR,network_timeout,False,2024-03-13 07:34:34,netbanking,False,ecommerce_one_time
txn_c4a43bd0c1,cust_b6ba9f0687,257.54,INR,insufficient_funds,False,2024-03-09 00:11:25,card,True,d2c_subscription
txn_3e044b7862,cust_4b4d26a3fb,429.17,INR,insufficient_funds,False,2024-03-11 21:06:46,card,True,d2c_subscription
txn_00cc328bab,cust_8f4760b8c3,2743.0,INR,insufficient_funds,False,2024-03-12 23:08:46,upi,False,ecommerce_one_time
txn_5094f27e22,cust_6678eae6f7,398.84,INR,insufficient_funds,False,2024-03-02 07:06:50,card,False,ecommerce_one_time
txn_f8bced2967,cust_8e79ab16a1,400.83,INR,do_not_honor,False,2024-03-07 00:37:50,card,True,d2c_subscription
txn_f7a544f77a,cust_f867914245,297.04,INR,network_timeout,False,2024-03-13 05:52:11,netbanking,False,ecommerce_one_time
txn_92a8309585,cust_1b4a536b10,135.7,INR,network_timeout,False,2024-03-13 23:55:49,card,True,d2c_subscription
txn_cb7a7e1e98,cust_c2e5b10a6d,793.62,INR,processing_error,False,2024-03-11 03:11:58,card,False,d2c_subscription
txn_261d8cc06d,cust_22d502fceb,387.94,INR,issuer_declined,False,2024-03-03 19:53:48,upi,True,saas
txn_7246c73867,cust_2f3aac4682,2279.3,INR,insufficient_funds,False,2024-03-13 11:05:58,card,True,d2c_subscription
txn_c237854ae1,cust_0e77c21f77,208.37,INR,issuer_declined,False,2024-03-05 02:46:55,card,True,saas
txn_b041fa5404,cust_75e806b532,1136.53,INR,issuer_declined,False,2024-03-14 00:31:00,card,True,saas
txn_80cce0549f,cust_f99950209e,792.46,INR,network_timeout,False,2024-03-10 18:50:24,card,False,ecommerce_one_time
txn_326435085a,cust_a1cd70f74e,2038.6,INR,do_not_honor,False,2024-03-08 04:35:59,netbanking,True,saas
txn_dbe18fab4e,cust_9c328517ce,1124.73,INR,insufficient_funds,False,2024-03-13 16:38:57,card,True,ecommerce_one_time
txn_a647335492,cust_2342beeb09,245.11,INR,issuer_declined,False,2024-03-09 22:42:21,card,True,saas
txn_cc104ec42f,cust_636d4c11c7,498.72,INR,insufficient_funds,False,2024-03-11 18:01:07,card,True,saas
txn_540317706e,cust_0d0e53d3b7,359.74,INR,card_expired,True,2024-03-14 20:29:15,netbanking,False,saas
txn_2a7e1447c5,cust_2dbe5a771e,4331.71,INR,insufficient_funds,False,2024-03-15 11:40:15,card,True,d2c_subscription
txn_7e8f1fe55e,cust_04cc7ee53a,1290.97,INR,insufficient_funds,False,2024-03-13 11:12:53,netbanking,False,d2c_subscription
txn_62087ec731,cust_81730c1a7d,137.51,INR,insufficient_funds,False,2024-03-05 00:30:20,card,False,saas
txn_e1a019b56d,cust_7620bb757d,1969.55,INR,network_timeout,False,2024-03-14 23:20:49,netbanking,True,d2c_subscription
txn_daf47e0d0f,cust_21dbf0e069,883.9,INR,do_not_honor,False,2024-03-08 10:06:55,card,True,d2c_subscription
txn_a03a3737bb,cust_638698d70b,3510.47,INR,do_not_honor,False,2024-03-15 03:44:16,card,True,saas
txn_3581ab23e1,cust_634a2d6056,308.15,INR,issuer_declined,False,2024-03-12 11:32:11,card,True,saas
txn_7aa37c5fa3,cust_9bfc7a7dad,629.6,INR,insufficient_funds,False,2024-03-13 00:02:03,card,True,saas
txn_1c09c7c27b,cust_5d8589d891,466.89,INR,network_timeout,False,2024-03-10 17:48:57,upi,True,saas
txn_2f897fff5c,cust_63c3da41c1,1488.41,INR,insufficient_funds,False,2024-03-05 02:08:02,upi,True,saas
txn_31b405bb65,cust_7c234829f9,1514.74,INR,insufficient_funds,False,2024-03-09 14:31:02,upi,True,d2c_subscription
txn_9b4183041d,cust_7f262afd7d,3489.05,INR,do_not_honor,False,2024-03-15 07:02:15,card,True,d2c_subscription
txn_4d89005603,cust_5bf847c6bf,3083.16,INR,insufficient_funds,False,2024-03-13 11:23:17,upi,False,ecommerce_one_time
txn_d7ad1dcaa4,cust_fc18fb46ee,3755.08,INR,insufficient_funds,False,2024-03-11 05:41:45,card,False,ecommerce_one_time
txn_ec01c2f824,cust_bad8700600,1628.63,INR,network_timeout,False,2024-03-11 14:27:11,netbanking,True,d2c_subscription
txn_c21ba95a6c,cust_312d2a25bd,1452.49,INR,do_not_honor,False,2024-03-07 14:13:53,upi,True,saas
txn_8e46ee807b,cust_58ff0700e8,164.0,INR,insufficient_funds,False,2024-03-10 14:06:19,upi,True,saas
txn_614e0f8e1f,cust_7b6156a827,766.63,INR,issuer_declined,False,2024-03-05 02:06:57,netbanking,False,d2c_subscription
txn_c04e81a998,cust_293763ec13,2023.42,INR,processing_error,False,2024-03-11 23:10:07,upi,True,saas
txn_53a05c3cae,cust_ce7e12b24f,271.19,INR,insufficient_funds,False,2024-03-06 00:13:42,upi,False,saas
txn_33351fbb28,cust_360a2a7239,7514.97,INR,insufficient_funds,False,2024-03-14 02:09:36,card,False,ecommerce_one_time
txn_1790435afb,cust_ceb15a0109,1704.68,INR,do_not_honor,False,2024-03-01 15:53:22,upi,True,saas
txn_376650c8ef,cust_bbb898167b,2013.32,INR,do_not_honor,False,2024-03-01 16:28:23,card,True,saas
txn_d7a9a8b4e5,cust_215f7407c0,794.41,INR,card_stolen,True,2024-03-11 15:23:22,card,False,ecommerce_one_time
txn_bbf91f89d3,cust_f8f8bcab95,56.14,INR,issuer_declined,False,2024-03-12 05:18:52,upi,True,saas
txn_21bb8d68f6,cust_3db5419d1e,614.99,INR,insufficient_funds,False,2024-03-15 11:57:13,card,False,saas
txn_9f1a8461fe,cust_d96871f559,1200.12,INR,do_not_honor,False,2024-03-01 20:04:10,upi,True,saas
txn_0c25f37c3d,cust_71093068a9,760.45,INR,processing_error,False,2024-03-14 23:09:30,card,False,d2c_subscription
txn_08f7c599a8,cust_fb971a75d8,10143.61,INR,insufficient_funds,False,2024-03-15 11:17:38,card,False,ecommerce_one_time
txn_d5d93d5f46,cust_775efc16d2,298.35,INR,do_not_honor,False,2024-03-14 03:14:02,netbanking,True,d2c_subscription
txn_6161ebffe5,cust_ddac02d708,247.84,INR,insufficient_funds,False,2024-03-11 08:54:14,card,True,d2c_subscription
txn_e91e2c7b73,cust_dba1c395de,4218.13,INR,network_timeout,False,2024-03-01 20:19:13,upi,True,saas
txn_186c69a016,cust_6f600342f4,1822.9,INR,network_timeout,False,2024-03-13 04:01:33,upi,True,saas
txn_edcb852c9c,cust_c0990f3930,801.17,INR,issuer_declined,False,2024-03-07 12:27:50,netbanking,True,d2c_subscription
txn_1cea9eb447,cust_4ae98356cf,96.41,INR,card_stolen,True,2024-03-06 09:27:05,card,True,saas
txn_b0dee4a11d,cust_0f845c69cd,677.36,INR,card_stolen,True,2024-03-04 07:24:44,upi,False,saas
txn_c8432c8f67,cust_0d0e53d3b7,7373.47,INR,insufficient_funds,False,2024-03-05 17:00:25,card,True,d2c_subscription
txn_e284f99b7f,cust_2a226bbb32,541.19,INR,issuer_declined,False,2024-03-01 17:00:49,card,False,ecommerce_one_time
txn_adce7cc8f5,cust_63c3da41c1,112.15,INR,do_not_honor,False,2024-03-06 05:40:32,card,False,ecommerce_one_time
txn_2bb32da4c8,cust_0057f8a858,908.79,INR,insufficient_funds,False,2024-03-03 16:19:34,card,True,ecommerce_one_time
txn_aadc053a94,cust_9a6e893e15,1820.19,INR,issuer_declined,False,2024-03-11 00:32:04,card,True,d2c_subscription
txn_0cccb23047,cust_52a8884361,4271.26,INR,insufficient_funds,False,2024-03-09 19:02:28,card,False,ecommerce_one_time
txn_ba909951cc,cust_fab7ef3926,1968.29,INR,card_stolen,True,2024-03-05 04:18:33,card,False,ecommerce_one_time
txn_a677191ccd,cust_cfa86c33b8,2563.46,INR,issuer_declined,False,2024-03-03 05:42:14,upi,True,saas
txn_553a2a22f2,cust_956447e87c,1004.99,INR,processing_error,False,2024-03-15 10:17:32,card,True,d2c_subscription
txn_9322a66755,cust_3674315a87,200.69,INR,issuer_declined,False,2024-03-09 10:15:35,card,True,saas
txn_c83498eae9,cust_de45ce6e64,297.65,INR,insufficient_funds,False,2024-03-04 06:25:34,card,False,ecommerce_one_time
txn_9826bb57f8,cust_d98589cf8a,278.37,INR,network_timeout,False,2024-03-13 21:42:25,card,False,ecommerce_one_time
txn_961d764b33,cust_c5bc19071c,471.22,INR,insufficient_funds,False,2024-03-10 13:27:20,upi,False,ecommerce_one_time
txn_51abc7fd99,cust_7ff641fca7,420.38,INR,insufficient_funds,False,2024-03-07 19:49:41,netbanking,True,saas
txn_05203eac8d,cust_b8050787dc,4738.45,INR,issuer_declined,False,2024-03-14 08:09:30,upi,False,ecommerce_one_time
txn_7fbee0c858,cust_526cf928b1,6883.83,INR,processing_error,False,2024-03-02 16:18:33,upi,True,saas
txn_8ec95174db,cust_9e752179ba,1506.63,INR,issuer_declined,False,2024-03-10 08:26:08,card,True,saas
txn_1f5d2f7de3,cust_b79b41a7fb,690.72,INR,insufficient_funds,False,2024-03-04 12:23:43,netbanking,False,d2c_subscription
txn_d37895885c,cust_4453efebb7,256.07,INR,issuer_declined,False,2024-03-09 12:22:52,card,False,ecommerce_one_time
txn_2862228529,cust_215f7407c0,259.79,INR,insufficient_funds,False,2024-03-09 20:57:09,card,False,ecommerce_one_time
txn_faf7d7ccab,cust_d41e7c295a,1254.11,INR,insufficient_funds,False,2024-03-01 23:25:45,card,True,saas
txn_60c70e4d3a,cust_acd734c13f,854.76,INR,do_not_honor,False,2024-03-03 12:45:54,card,True,saas
txn_7eb5d1eecb,cust_82839d7410,1419.44,INR,insufficient_funds,False,2024-03-08 06:40:19,upi,True,d2c_subscription
txn_4fa6aca455,cust_70f76fdaa4,185.77,INR,issuer_declined,False,2024-03-09 00:02:05,card,False,saas
txn_2e31da542c,cust_c632a2b4ea,1441.41,INR,processing_error,False,2024-03-04 13:38:56,card,False,ecommerce_one_time
txn_f84e21a109,cust_b90f845d3c,517.2,INR,processing_error,False,2024-03-05 21:58:59,card,True,saas
txn_3018bac98d,cust_2a18618850,133.61,INR,insufficient_funds,False,2024-03-01 18:58:01,netbanking,True,saas
txn_594635deaf,cust_33ddd488bb,754.22,INR,issuer_declined,False,2024-03-10 20:04:00,upi,True,d2c_subscription
txn_e066a362e4,cust_be1430bb07,939.45,INR,insufficient_funds,False,2024-03-13 22:08:31,netbanking,True,d2c_subscription
txn_a631e04795,cust_956e89ddc4,138.43,INR,card_stolen,True,2024-03-12 18:34:34,netbanking,True,ecommerce_one_time
txn_b8d8706982,cust_3cf5af94ce,218.26,INR,insufficient_funds,False,2024-03-08 02:41:45,netbanking,False,saas
txn_68100209b0,cust_fc18fb46ee,1684.25,INR,insufficient_funds,False,2024-03-11 02:40:27,card,True,saas
txn_9b0a6167b9,cust_653a16e3ba,666.23,INR,issuer_declined,False,2024-03-04 04:04:11,card,False,ecommerce_one_time
txn_e7263e470e,cust_6f29d8f859,875.56,INR,insufficient_funds,False,2024-03-03 05:56:43,card,True,d2c_subscription
txn_eae9c529a0,cust_cc90f86455,201.07,INR,insufficient_funds,False,2024-03-12 21:12:32,card,False,saas
txn_d3b1164acc,cust_5aba48d47b,468.75,INR,insufficient_funds,False,2024-03-01 15:26:14,upi,False,saas
txn_8872dbc2de,cust_2357a5f167,119.67,INR,processing_error,False,2024-03-06 15:54:25,card,False,ecommerce_one_time
txn_6cb20f7b95,cust_f8b268a31c,1423.99,INR,do_not_honor,False,2024-03-11 19:19:27,card,False,d2c_subscription
txn_1f7ce80552,cust_b65ae7dfe6,1998.41,INR,processing_error,False,2024-03-12 16:24:10,upi,True,saas
txn_44c7a7e0c0,cust_0f4053b23c,103.73,INR,processing_error,False,2024-03-13 04:26:17,card,True,saas
txn_30dbaa46ce,cust_25762a7a8c,428.79,INR,issuer_declined,False,2024-03-08 21:42:27,card,True,saas
txn_ce9fe4e165,cust_6aeaa52a0b,1313.59,INR,card_expired,True,2024-03-14 12:06:59,card,True,saas
txn_a47d409650,cust_327e8eabff,2511.5,INR,processing_error,False,2024-03-13 15:56:17,upi,True,saas
txn_6c3793e550,cust_e5274da2ce,487.62,INR,network_timeout,False,2024-03-04 22:43:00,card,True,saas
txn_dd90e1d42d,cust_848333691f,861.32,INR,processing_error,False,2024-03-08 15:44:48,card,False,saas
txn_06a4552349,cust_0068a9b979,2580.7,INR,issuer_declined,False,2024-03-08 02:35:31,card,False,saas
txn_b0bd983d17,cust_3f27f23764,177.97,INR,issuer_declined,False,2024-03-10 22:54:28,upi,True,d2c_subscription
txn_5bf79231d3,cust_680fbe5919,5566.94,INR,issuer_declined,False,2024-03-07 17:09:02,card,True,d2c_subscription
txn_bbec67b943,cust_1d0e883f8a,178.37,INR,insufficient_funds,False,2024-03-10 16:46:56,card,True,ecommerce_one_time
txn_7311160c5b,cust_f6632cce44,11800.31,INR,issuer_declined,False,2024-03-14 20:48:39,netbanking,True,saas
txn_d9b53c209f,cust_66de3568ff,599.47,INR,insufficient_funds,False,2024-03-07 13:05:00,netbanking,False,ecommerce_one_time
txn_bf3932472a,cust_a362fbad92,2089.11,INR,insufficient_funds,False,2024-03-14 08:45:54,card,False,ecommerce_one_time
txn_c2c3558bd6,cust_b79b41a7fb,3024.64,INR,card_expired,True,2024-03-05 20:32:48,card,False,ecommerce_one_time
txn_a037193d9d,cust_f6d4af31bd,563.63,INR,processing_error,False,2024-03-02 16:41:13,card,True,saas
txn_f683a0cd76,cust_0c5b15aca8,520.33,INR,do_not_honor,False,2024-03-06 03:44:17,upi,True,saas
txn_25624470bd,cust_8ca061fd5e,1765.24,INR,issuer_declined,False,2024-03-07 10:13:07,card,True,d2c_subscription
txn_5ec38dca2e,cust_e242d3321d,1975.08,INR,do_not_honor,False,2024-03-01 23:59:22,netbanking,True,saas
txn_7f3011794a,cust_560afec802,1302.78,INR,network_timeout,False,2024-03-12 10:20:48,upi,True,saas
txn_79d12a5e06,cust_7d227df640,12455.98,INR,processing_error,False,2024-03-04 15:56:42,upi,True,saas
txn_2a1ad0b61b,cust_e26dfac9a2,11101.14,INR,do_not_honor,False,2024-03-12 14:17:35,card,True,d2c_subscription
txn_4462d5a360,cust_7d8a68d21b,312.56,INR,issuer_declined,False,2024-03-15 11:50:21,netbanking,False,ecommerce_one_time
txn_f735e08e3e,cust_f99950209e,5123.5,INR,issuer_declined,False,2024-03-12 03:03:24,upi,True,saas
txn_fe32679e70,cust_46198e4f35,1177.71,INR,processing_error,False,2024-03-08 11:10:53,upi,False,ecommerce_one_time
txn_8993f8f05b,cust_4c1eac0ccc,526.63,INR,account_closed,True,2024-03-14 14:34:39,card,False,ecommerce_one_time
txn_92da2483ac,cust_08c2d019be,1276.12,INR,issuer_declined,False,2024-03-11 14:20:37,upi,False,saas
txn_5e756bb7b6,cust_b993dd01a6,4499.66,INR,issuer_declined,False,2024-03-14 19:16:47,upi,True,d2c_subscription
txn_bd0f098c08,cust_be1430bb07,517.43,INR,issuer_declined,False,2024-03-12 02:14:25,netbanking,False,saas
txn_4d65b21748,cust_fa385feb0b,926.74,INR,issuer_declined,False,2024-03-05 10:05:06,upi,True,ecommerce_one_time
txn_f9e228c78f,cust_7e106cee29,140.91,INR,account_closed,True,2024-03-13 08:52:10,card,False,d2c_subscription
txn_030e16691d,cust_c790ea5bc5,1692.42,INR,processing_error,False,2024-03-11 19:22:40,card,True,d2c_subscription
txn_deb222745e,cust_97c047c2df,3656.63,INR,issuer_declined,False,2024-03-13 14:24:56,upi,False,d2c_subscription
txn_19fc5eb6ff,cust_a65fa84c79,1103.61,INR,issuer_declined,False,2024-03-10 02:49:12,netbanking,True,saas
txn_1dd16ba9ac,cust_80b0a82a23,402.0,INR,issuer_declined,False,2024-03-04 20:17:06,upi,False,ecommerce_one_time
txn_8c04f33f78,cust_8121272dd9,4544.73,INR,insufficient_funds,False,2024-03-07 23:26:46,card,False,ecommerce_one_time
txn_823dd97aee,cust_8a2e6f2a05,534.66,INR,do_not_honor,False,2024-03-12 16:44:09,card,True,d2c_subscription
txn_0faafa3ccb,cust_36fb0749a3,2317.76,INR,network_timeout,False,2024-03-11 00:27:31,upi,True,d2c_subscription
txn_7f99f10760,cust_27709d7f16,1172.85,INR,processing_error,False,2024-03-06 02:51:59,netbanking,True,saas
txn_079e0c9f9b,cust_134d222d9c,1599.15,INR,insufficient_funds,False,2024-03-08 19:07:40,card,True,saas
txn_c2deb653dc,cust_ed8e239074,1771.17,INR,processing_error,False,2024-03-09 01:27:45,card,True,saas
txn_5048a697a1,cust_e30b02867a,844.98,INR,processing_error,False,2024-03-03 09:21:24,netbanking,True,d2c_subscription
txn_00fba5b131,cust_b1b15f13f1,619.78,INR,insufficient_funds,False,2024-03-04 00:45:37,card,False,ecommerce_one_time
txn_9f6bcacc3f,cust_ce7e12b24f,1540.44,INR,do_not_honor,False,2024-03-12 01:58:58,card,False,ecommerce_one_time
txn_792e4ae7a5,cust_5afa2d5e25,42.88,INR,do_not_honor,False,2024-03-05 15:22:01,card,True,saas
txn_7357ccdac1,cust_67eeaad87d,4251.51,INR,network_timeout,False,2024-03-04 10:08:13,card,False,saas
txn_806cb37a67,cust_fd4c0ff868,965.15,INR,insufficient_funds,False,2024-03-02 21:36:21,card,True,saas
txn_da8538862b,cust_12cb051fce,1224.09,INR,insufficient_funds,False,2024-03-11 19:18:48,upi,False,ecommerce_one_time
txn_a8b79531e0,cust_3ad494e676,879.92,INR,do_not_honor,False,2024-03-05 07:23:49,upi,False,ecommerce_one_time
txn_593f1b08f2,cust_9201acab85,455.66,INR,insufficient_funds,False,2024-03-12 21:11:09,upi,True,d2c_subscription
txn_3224dc79e9,cust_71c2958090,634.19,INR,issuer_declined,False,2024-03-09 06:37:45,upi,True,d2c_subscription
txn_a1847415ce,cust_4c119274cf,1768.38,INR,network_timeout,False,2024-03-14 11:35:12,card,True,d2c_subscription
txn_e5e7cfb6e3,cust_6f36a85733,2492.13,INR,insufficient_funds,False,2024-03-07 01:06:45,card,False,saas
txn_73c5993982,cust_19eac84e5f,314.48,INR,issuer_declined,False,2024-03-05 22:06:30,card,True,saas
txn_ef4bf94093,cust_8c9d2e7266,494.7,INR,account_closed,True,2024-03-09 05:52:34,card,True,saas
txn_bcb865ea23,cust_76998c5903,514.5,INR,do_not_honor,False,2024-03-09 17:41:28,upi,True,saas
txn_d553f5dec6,cust_5b571b4898,376.14,INR,do_not_honor,False,2024-03-12 02:40:49,card,True,d2c_subscription
txn_f3af7dba86,cust_609f77bd1a,1221.96,INR,do_not_honor,False,2024-03-04 17:08:12,upi,True,saas
txn_ee34d95310,cust_20752c8647,279.9,INR,insufficient_funds,False,2024-03-02 18:07:26,card,True,d2c_subscription
txn_613b53bff5,cust_360a2a7239,99.88,INR,insufficient_funds,False,2024-03-13 15:25:22,card,False,d2c_subscription
txn_6557f466d4,cust_3c3e6522c6,757.36,INR,processing_error,False,2024-03-11 15:19:01,card,True,d2c_subscription
txn_4307d87db4,cust_335254c045,102.59,INR,issuer_declined,False,2024-03-07 01:16:28,card,False,ecommerce_one_time
txn_9e25566d82,cust_ef239b6ce3,106.14,INR,issuer_declined,False,2024-03-10 09:05:39,upi,True,saas
txn_8357613708,cust_aa71e5c132,218.98,INR,insufficient_funds,False,2024-03-15 07:38:11,upi,True,d2c_subscription
txn_45828f3671,cust_360a2a7239,5633.96,INR,network_timeout,False,2024-03-15 04:59:19,card,True,saas
txn_f6afd504ac,cust_a7b78c4e5b,1222.97,INR,insufficient_funds,False,2024-03-12 05:26:00,upi,True,d2c_subscription
txn_59cf2c28ff,cust_34c1fdef31,2636.73,INR,processing_error,False,2024-03-01 22:53:11,upi,True,d2c_subscription
txn_11ded8fbc5,cust_a58cbc25ec,1092.65,INR,issuer_declined,False,2024-03-06 23:09:31,card,True,saas
txn_0f65c5152c,cust_2881ab6ca8,5605.14,INR,do_not_honor,False,2024-03-11 22:14:12,card,True,saas
txn_5e0e13ad73,cust_2040ecf25a,1635.17,INR,insufficient_funds,False,2024-03-14 17:10:16,card,True,d2c_subscription
txn_37a4563bd1,cust_b993dd01a6,5091.84,INR,insufficient_funds,False,2024-03-04 21:55:19,card,True,d2c_subscription
txn_5a32298696,cust_d7f88c1c85,2957.21,INR,do_not_honor,False,2024-03-10 05:15:05,netbanking,True,d2c_subscription
txn_a1510e3212,cust_7e106cee29,117.57,INR,processing_error,False,2024-03-09 23:43:21,card,True,d2c_subscription
txn_b409a00add,cust_cbbdea3f02,81.51,INR,insufficient_funds,False,2024-03-07 15:16:53,card,True,d2c_subscription
txn_38cefe56c2,cust_19467435db,266.08,INR,issuer_declined,False,2024-03-12 07:15:07,upi,True,d2c_subscription
txn_32ade00ee6,cust_5efc7db0af,460.53,INR,issuer_declined,False,2024-03-05 07:31:52,card,True,saas
txn_cea9bbaa9c,cust_27e51a34aa,1237.54,INR,insufficient_funds,False,2024-03-11 02:35:44,upi,True,d2c_subscription
txn_11210dbfc1,cust_b890f6eee6,11017.98,INR,do_not_honor,False,2024-03-05 14:53:59,card,True,d2c_subscription
txn_35b259c9a1,cust_6ab49227c9,328.89,INR,insufficient_funds,False,2024-03-08 06:10:09,card,False,ecommerce_one_time
txn_7a1d82abb5,cust_fab7ef3926,775.94,INR,do_not_honor,False,2024-03-13 10:12:41,card,False,d2c_subscription
txn_50bc35d0b4,cust_97c047c2df,207.16,INR,insufficient_funds,False,2024-03-06 18:31:59,card,True,d2c_subscription
txn_58c7864ca1,cust_5331bf0581,405.9,INR,do_not_honor,False,2024-03-14 10:44:34,card,False,ecommerce_one_time
txn_f3f3ae2a59,cust_42476447bb,798.45,INR,issuer_declined,False,2024-03-05 11:44:52,upi,False,ecommerce_one_time
txn_fc16b45642,cust_d070da4706,911.27,INR,issuer_declined,False,2024-03-10 05:32:37,upi,True,saas
txn_66e5e8c4d2,cust_d8ad4d83eb,755.13,INR,issuer_declined,False,2024-03-06 02:43:02,upi,False,ecommerce_one_time
txn_f87bd9f3f1,cust_34c1fdef31,348.59,INR,card_expired,True,2024-03-12 03:05:22,card,True,saas
txn_23e90a298b,cust_d2b8c09894,6801.85,INR,do_not_honor,False,2024-03-09 19:11:54,netbanking,False,ecommerce_one_time
txn_062eb76b78,cust_d56f7ada09,1325.25,INR,network_timeout,False,2024-03-11 05:17:16,card,True,saas
txn_f378e4fff4,cust_ca9cda794b,1449.84,INR,insufficient_funds,False,2024-03-11 23:41:24,upi,True,d2c_subscription
txn_bdc020b238,cust_bbb224702d,3681.58,INR,issuer_declined,False,2024-03-10 16:55:31,upi,False,ecommerce_one_time
txn_3b8da7a83c,cust_6d759a6544,2107.75,INR,insufficient_funds,False,2024-03-14 17:56:12,upi,True,saas
txn_fcb103103c,cust_69fa4d05b5,431.0,INR,issuer_declined,False,2024-03-09 22:32:54,card,False,ecommerce_one_time
txn_279b57629e,cust_c15695a4fd,1680.67,INR,processing_error,False,2024-03-13 18:37:39,upi,True,d2c_subscription
txn_c5f919bf4b,cust_bfe530159d,1588.75,INR,network_timeout,False,2024-03-08 05:45:01,upi,True,saas
txn_162b7c0cc3,cust_35afcf1851,1505.96,INR,do_not_honor,False,2024-03-14 05:33:04,card,False,ecommerce_one_time
txn_dd38e64823,cust_49a8d06e17,581.18,INR,processing_error,False,2024-03-15 08:52:27,upi,True,d2c_subscription
txn_38695143f2,cust_fcff00bb53,3394.98,INR,insufficient_funds,False,2024-03-09 08:28:34,card,False,ecommerce_one_time
txn_141b8437ca,cust_0927c692cc,256.01,INR,insufficient_funds,False,2024-03-11 07:52:17,card,True,ecommerce_one_time
txn_d407b9d685,cust_c475b9b83b,731.54,INR,network_timeout,False,2024-03-03 05:22:11,upi,True,saas
txn_c88499de38,cust_3f27f23764,855.12,INR,insufficient_funds,False,2024-03-11 19:10:22,upi,True,saas
txn_d388274cb2,cust_c2d2c04d93,2675.2,INR,insufficient_funds,False,2024-03-09 21:49:38,card,True,saas
txn_8ef70236ef,cust_f6d4af31bd,322.08,INR,card_expired,True,2024-03-12 04:37:45,card,False,d2c_subscription
txn_b8297f08cf,cust_4792fba58f,687.6,INR,card_stolen,True,2024-03-03 01:08:12,card,True,saas
txn_57d2c7b798,cust_ddac02d708,819.71,INR,do_not_honor,False,2024-03-04 11:01:27,card,True,saas
txn_de7d53df27,cust_6282ee4485,1560.34,INR,issuer_declined,False,2024-03-13 02:12:53,card,False,ecommerce_one_time
txn_ddf65f62c4,cust_7ff641fca7,3110.19,INR,network_timeout,False,2024-03-11 23:33:50,card,True,saas
txn_34a8490329,cust_74660b9cab,717.68,INR,insufficient_funds,False,2024-03-12 21:21:25,upi,True,d2c_subscription
txn_dcc6d222ff,cust_35afcf1851,293.06,INR,issuer_declined,False,2024-03-13 09:16:34,card,False,d2c_subscription
txn_83b7f0fbd2,cust_7f262afd7d,231.52,INR,issuer_declined,False,2024-03-12 03:06:24,card,True,saas
txn_655ccd5174,cust_c27f4ab716,1249.41,INR,card_expired,True,2024-03-03 13:47:12,card,True,saas
txn_e9aeca1967,cust_c4fd780d1d,543.53,INR,card_expired,True,2024-03-09 01:50:04,card,True,saas
txn_a2fdf79a79,cust_94f7ade4a3,136.5,INR,processing_error,False,2024-03-10 03:19:54,card,True,d2c_subscription
txn_0fbb933c53,cust_99b0ab100e,2103.71,INR,insufficient_funds,False,2024-03-12 19:53:25,card,False,saas
txn_f4ed32f0b4,cust_23b2ced574,3181.03,INR,do_not_honor,False,2024-03-12 22:09:53,card,True,ecommerce_one_time
txn_a2311331b1,cust_8fb2446202,1055.11,INR,insufficient_funds,False,2024-03-07 17:26:32,card,False,ecommerce_one_time
txn_f02840df3f,cust_831fa237d7,767.79,INR,network_timeout,False,2024-03-04 23:35:39,upi,True,saas
txn_721936e11a,cust_f9be23bf5d,370.87,INR,insufficient_funds,False,2024-03-07 16:31:55,netbanking,False,ecommerce_one_time
txn_1aed7c624e,cust_4945298f92,2385.41,INR,insufficient_funds,False,2024-03-06 07:11:22,card,True,ecommerce_one_time
txn_528beac977,cust_588edd5f2e,2865.52,INR,processing_error,False,2024-03-11 20:08:13,card,True,saas
txn_d4d08e3da8,cust_b90f845d3c,3641.41,INR,issuer_declined,False,2024-03-02 06:22:46,card,False,ecommerce_one_time
txn_a5143b4235,cust_19dcd8f6c4,334.26,INR,network_timeout,False,2024-03-03 23:36:42,card,True,saas
txn_94f5a00d81,cust_02f695fb79,1103.77,INR,insufficient_funds,False,2024-03-03 05:03:39,upi,True,d2c_subscription
txn_b4d60bffb2,cust_dbcd2cc258,358.37,INR,network_timeout,False,2024-03-06 03:41:12,upi,True,saas
txn_d7f222762a,cust_afd6cd5509,696.09,INR,insufficient_funds,False,2024-03-05 18:42:37,card,False,ecommerce_one_time
txn_268e751156,cust_c475b9b83b,544.35,INR,insufficient_funds,False,2024-03-14 12:11:41,card,False,ecommerce_one_time
txn_2cc90993fd,cust_485a67359b,836.46,INR,issuer_declined,False,2024-03-13 05:54:26,card,False,ecommerce_one_time
txn_4bb500325e,cust_5400edce87,545.37,INR,insufficient_funds,False,2024-03-13 15:29:20,card,False,ecommerce_one_time
txn_d21720d80c,cust_6bba92fa49,139.71,INR,do_not_honor,False,2024-03-08 17:39:04,netbanking,False,saas
txn_7753d72372,cust_58b41a9d9a,272.77,INR,insufficient_funds,False,2024-03-07 06:26:29,card,True,d2c_subscription
txn_b4cf8a30b7,cust_c3b5ed25e8,337.97,INR,insufficient_funds,False,2024-03-13 20:05:14,card,True,saas
txn_684dd3e34b,cust_3c3e6522c6,137.67,INR,processing_error,False,2024-03-04 23:28:48,card,False,saas
txn_0c1b3b38f2,cust_74660b9cab,215.02,INR,insufficient_funds,False,2024-03-07 19:24:08,card,True,saas
txn_ee19f14919,cust_cab6d0d54f,829.0,INR,processing_error,False,2024-03-07 03:55:56,card,False,ecommerce_one_time
txn_c2d686e94f,cust_6ea2fac2b9,1007.67,INR,processing_error,False,2024-03-02 15:57:39,card,True,d2c_subscription
txn_db96cd9374,cust_6f677a0865,399.68,INR,insufficient_funds,False,2024-03-07 07:33:21,card,False,saas
txn_a7f6d13b8b,cust_a7911ce6b8,10261.26,INR,processing_error,False,2024-03-15 10:42:56,card,False,ecommerce_one_time
txn_ddd664c4c2,cust_f2944c7492,1962.81,INR,insufficient_funds,False,2024-03-04 17:41:02,upi,False,ecommerce_one_time
txn_1aa3cddd4f,cust_5efede095c,1425.89,INR,issuer_declined,False,2024-03-03 05:39:33,card,False,saas
txn_99a3f5ca3e,cust_21dbf0e069,1152.97,INR,insufficient_funds,False,2024-03-14 07:55:52,card,True,d2c_subscription
txn_3487acd54e,cust_6678eae6f7,693.3,INR,network_timeout,False,2024-03-07 22:47:21,netbanking,True,d2c_subscription
txn_34d75b41c3,cust_6f600342f4,3169.34,INR,do_not_honor,False,2024-03-08 22:09:50,card,True,d2c_subscription
txn_a2869108ad,cust_2c1e7f9832,317.92,INR,do_not_honor,False,2024-03-13 09:10:49,netbanking,True,d2c_subscription
txn_a9773df4c5,cust_8ca061fd5e,388.27,INR,card_stolen,True,2024-03-11 15:13:59,netbanking,True,d2c_subscription
txn_babf5c7230,cust_d2eb0273db,255.43,INR,issuer_declined,False,2024-03-03 12:25:45,card,True,saas
txn_a2e8ffa6d3,cust_33dccff21a,848.39,INR,network_timeout,False,2024-03-10 00:23:21,card,True,d2c_subscription
txn_c4d8b31349,cust_e26dfac9a2,2608.73,INR,processing_error,False,2024-03-07 23:36:11,netbanking,False,saas
txn_cb16be4461,cust_30720e8d25,259.9,INR,card_expired,True,2024-03-04 14:53:37,card,True,saas
txn_ac21c484b1,cust_0c65f33816,3899.56,INR,card_expired,True,2024-03-09 05:24:59,card,True,saas
txn_e8e71b2e26,cust_c501d8891a,420.78,INR,account_closed,True,2024-03-03 00:33:05,upi,True,d2c_subscription
txn_0479afd991,cust_ca9cda794b,1096.07,INR,insufficient_funds,False,2024-03-08 12:05:41,card,True,d2c_subscription
txn_8585e272fd,cust_f0ee342eb6,1506.83,INR,network_timeout,False,2024-03-01 16:47:09,netbanking,True,d2c_subscription
txn_9b81156792,cust_33ea4c11f9,289.38,INR,network_timeout,False,2024-03-13 10:29:00,upi,True,saas
txn_b4d047b9fe,cust_4a67013dcb,637.32,INR,processing_error,False,2024-03-03 01:35:21,netbanking,False,ecommerce_one_time
txn_14f92e1512,cust_20752c8647,1774.71,INR,insufficient_funds,False,2024-03-13 22:07:12,upi,True,saas
txn_107d50e4ac,cust_1b52dc83e9,1460.48,INR,card_stolen,True,2024-03-04 02:46:54,upi,True,d2c_subscription
txn_354cf83d94,cust_422bf26de8,405.68,INR,insufficient_funds,False,2024-03-06 05:43:02,card,True,saas
txn_4190eb40b9,cust_7bba6f6c06,2477.56,INR,do_not_honor,False,2024-03-07 15:59:47,netbanking,True,d2c_subscription
txn_ad5365ec9e,cust_4514a8eb50,3921.63,INR,do_not_honor,False,2024-03-03 04:10:54,netbanking,True,d2c_subscription
txn_1c3779840b,cust_5bf847c6bf,1756.28,INR,insufficient_funds,False,2024-03-06 12:43:03,netbanking,False,d2c_subscription
txn_b9f4aa14f9,cust_6ec410a8ac,839.09,INR,processing_error,False,2024-03-05 18:39:43,upi,False,ecommerce_one_time
txn_6db46f7bf6,cust_b6c70edf44,624.19,INR,insufficient_funds,False,2024-03-04 22:32:59,upi,False,ecommerce_one_time
txn_74e5ec08d1,cust_1b52dc83e9,1395.36,INR,processing_error,False,2024-03-03 17:29:47,card,False,d2c_subscription
txn_14c47d8c63,cust_58ff0700e8,3395.57,INR,network_timeout,False,2024-03-12 06:00:01,netbanking,True,d2c_subscription
txn_72a8dda08d,cust_f2e9680aac,2156.88,INR,issuer_declined,False,2024-03-03 16:09:25,card,False,ecommerce_one_time
txn_610067517a,cust_5c68a0ef84,783.82,INR,processing_error,False,2024-03-07 06:05:21,card,False,ecommerce_one_time
txn_9635751413,cust_8d8ceacf17,14065.51,INR,insufficient_funds,False,2024-03-15 01:14:04,card,False,d2c_subscription
txn_d9db7f721b,cust_8f92f6b08d,1845.27,INR,network_timeout,False,2024-03-02 15:24:32,upi,False,ecommerce_one_time
txn_f846427ae9,cust_2f2e4e162a,2506.01,INR,card_stolen,True,2024-03-04 16:57:33,upi,False,ecommerce_one_time
txn_d0528270b3,cust_271a947c64,229.68,INR,insufficient_funds,False,2024-03-03 00:25:35,card,True,ecommerce_one_time
txn_60d34ad6d6,cust_cb18c1661c,252.74,INR,processing_error,False,2024-03-04 16:34:37,card,False,saas
txn_424139cde3,cust_1af6544781,415.88,INR,do_not_honor,False,2024-03-10 15:54:27,card,False,ecommerce_one_time
txn_249f372d32,cust_46600d490f,3355.63,INR,do_not_honor,False,2024-03-10 14:24:28,card,True,d2c_subscription
txn_5479f1c43b,cust_e685e05896,536.86,INR,processing_error,False,2024-03-11 15:06:15,card,True,d2c_subscription
txn_a8d5853a36,cust_4467425139,1094.98,INR,do_not_honor,False,2024-03-09 18:17:27,upi,True,d2c_subscription
txn_8afcf4e0b3,cust_c27f4ab716,1895.45,INR,do_not_honor,False,2024-03-15 00:18:56,card,False,saas
txn_143921377f,cust_995177b128,414.58,INR,insufficient_funds,False,2024-03-05 01:30:56,card,False,ecommerce_one_time
txn_fed4b82c53,cust_e582b68840,1484.39,INR,issuer_declined,False,2024-03-04 23:12:22,card,True,d2c_subscription
txn_bd48b6b77d,cust_a3998353a8,609.32,INR,network_timeout,False,2024-03-01 16:31:04,card,True,saas
txn_899f701b77,cust_bf2c7e310e,3115.43,INR,insufficient_funds,False,2024-03-07 19:00:06,netbanking,True,d2c_subscription
txn_b2c7005796,cust_bea8ac52c2,2213.85,INR,do_not_honor,False,2024-03-01 16:05:27,card,True,saas
txn_73942fab6c,cust_133535cc20,795.99,INR,insufficient_funds,False,2024-03-12 13:28:45,card,True,d2c_subscription
txn_2d3ab9a075,cust_e700a18bc1,480.4,INR,network_timeout,False,2024-03-08 20:47:20,upi,True,d2c_subscription
txn_38e6e02c98,cust_5318cc1f36,2161.11,INR,do_not_honor,False,2024-03-04 13:05:16,card,True,d2c_subscription
txn_4c83ec6c55,cust_f6632cce44,7710.07,INR,issuer_declined,False,2024-03-04 10:42:40,upi,True,saas
txn_4639e6d909,cust_7f7defd2f4,4841.01,INR,insufficient_funds,False,2024-03-04 16:02:34,netbanking,True,saas
txn_e6d65a3170,cust_067bcf80f0,740.48,INR,issuer_declined,False,2024-03-08 23:24:13,upi,True,saas
txn_17044068c9,cust_72c05afd42,617.06,INR,card_stolen,True,2024-03-14 11:26:50,netbanking,True,d2c_subscription
txn_c603f0b3f4,cust_f0ee342eb6,2235.02,INR,do_not_honor,False,2024-03-03 09:02:16,card,False,ecommerce_one_time
txn_6769b6067e,cust_d924ea0634,7287.12,INR,issuer_declined,False,2024-03-10 03:50:05,card,False,ecommerce_one_time
txn_0542c0f82a,cust_cb18c1661c,379.69,INR,processing_error,False,2024-03-06 09:41:30,card,False,d2c_subscription
txn_f150413600,cust_2953fd5d4f,296.95,INR,issuer_declined,False,2024-03-13 15:13:02,card,False,saas
txn_0db343c4bd,cust_0ca182a1b6,1254.19,INR,issuer_declined,False,2024-03-02 09:17:20,card,True,saas
txn_12be4d0a1f,cust_b37c10af15,1600.13,INR,issuer_declined,False,2024-03-11 21:43:38,card,False,ecommerce_one_time
txn_1ff3f4e41a,cust_3634127daa,75.03,INR,insufficient_funds,False,2024-03-01 12:55:39,card,False,d2c_subscription
txn_3e7dfb2f97,cust_29ca5f7712,436.27,INR,processing_error,False,2024-03-05 11:37:23,card,True,saas
txn_e570e268f4,cust_f81f4a85f0,521.06,INR,network_timeout,False,2024-03-10 21:03:26,upi,False,d2c_subscription
txn_8223a26675,cust_7209af5872,1927.2,INR,card_expired,True,2024-03-10 07:49:17,card,True,d2c_subscription
txn_c61806cbba,cust_9e676f60cf,121.16,INR,network_timeout,False,2024-03-01 18:56:50,card,False,saas
txn_f7557d6487,cust_e5e6848b4b,1076.18,INR,issuer_declined,False,2024-03-07 04:28:40,card,True,saas
txn_1eddd2fd71,cust_6a1a1bb91d,482.54,INR,issuer_declined,False,2024-03-05 19:18:57,upi,False,d2c_subscription
txn_89b243942a,cust_295034c5a8,818.36,INR,processing_error,False,2024-03-06 22:09:56,card,True,saas
txn_3658a1d714,cust_c60ee296fa,1054.65,INR,card_stolen,True,2024-03-12 04:00:11,upi,True,d2c_subscription
txn_9e42b3e14d,cust_f1566a2a39,652.17,INR,processing_error,False,2024-03-13 15:29:50,card,False,ecommerce_one_time
txn_f6ed717f4d,cust_5a0d857766,7418.98,INR,do_not_honor,False,2024-03-15 10:57:16,card,False,ecommerce_one_time
txn_95ded3966a,cust_1ec701ae9e,1304.89,INR,processing_error,False,2024-03-09 19:56:03,netbanking,True,saas
txn_9e79fa9b47,cust_32a26d2ab9,1066.91,INR,processing_error,False,2024-03-05 22:13:49,card,True,saas
txn_34c51c8192,cust_6aeaa52a0b,1493.59,INR,card_expired,True,2024-03-11 06:40:43,card,True,d2c_subscription
txn_1e4fd4411e,cust_17e0be3b11,208.8,INR,processing_error,False,2024-03-12 09:16:50,card,True,saas
txn_9c992e0296,cust_638698d70b,426.66,INR,issuer_declined,False,2024-03-10 01:23:41,card,False,ecommerce_one_time
txn_6d5dd825c0,cust_cbe4135972,6680.1,INR,insufficient_funds,False,2024-03-12 06:15:25,card,True,d2c_subscription
txn_0a3667e960,cust_976e03b3c2,2725.21,INR,do_not_honor,False,2024-03-09 09:50:57,card,True,d2c_subscription
txn_051d280844,cust_97d95a6bea,592.33,INR,issuer_declined,False,2024-03-07 18:28:18,card,False,ecommerce_one_time
txn_af71c11c08,cust_b503c92272,1177.66,INR,card_expired,True,2024-03-11 16:28:34,netbanking,True,saas
txn_4f4088294c,cust_2ccc9b0c1b,795.04,INR,do_not_honor,False,2024-03-15 01:36:33,card,True,d2c_subscription
txn_20d9aaff21,cust_45682f7f1e,1626.16,INR,issuer_declined,False,2024-03-14 01:47:34,card,True,ecommerce_one_time
txn_89c855fd69,cust_2e89d74b40,289.28,INR,issuer_declined,False,2024-03-09 16:06:00,upi,True,saas
txn_06f270fdcc,cust_49a8d06e17,4173.19,INR,processing_error,False,2024-03-13 00:24:04,card,False,saas
txn_6f213dc19f,cust_3c5ea7168e,188.21,INR,do_not_honor,False,2024-03-04 07:24:38,netbanking,False,ecommerce_one_time
txn_7fe2924e59,cust_96e551c00f,33.12,INR,insufficient_funds,False,2024-03-13 04:35:42,card,True,d2c_subscription
txn_f1aa4d65a8,cust_a7b78c4e5b,1225.15,INR,network_timeout,False,2024-03-15 02:50:27,upi,True,saas
txn_a116f202dc,cust_26d48d7e29,536.03,INR,issuer_declined,False,2024-03-06 19:53:53,netbanking,False,saas
txn_3e27c4fc54,cust_2a18618850,882.9,INR,issuer_declined,False,2024-03-06 18:21:21,card,True,d2c_subscription
txn_f7b10ca8d8,cust_57ed0ba85a,4941.43,INR,insufficient_funds,False,2024-03-06 02:14:50,upi,True,d2c_subscription
txn_c44291a891,cust_59ca3d8ab6,1075.8,INR,do_not_honor,False,2024-03-13 06:47:04,upi,True,d2c_subscription
txn_657609158a,cust_8d912fc5c8,470.52,INR,processing_error,False,2024-03-05 23:18:56,upi,False,saas
txn_acad6cdd64,cust_a483efc4a9,580.58,INR,network_timeout,False,2024-03-03 10:05:10,card,True,saas
txn_a7d147f878,cust_76998c5903,242.6,INR,insufficient_funds,False,2024-03-07 00:47:39,card,True,d2c_subscription
txn_b40da273c3,cust_8faf0c2d04,130.95,INR,card_stolen,True,2024-03-10 00:43:46,card,False,ecommerce_one_time
txn_f355d97438,cust_f7e983d56d,2315.96,INR,processing_error,False,2024-03-08 18:12:41,netbanking,True,d2c_subscription
txn_d58912a185,cust_5928173912,3693.92,INR,issuer_declined,False,2024-03-04 03:07:37,card,True,d2c_subscription
txn_4155e800b2,cust_0cb85ac574,3015.9,INR,insufficient_funds,False,2024-03-13 11:55:27,card,False,ecommerce_one_time
txn_8fdf91c195,cust_c7f5c33551,2504.23,INR,issuer_declined,False,2024-03-05 08:47:48,netbanking,False,saas
txn_37a410716e,cust_1222fef81b,1930.09,INR,network_timeout,False,2024-03-11 17:24:25,card,True,saas
txn_3aa1af1dbc,cust_2040ecf25a,376.02,INR,issuer_declined,False,2024-03-03 05:02:51,upi,True,saas
txn_49cc5aec32,cust_69081fc84d,556.85,INR,issuer_declined,False,2024-03-13 13:01:16,card,False,saas
txn_2f220a2505,cust_fe14d75211,255.57,INR,processing_error,False,2024-03-08 06:20:07,upi,False,ecommerce_one_time
txn_cdbdd1a5e9,cust_0d9ff82a3f,2223.84,INR,network_timeout,False,2024-03-09 21:25:32,card,True,saas
txn_c90d0d5b06,cust_5ce61c8bde,2494.24,INR,processing_error,False,2024-03-08 16:39:58,card,False,ecommerce_one_time
txn_22748827fa,cust_b8050787dc,1470.36,INR,processing_error,False,2024-03-10 03:33:57,card,True,saas
txn_68246c7f12,cust_073c81c7d9,788.63,INR,insufficient_funds,False,2024-03-14 23:25:25,card,True,d2c_subscription
txn_6ec577b3e5,cust_07fcbb9e6a,4864.9,INR,network_timeout,False,2024-03-03 11:45:04,card,True,saas
txn_ddf6f5425f,cust_0927c692cc,438.25,INR,insufficient_funds,False,2024-03-08 00:38:19,card,False,saas
txn_4e3850c0aa,cust_d482901e28,931.78,INR,insufficient_funds,False,2024-03-07 02:17:53,upi,True,saas
txn_e1e6d83f82,cust_22b114a736,210.87,INR,card_stolen,True,2024-03-08 04:36:58,card,False,d2c_subscription
txn_d3486de23a,cust_3c5ea7168e,1095.61,INR,insufficient_funds,False,2024-03-08 02:19:33,card,True,d2c_subscription
txn_1ce5ae783f,cust_c04cc79786,4014.58,INR,insufficient_funds,False,2024-03-07 00:15:05,card,False,ecommerce_one_time
txn_bed48c114b,cust_8e79ab16a1,670.34,INR,do_not_honor,False,2024-03-09 15:04:31,card,False,ecommerce_one_time
txn_877bc00c30,cust_1ce8b1dccc,450.12,INR,issuer_declined,False,2024-03-13 15:58:37,upi,True,d2c_subscription
txn_f2a4a78721,cust_790bef348a,864.89,INR,insufficient_funds,False,2024-03-15 02:10:15,card,True,ecommerce_one_time
txn_e85817adde,cust_1c47997336,1071.57,INR,do_not_honor,False,2024-03-07 22:34:15,netbanking,True,saas
txn_6d8d558d4e,cust_5c76848c0a,445.84,INR,processing_error,False,2024-03-12 21:28:38,upi,True,saas
txn_3773869927,cust_e582b68840,448.35,INR,network_timeout,False,2024-03-09 03:26:43,netbanking,True,d2c_subscription
txn_f09a7e4885,cust_f8b268a31c,2094.39,INR,insufficient_funds,False,2024-03-07 00:39:11,upi,True,d2c_subscription
txn_51971e9227,cust_5ea473c0bf,1641.6,INR,do_not_honor,False,2024-03-07 03:45:08,card,False,d2c_subscription
txn_7a8d144f35,cust_58ff0700e8,175.73,INR,network_timeout,False,2024-03-13 03:24:30,netbanking,True,d2c_subscription
txn_9c1e5abebf,cust_7e106cee29,757.91,INR,insufficient_funds,False,2024-03-06 06:03:19,upi,False,ecommerce_one_time
txn_81d9db9c89,cust_4ec834cdd4,1183.65,INR,insufficient_funds,False,2024-03-02 07:52:52,upi,True,saas
txn_7bc24b6f61,cust_9122f26456,465.38,INR,insufficient_funds,False,2024-03-10 10:33:43,card,False,ecommerce_one_time
txn_96b628e40e,cust_e51acc48ee,198.21,INR,do_not_honor,False,2024-03-13 20:12:05,card,True,d2c_subscription
txn_aed80251d8,cust_704ebe1690,961.88,INR,insufficient_funds,False,2024-03-08 10:38:18,upi,True,d2c_subscription
txn_ba14920f62,cust_1a217ab5ef,280.08,INR,processing_error,False,2024-03-06 20:44:11,card,True,saas
txn_2d8b5ad3dd,cust_503d966dda,1546.02,INR,card_stolen,True,2024-03-09 23:14:50,upi,True,saas
txn_026afdeda9,cust_a6329270db,15294.61,INR,insufficient_funds,False,2024-03-07 02:38:04,card,False,saas
txn_ba91b1abba,cust_84821ec280,762.13,INR,processing_error,False,2024-03-04 18:47:44,card,False,ecommerce_one_time
txn_b37a8c980a,cust_d67faeb8e9,674.08,INR,insufficient_funds,False,2024-03-07 09:46:50,card,True,d2c_subscription
txn_9ac9b1c6be,cust_ef302cfef7,1758.51,INR,insufficient_funds,False,2024-03-04 08:24:06,card,False,saas
txn_b9f404b860,cust_11cf4389b6,1147.12,INR,processing_error,False,2024-03-13 10:55:18,card,False,ecommerce_one_time
txn_ed3f6dd7d9,cust_4cf66efba9,1589.34,INR,issuer_declined,False,2024-03-11 09:34:19,upi,True,d2c_subscription
txn_215925f09e,cust_d2b8c09894,332.35,INR,card_expired,True,2024-03-07 17:23:50,upi,False,ecommerce_one_time
txn_18fb5158bf,cust_69081fc84d,445.55,INR,do_not_honor,False,2024-03-11 20:47:34,netbanking,False,d2c_subscription
txn_244063d47f,cust_7d2abe0fba,457.29,INR,insufficient_funds,False,2024-03-01 13:52:46,upi,True,d2c_subscription
txn_1e73e557b5,cust_aff4fc8467,409.67,INR,issuer_declined,False,2024-03-06 00:05:01,upi,True,d2c_subscription
txn_7c69dc7dd1,cust_7c9eed4d65,2475.97,INR,insufficient_funds,False,2024-03-09 17:35:54,card,True,d2c_subscription
txn_633ef2f38c,cust_ec13538a6f,311.46,INR,network_timeout,False,2024-03-04 15:55:50,upi,True,d2c_subscription
txn_452239ec8d,cust_f0ede79dd8,1513.32,INR,processing_error,False,2024-03-01 17:37:26,netbanking,False,saas
txn_b7e70554b5,cust_3c5ea7168e,1867.31,INR,issuer_declined,False,2024-03-15 08:20:58,upi,False,ecommerce_one_time
txn_5a5391162a,cust_ac834a0a50,1353.55,INR,do_not_honor,False,2024-03-07 16:53:27,card,True,d2c_subscription
txn_356082434f,cust_2e4663676c,1447.9,INR,processing_error,False,2024-03-09 12:22:54,upi,True,d2c_subscription
txn_b70b179340,cust_25de995a00,5333.31,INR,network_timeout,False,2024-03-04 22:18:34,card,True,d2c_subscription
txn_147ebd2d35,cust_bf58fa2512,680.52,INR,insufficient_funds,False,2024-03-11 04:36:09,card,True,d2c_subscription
txn_ff41e89e17,cust_97c047c2df,644.85,INR,insufficient_funds,False,2024-03-10 22:37:16,upi,True,saas
txn_9f1264fa3f,cust_f9be23bf5d,924.47,INR,insufficient_funds,False,2024-03-04 18:26:57,netbanking,True,saas
txn_f163d283e5,cust_23b2ced574,301.61,INR,issuer_declined,False,2024-03-03 00:44:58,card,False,saas
txn_3fa6139908,cust_7566735ea6,605.06,INR,issuer_declined,False,2024-03-13 11:46:14,card,False,saas
txn_8790207278,cust_073c81c7d9,651.97,INR,insufficient_funds,False,2024-03-06 21:26:09,netbanking,True,saas
txn_2c4f65bf43,cust_75839729b4,302.98,INR,issuer_declined,False,2024-03-04 14:30:34,card,False,ecommerce_one_time
txn_9e31fc88aa,cust_c7f5c33551,452.64,INR,issuer_declined,False,2024-03-13 04:43:29,card,False,saas
txn_2adf0bae05,cust_abdc1ac395,1011.94,INR,insufficient_funds,False,2024-03-06 05:46:03,upi,True,ecommerce_one_time
txn_4f82bc8efc,cust_d677a31cf2,180.44,INR,card_expired,True,2024-03-01 18:50:36,netbanking,False,ecommerce_one_time
txn_62a7590f18,cust_72c05afd42,1417.88,INR,do_not_honor,False,2024-03-03 16:46:33,card,True,saas
txn_35c9f36988,cust_27e51a34aa,495.9,INR,issuer_declined,False,2024-03-12 18:40:30,card,False,d2c_subscription
txn_02d6b74b75,cust_39db5f3558,3342.93,INR,do_not_honor,False,2024-03-01 15:16:42,card,True,d2c_subscription
txn_563afe9fdf,cust_e0172cbef4,996.25,INR,issuer_declined,False,2024-03-10 12:01:36,card,True,ecommerce_one_time
txn_9ff724c9bf,cust_e4863fcd03,1305.83,INR,network_timeout,False,2024-03-08 19:52:39,upi,True,d2c_subscription
txn_c709dd91e8,cust_42476447bb,733.25,INR,do_not_honor,False,2024-03-11 10:01:23,netbanking,True,saas
txn_d40376e6c5,cust_a1d4fa3c18,773.53,INR,do_not_honor,False,2024-03-05 16:59:52,card,True,saas
txn_1c6016b38f,cust_7a68d79715,488.75,INR,card_expired,True,2024-03-13 17:45:33,card,False,ecommerce_one_time
txn_fc7c9b04cc,cust_2b6b4cd71c,580.58,INR,network_timeout,False,2024-03-05 13:27:12,card,True,saas
txn_e06196d294,cust_f197931183,283.79,INR,network_timeout,False,2024-03-14 17:25:42,card,False,ecommerce_one_time
txn_f2d80d748c,cust_3674315a87,5485.51,INR,insufficient_funds,False,2024-03-03 16:13:25,card,True,saas
txn_0936a69aab,cust_9fc3625ac6,1745.3,INR,insufficient_funds,False,2024-03-10 22:28:03,card,False,d2c_subscription
txn_ea8c9e9ca0,cust_80b0a82a23,245.35,INR,processing_error,False,2024-03-08 05:54:36,upi,True,d2c_subscription
txn_4c0e7e35b4,cust_ec6308fdd2,1166.72,INR,issuer_declined,False,2024-03-12 07:23:07,card,True,saas
txn_4bec8115ab,cust_b890f6eee6,6557.66,INR,processing_error,False,2024-03-13 23:49:50,upi,True,saas
txn_7d7a9429c4,cust_f0ee342eb6,1629.42,INR,processing_error,False,2024-03-15 04:10:52,card,True,saas
txn_146fd66126,cust_2342beeb09,1953.22,INR,issuer_declined,False,2024-03-01 18:56:03,netbanking,True,ecommerce_one_time
txn_555b567148,cust_4b4d26a3fb,536.45,INR,issuer_declined,False,2024-03-13 14:12:57,netbanking,True,d2c_subscription
txn_b721b173b7,cust_a772b7e1f5,620.02,INR,do_not_honor,False,2024-03-14 16:54:10,card,True,saas
txn_c4de96b1e7,cust_e52eeedd70,543.15,INR,insufficient_funds,False,2024-03-08 07:21:47,card,True,d2c_subscription
txn_b88ebbb054,cust_33ddd488bb,508.19,INR,processing_error,False,2024-03-02 00:38:32,upi,False,saas
txn_5d746d880b,cust_20622a1a5f,1864.9,INR,processing_error,False,2024-03-14 08:08:14,card,False,d2c_subscription
txn_016844426a,cust_bf58fa2512,745.29,INR,issuer_declined,False,2024-03-11 22:11:59,card,False,ecommerce_one_time
txn_2e21aaaccc,cust_34f259ec4a,1366.46,INR,processing_error,False,2024-03-07 17:13:48,card,False,ecommerce_one_time
txn_b104430a5e,cust_86267708a7,1862.58,INR,do_not_honor,False,2024-03-08 14:31:32,netbanking,False,ecommerce_one_time
txn_580616a64a,cust_f867914245,1136.4,INR,processing_error,False,2024-03-13 11:01:49,card,True,saas
txn_785e198fe3,cust_55dd1155a0,573.46,INR,insufficient_funds,False,2024-03-02 04:34:40,card,True,saas
txn_d629d6efcd,cust_10f26a8a75,41.43,INR,processing_error,False,2024-03-10 11:36:22,card,False,ecommerce_one_time
txn_5070b2b396,cust_4f13989d7d,764.6,INR,processing_error,False,2024-03-06 00:38:32,upi,True,saas
txn_8e49cbb30a,cust_1c1535c911,886.01,INR,insufficient_funds,False,2024-03-09 02:07:18,card,False,saas
txn_9568914041,cust_fc26ba465d,896.69,INR,do_not_honor,False,2024-03-07 07:15:05,netbanking,True,saas
txn_f0068570ce,cust_2514eddfd1,101.67,INR,network_timeout,False,2024-03-02 20:06:12,upi,True,ecommerce_one_time
txn_b0b3c6e382,cust_5a3d28ea4a,209.28,INR,insufficient_funds,False,2024-03-10 22:30:00,card,True,d2c_subscription
txn_102b5f9239,cust_6a7199cf9c,1082.69,INR,processing_error,False,2024-03-04 02:20:55,card,False,ecommerce_one_time
txn_71d4fa6ee9,cust_9d58d87865,1256.21,INR,card_stolen,True,2024-03-11 09:45:06,upi,False,saas
txn_2582ed592c,cust_aefcf53733,886.01,INR,network_timeout,False,2024-03-11 01:30:38,upi,True,saas
txn_bcb2e47e36,cust_632d1a7255,1250.7,INR,issuer_declined,False,2024-03-15 00:59:13,card,True,saas
txn_0bb347a67e,cust_d81e739e9e,7338.64,INR,do_not_honor,False,2024-03-10 15:29:07,card,False,ecommerce_one_time
txn_99533a1cbb,cust_78c8b19f06,1485.86,INR,account_closed,True,2024-03-07 06:59:33,card,False,saas
txn_d8823cbabd,cust_a11e03b01a,2670.65,INR,do_not_honor,False,2024-03-06 13:00:10,card,False,ecommerce_one_time
txn_ca28e54178,cust_1acd54ac3e,344.92,INR,insufficient_funds,False,2024-03-09 11:29:10,card,True,d2c_subscription
txn_d8a45b9c2a,cust_4453efebb7,110.27,INR,insufficient_funds,False,2024-03-10 12:12:45,card,True,ecommerce_one_time
txn_c0c5c4d39a,cust_b5399deb2f,593.77,INR,network_timeout,False,2024-03-12 08:38:06,card,False,ecommerce_one_time
txn_4a90157d7f,cust_3a65c3a679,806.83,INR,issuer_declined,False,2024-03-02 20:11:26,netbanking,True,d2c_subscription
txn_362af94be2,cust_ea33a2faa1,1466.3,INR,insufficient_funds,False,2024-03-10 02:54:15,upi,False,d2c_subscription
txn_1276ba7701,cust_296d843199,700.05,INR,issuer_declined,False,2024-03-11 05:11:52,netbanking,True,saas
txn_461635ea89,cust_28dad94653,168.77,INR,processing_error,False,2024-03-02 07:50:37,upi,False,ecommerce_one_time
txn_526283cf25,cust_89e9f1b994,977.91,INR,issuer_declined,False,2024-03-06 14:02:14,upi,False,ecommerce_one_time
txn_2255075a47,cust_51c7eb3cb0,688.84,INR,network_timeout,False,2024-03-03 14:56:16,card,True,d2c_subscription
txn_f4a248ef3b,cust_503d966dda,1859.93,INR,processing_error,False,2024-03-10 01:23:27,upi,True,saas
txn_c53fdeaba6,cust_c01bf4e002,514.32,INR,card_stolen,True,2024-03-09 11:23:00,card,False,ecommerce_one_time
txn_d08e702c4a,cust_22b114a736,493.3,INR,network_timeout,False,2024-03-05 06:52:42,card,False,ecommerce_one_time
txn_0eff361ce2,cust_9163f72abc,2858.14,INR,insufficient_funds,False,2024-03-01 18:44:09,netbanking,True,d2c_subscription
txn_068c0d4923,cust_6ea2fac2b9,368.84,INR,processing_error,False,2024-03-04 10:59:46,netbanking,False,ecommerce_one_time
txn_cc761306a4,cust_3df301ec08,12515.44,INR,insufficient_funds,False,2024-03-09 00:43:43,card,True,d2c_subscription
txn_ec35da25c4,cust_33dccff21a,3659.66,INR,account_closed,True,2024-03-07 03:07:06,upi,False,saas
txn_d546456d6b,cust_223a6a5a4d,232.51,INR,insufficient_funds,False,2024-03-10 14:41:18,card,True,d2c_subscription
txn_88de715165,cust_cd40ac727d,477.11,INR,processing_error,False,2024-03-09 02:41:53,card,True,saas
txn_932fb4bfe8,cust_aa056f581c,529.73,INR,network_timeout,False,2024-03-10 01:39:32,card,False,d2c_subscription
txn_e2870fc79e,cust_da9959aad9,2192.66,INR,insufficient_funds,False,2024-03-14 02:35:41,card,False,d2c_subscription
txn_8e7bad7ff2,cust_21dbf0e069,2521.7,INR,network_timeout,False,2024-03-03 06:07:44,upi,True,saas
txn_381cd73fa8,cust_546e640d5a,69.85,INR,insufficient_funds,False,2024-03-13 14:00:04,card,True,saas
txn_3e2b9bb2f7,cust_5e0f676627,657.65,INR,issuer_declined,False,2024-03-11 18:02:04,card,True,d2c_subscription
txn_36b09e2c98,cust_3f27f23764,747.4,INR,issuer_declined,False,2024-03-11 22:56:00,netbanking,False,ecommerce_one_time
txn_58ef37bec1,cust_b35bcfadc7,78.93,INR,issuer_declined,False,2024-03-12 09:22:25,card,False,ecommerce_one_time
txn_3f8ec4c162,cust_e6515caff1,226.61,INR,do_not_honor,False,2024-03-08 12:48:27,card,True,saas
txn_da0b7e04e0,cust_6a991255c7,302.49,INR,card_expired,True,2024-03-02 01:15:22,card,False,ecommerce_one_time
txn_c1d74da354,cust_b143ef2197,445.02,INR,issuer_declined,False,2024-03-10 21:38:14,card,True,saas
txn_0eabf9452d,cust_aa4dda47b1,536.43,INR,do_not_honor,False,2024-03-05 05:17:09,card,True,saas
txn_6fb04d8ab9,cust_923699b8a4,425.02,INR,network_timeout,False,2024-03-05 05:47:07,upi,True,d2c_subscription
txn_175d383712,cust_d8b95d6127,5870.87,INR,processing_error,False,2024-03-04 19:22:11,netbanking,True,d2c_subscription
txn_a581f376b7,cust_fd2e097c05,1563.33,INR,insufficient_funds,False,2024-03-06 18:50:40,card,True,ecommerce_one_time
txn_8664e7fb62,cust_8e79ab16a1,868.34,INR,card_expired,True,2024-03-05 03:15:45,card,True,saas
txn_abdf9ed4f1,cust_1ec701ae9e,1312.0,INR,insufficient_funds,False,2024-03-04 20:09:07,card,True,saas
txn_b8ba909bc8,cust_b097092b16,188.67,INR,do_not_honor,False,2024-03-05 22:32:36,netbanking,True,d2c_subscription
txn_0a5c50726b,cust_067bcf80f0,1267.99,INR,do_not_honor,False,2024-03-07 16:20:56,card,False,saas
txn_80e53141d0,cust_58b41a9d9a,25931.94,INR,network_timeout,False,2024-03-14 05:20:27,card,False,saas
txn_6df2256e72,cust_8e79ab16a1,2401.99,INR,insufficient_funds,False,2024-03-08 09:16:01,netbanking,True,saas
txn_c98024175a,cust_6f600342f4,1878.92,INR,insufficient_funds,False,2024-03-04 22:45:51,upi,False,saas
txn_2f7dbadf95,cust_38270fc594,4960.18,INR,processing_error,False,2024-03-10 17:06:11,card,False,ecommerce_one_time
txn_3d6312215a,cust_a7911ce6b8,1379.56,INR,insufficient_funds,False,2024-03-12 00:21:45,card,True,saas
txn_c2a26b6fdc,cust_d7f88c1c85,830.31,INR,issuer_declined,False,2024-03-07 04:20:42,card,True,d2c_subscription
txn_c5d05e6d02,cust_8314733011,717.8,INR,processing_error,False,2024-03-13 15:30:43,netbanking,True,d2c_subscription
txn_d12c69579d,cust_d9da3d5bae,365.89,INR,processing_error,False,2024-03-05 10:23:49,card,True,d2c_subscription
txn_e1410c6336,cust_a11e03b01a,2214.62,INR,insufficient_funds,False,2024-03-01 17:42:40,card,True,d2c_subscription
txn_9913a107c6,cust_0cb85ac574,180.5,INR,issuer_declined,False,2024-03-08 17:18:27,upi,False,d2c_subscription
txn_e15ae2463c,cust_526cf928b1,716.55,INR,card_stolen,True,2024-03-15 02:38:16,card,False,ecommerce_one_time
txn_7da45a7d6c,cust_17360b6720,1521.95,INR,issuer_declined,False,2024-03-11 16:47:25,card,False,saas
txn_509b0b384f,cust_eae3e35589,478.82,INR,insufficient_funds,False,2024-03-15 01:22:13,netbanking,False,ecommerce_one_time
txn_2d5dba571a,cust_a11e03b01a,853.72,INR,insufficient_funds,False,2024-03-09 01:40:46,card,False,saas
txn_377f7450ab,cust_91c93b3619,1647.28,INR,issuer_declined,False,2024-03-11 03:52:10,netbanking,True,d2c_subscription
txn_966874fb24,cust_0ca0f75d70,1028.66,INR,account_closed,True,2024-03-04 16:09:42,upi,True,d2c_subscription
txn_1602bf8257,cust_8c3409e310,379.89,INR,issuer_declined,False,2024-03-03 16:20:54,card,True,saas
txn_8548cb1d58,cust_14a613c8a4,1215.09,INR,insufficient_funds,False,2024-03-09 09:50:28,upi,False,saas
txn_8908920a7b,cust_8d8ceacf17,551.78,INR,do_not_honor,False,2024-03-01 19:24:39,upi,True,saas
txn_33daa284c5,cust_680fbe5919,332.01,INR,insufficient_funds,False,2024-03-09 04:56:59,upi,True,saas
txn_ce5d8e9f7d,cust_2e7486b83f,1182.79,INR,insufficient_funds,False,2024-03-13 20:10:29,upi,False,d2c_subscription
txn_09f136b01d,cust_25de995a00,2080.15,INR,account_closed,True,2024-03-02 18:48:16,card,True,saas
txn_dee7d0b884,cust_16e537a621,280.65,INR,processing_error,False,2024-03-09 23:07:56,card,False,ecommerce_one_time
txn_1384598f92,cust_50bfc48bdb,471.64,INR,insufficient_funds,False,2024-03-03 02:30:07,upi,False,ecommerce_one_time
txn_9bbd586670,cust_f46014b6a5,539.37,INR,issuer_declined,False,2024-03-05 05:16:29,card,True,saas
txn_b173c89265,cust_c04cc79786,280.41,INR,insufficient_funds,False,2024-03-02 08:15:57,card,True,saas
txn_20d5c6a19b,cust_2c1ba93738,542.71,INR,insufficient_funds,False,2024-03-06 11:06:10,card,True,d2c_subscription
txn_f7c5da9cab,cust_f0ee342eb6,290.7,INR,do_not_honor,False,2024-03-07 04:50:31,card,False,ecommerce_one_time
txn_b9efcdb310,cust_c2e5b10a6d,3790.21,INR,do_not_honor,False,2024-03-12 05:35:08,upi,True,saas
txn_066b1868a1,cust_23ab9c7226,1443.1,INR,processing_error,False,2024-03-11 14:09:31,upi,True,saas
txn_95e6b22b53,cust_b35bcfadc7,377.31,INR,network_timeout,False,2024-03-10 21:23:13,netbanking,False,ecommerce_one_time
txn_c342c8bc62,cust_99cb8a6a54,724.13,INR,insufficient_funds,False,2024-03-11 03:56:48,card,True,d2c_subscription
txn_c126742717,cust_34c1fdef31,1880.56,INR,card_expired,True,2024-03-07 04:17:25,card,True,saas
txn_d5ea4850ac,cust_d58f13c458,8982.99,INR,do_not_honor,False,2024-03-03 07:39:34,netbanking,True,ecommerce_one_time
txn_4ea7b527cb,cust_1856bb1307,760.62,INR,insufficient_funds,False,2024-03-15 00:06:13,card,True,ecommerce_one_time
txn_d39c34790d,cust_76998c5903,2833.71,INR,network_timeout,False,2024-03-06 20:09:05,upi,True,d2c_subscription
txn_e5ae60025f,cust_e8a0f53da2,126.98,INR,insufficient_funds,False,2024-03-04 21:14:07,upi,False,saas
txn_4cebbd0a28,cust_32feac6637,88.85,INR,do_not_honor,False,2024-03-09 07:03:40,card,True,d2c_subscription
txn_abfee602df,cust_293763ec13,440.83,INR,processing_error,False,2024-03-11 15:27:51,card,True,saas
txn_a6ff31de70,cust_0d9ff82a3f,489.77,INR,insufficient_funds,False,2024-03-09 10:42:47,upi,True,d2c_subscription
txn_3c87fa565f,cust_97d95a6bea,734.33,INR,network_timeout,False,2024-03-03 21:40:33,card,True,saas
txn_79604ccafd,cust_b2530383d9,2855.07,INR,insufficient_funds,False,2024-03-02 16:44:09,netbanking,True,d2c_subscription
txn_93bd2d9712,cust_245663538c,390.41,INR,network_timeout,False,2024-03-05 22:17:15,upi,False,ecommerce_one_time
txn_4d246f8ce6,cust_d8ad4d83eb,1466.78,INR,insufficient_funds,False,2024-03-08 16:50:09,card,True,ecommerce_one_time
txn_53eea94797,cust_c15695a4fd,4134.19,INR,insufficient_funds,False,2024-03-06 11:08:27,upi,True,ecommerce_one_time
txn_7f4f563592,cust_9602cf053a,1079.03,INR,issuer_declined,False,2024-03-06 00:32:37,card,True,saas
txn_58013ec3ad,cust_4384d7c9f5,142.15,INR,network_timeout,False,2024-03-04 18:10:00,card,True,saas
txn_73c5929eaf,cust_74660b9cab,1568.61,INR,insufficient_funds,False,2024-03-13 11:24:01,netbanking,True,d2c_subscription
txn_3a4e4c33f1,cust_d8ad4d83eb,453.95,INR,network_timeout,False,2024-03-14 10:45:18,upi,True,saas
txn_9ae45c75b7,cust_6d759a6544,324.87,INR,insufficient_funds,False,2024-03-10 15:52:30,upi,True,saas
txn_fe3d1fdffa,cust_82839d7410,1234.4,INR,issuer_declined,False,2024-03-11 20:39:00,netbanking,False,ecommerce_one_time
txn_0edd4976d7,cust_1d0e883f8a,835.81,INR,issuer_declined,False,2024-03-06 21:26:00,card,False,saas
txn_6d80416adf,cust_4c119274cf,461.09,INR,insufficient_funds,False,2024-03-08 04:41:47,card,True,saas
txn_24d26558ef,cust_7d2abe0fba,695.14,INR,card_expired,True,2024-03-02 15:25:00,card,True,d2c_subscription
txn_7c6a217d02,cust_e3c022f036,1355.01,INR,issuer_declined,False,2024-03-04 14:52:32,card,False,ecommerce_one_time
txn_47b7180b7c,cust_69081fc84d,248.64,INR,processing_error,False,2024-03-13 10:22:32,card,True,d2c_subscription
txn_5caade6041,cust_503d966dda,794.01,INR,do_not_honor,False,2024-03-03 14:43:03,card,True,saas
txn_6e8f71f3d6,cust_6f21fd00cc,399.25,INR,do_not_honor,False,2024-03-04 17:02:16,upi,True,d2c_subscription
txn_7c0338c685,cust_b5399deb2f,220.78,INR,do_not_honor,False,2024-03-10 03:36:48,card,False,ecommerce_one_time
txn_814200f4eb,cust_61254bbb92,472.79,INR,network_timeout,False,2024-03-14 16:31:39,upi,False,saas
txn_1b720b1dad,cust_aefcf53733,114.64,INR,processing_error,False,2024-03-04 09:20:04,netbanking,True,d2c_subscription
txn_3cdbcbf953,cust_ba2e6156f6,323.73,INR,do_not_honor,False,2024-03-12 19:06:37,netbanking,True,d2c_subscription
txn_1b6c9217d9,cust_7566735ea6,227.81,INR,processing_error,False,2024-03-12 09:59:17,card,True,d2c_subscription
txn_4cb1288442,cust_9d359b2f09,1519.15,INR,do_not_honor,False,2024-03-08 21:55:23,netbanking,True,saas
txn_8bc7c5b6f5,cust_d2eb0273db,52.05,INR,issuer_declined,False,2024-03-14 08:18:07,upi,False,ecommerce_one_time
txn_515f667167,cust_f5f5739f65,3067.09,INR,do_not_honor,False,2024-03-09 21:49:41,card,True,saas
txn_f7074c9bfb,cust_5928173912,3153.8,INR,issuer_declined,False,2024-03-12 01:08:53,card,True,saas
txn_3708734331,cust_fb1dcea7e1,3872.78,INR,processing_error,False,2024-03-14 18:11:32,card,True,saas
txn_f02d3544b3,cust_49a8d06e17,365.24,INR,card_stolen,True,2024-03-02 20:32:32,upi,True,d2c_subscription
txn_249db14821,cust_293763ec13,417.3,INR,card_stolen,True,2024-03-11 20:23:35,upi,True,saas
txn_60e2cdfbee,cust_e3342c8850,222.47,INR,network_timeout,False,2024-03-07 21:12:14,card,False,ecommerce_one_time
txn_909b1e107d,cust_276530d98b,1113.95,INR,do_not_honor,False,2024-03-04 01:34:05,upi,False,ecommerce_one_time
txn_7a3f493121,cust_cc95e44014,253.95,INR,processing_error,False,2024-03-08 18:16:01,card,False,saas
txn_b2bccbabad,cust_36fb0749a3,212.15,INR,insufficient_funds,False,2024-03-11 09:35:15,card,False,ecommerce_one_time
txn_df32ca4ad7,cust_c7e5d2df47,1241.25,INR,issuer_declined,False,2024-03-05 02:14:23,netbanking,True,ecommerce_one_time
txn_ef260fdf72,cust_f10f44d9d8,1720.08,INR,insufficient_funds,False,2024-03-05 19:28:34,netbanking,True,saas
txn_1703b22420,cust_85041cc797,4144.9,INR,insufficient_funds,False,2024-03-15 08:36:32,upi,True,d2c_subscription
txn_bcd8a7cde3,cust_8002902885,819.87,INR,card_stolen,True,2024-03-04 00:45:52,card,True,ecommerce_one_time
txn_d524dc2028,cust_17e0be3b11,1097.79,INR,network_timeout,False,2024-03-13 20:15:01,card,False,ecommerce_one_time
txn_060d636941,cust_b367134a54,566.13,INR,do_not_honor,False,2024-03-05 04:11:02,card,True,d2c_subscription
txn_b6b06a4a57,cust_3cf5af94ce,646.51,INR,insufficient_funds,False,2024-03-14 02:32:01,card,False,ecommerce_one_time
txn_9df5ca5fb4,cust_c7e5d2df47,300.09,INR,processing_error,False,2024-03-14 13:59:25,card,True,d2c_subscription
txn_a1173a5047,cust_ccc01d96e3,593.06,INR,issuer_declined,False,2024-03-13 19:07:12,netbanking,True,saas
txn_ad0eff17d4,cust_5fcb017311,617.66,INR,network_timeout,False,2024-03-05 03:08:03,upi,True,saas
txn_6e550ed916,cust_74660b9cab,399.87,INR,account_closed,True,2024-03-09 03:38:27,card,True,d2c_subscription
txn_1f040d16bc,cust_e2afe59876,4754.16,INR,issuer_declined,False,2024-03-07 01:52:07,card,True,saas
txn_7817867efc,cust_6d021d9f8f,811.24,INR,insufficient_funds,False,2024-03-11 13:41:26,card,True,saas
txn_cd522c3fb2,cust_7c234829f9,746.69,INR,insufficient_funds,False,2024-03-13 19:41:11,card,True,saas
txn_0f83848b59,cust_fb2184f55a,3888.41,INR,insufficient_funds,False,2024-03-04 11:59:48,upi,False,ecommerce_one_time
txn_e2976250d7,cust_bca8f946f6,2172.11,INR,issuer_declined,False,2024-03-03 20:12:37,card,False,d2c_subscription
txn_b9d30e2f2f,cust_ae632f63fb,1187.16,INR,insufficient_funds,False,2024-03-03 18:04:59,netbanking,True,saas
txn_2af83416a3,cust_1e55eb940e,482.66,INR,insufficient_funds,False,2024-03-14 14:12:25,card,True,saas
txn_e8b5181436,cust_46c6dd4b0f,2064.97,INR,insufficient_funds,False,2024-03-02 13:13:14,card,False,saas
txn_2f93964047,cust_7f3b2cb4fd,95.18,INR,insufficient_funds,False,2024-03-07 21:55:54,netbanking,True,saas
txn_e3ac4d81fd,cust_6186a93a37,428.54,INR,processing_error,False,2024-03-12 18:07:23,card,True,d2c_subscription
txn_6142d58dd0,cust_cc90f86455,453.69,INR,insufficient_funds,False,2024-03-12 17:12:55,card,False,saas
txn_4b7f43b332,cust_932cccd89e,5171.58,INR,network_timeout,False,2024-03-08 11:02:31,upi,False,ecommerce_one_time
txn_6224b38a77,cust_995177b128,2387.3,INR,insufficient_funds,False,2024-03-07 01:11:27,card,False,saas
txn_bd02d7b1fa,cust_4945298f92,64.49,INR,insufficient_funds,False,2024-03-14 19:38:16,card,True,saas
txn_6de1b84ee3,cust_6186a93a37,1053.61,INR,insufficient_funds,False,2024-03-08 13:18:46,card,False,ecommerce_one_time
txn_02600030b3,cust_68f834cac4,222.45,INR,processing_error,False,2024-03-12 03:23:28,card,True,saas
txn_369e8b0a7c,cust_7566735ea6,305.58,INR,insufficient_funds,False,2024-03-02 15:35:29,card,True,saas
txn_fe094de3b7,cust_4ec834cdd4,1336.86,INR,do_not_honor,False,2024-03-06 21:20:03,card,True,saas
txn_921e634201,cust_ab6af8fcc6,321.64,INR,insufficient_funds,False,2024-03-10 07:02:31,upi,True,d2c_subscription
txn_046724ad57,cust_76712b6c57,870.31,INR,account_closed,True,2024-03-09 14:04:35,netbanking,True,saas
txn_9be6798f72,cust_61254bbb92,3594.73,INR,insufficient_funds,False,2024-03-03 18:41:44,card,False,ecommerce_one_time
txn_0342ee2450,cust_c475b9b83b,251.19,INR,issuer_declined,False,2024-03-05 19:55:31,card,True,d2c_subscription
txn_6891f99b0b,cust_a349af0cf8,6367.91,INR,network_timeout,False,2024-03-10 01:48:10,card,False,ecommerce_one_time
txn_9b62367bef,cust_25ee63ebb6,7174.87,INR,insufficient_funds,False,2024-03-03 18:01:11,card,True,d2c_subscription
txn_e25a4ae7f2,cust_eae1bace0b,639.89,INR,insufficient_funds,False,2024-03-06 19:04:35,card,False,ecommerce_one_time
txn_1046f7881f,cust_75839729b4,1347.41,INR,network_timeout,False,2024-03-14 15:59:47,upi,True,d2c_subscription
txn_4307cc56d5,cust_02f695fb79,1239.21,INR,insufficient_funds,False,2024-03-06 16:06:34,card,True,d2c_subscription
txn_90a1a05fc4,cust_5f0e710ee0,2134.32,INR,insufficient_funds,False,2024-03-02 08:37:34,card,True,d2c_subscription
txn_b8607d4275,cust_0d9ff82a3f,1918.06,INR,issuer_declined,False,2024-03-03 09:56:12,upi,False,d2c_subscription
txn_97a81854c2,cust_7f7c499178,856.34,INR,insufficient_funds,False,2024-03-14 21:45:09,upi,False,saas
txn_22bbd2324c,cust_b11ac9f39e,2550.39,INR,card_expired,True,2024-03-03 03:41:00,card,True,d2c_subscription
txn_80f3853a45,cust_7f262afd7d,5088.98,INR,processing_error,False,2024-03-01 18:09:34,card,True,saas
txn_dc66eebb29,cust_1af6544781,779.3,INR,do_not_honor,False,2024-03-13 05:19:39,netbanking,False,d2c_subscription
txn_436f4cb889,cust_4e27ba769d,1953.98,INR,insufficient_funds,False,2024-03-06 13:45:21,card,True,saas
txn_47ba70488e,cust_a8cb29240d,525.5,INR,processing_error,False,2024-03-04 22:18:34,upi,True,saas
txn_3ffe1dc38d,cust_cb42952c10,104.81,INR,processing_error,False,2024-03-14 21:27:05,upi,True,saas
txn_d73ce2f471,cust_3a85f3aac1,3703.21,INR,insufficient_funds,False,2024-03-03 21:53:56,card,True,saas
txn_a1fd467069,cust_fa385feb0b,1067.37,INR,network_timeout,False,2024-03-09 23:44:27,card,True,saas
txn_efbb75dadd,cust_3483eb8dd7,1738.47,INR,do_not_honor,False,2024-03-11 07:25:00,card,True,saas
txn_62793212e8,cust_c475b9b83b,2502.7,INR,network_timeout,False,2024-03-11 21:14:32,card,True,d2c_subscription
txn_2d217b5a7a,cust_9b5e8e7a48,682.74,INR,insufficient_funds,False,2024-03-08 10:06:34,card,True,d2c_subscription
txn_6bbdf6bd09,cust_b1b15f13f1,1640.86,INR,insufficient_funds,False,2024-03-04 07:40:47,upi,True,ecommerce_one_time
txn_98df0d1693,cust_485a67359b,2405.48,INR,processing_error,False,2024-03-03 23:57:38,upi,False,ecommerce_one_time
txn_742f97f0b1,cust_956447e87c,600.53,INR,network_timeout,False,2024-03-12 08:14:50,netbanking,False,saas
txn_ea806d794b,cust_07c65338f6,2664.39,INR,issuer_declined,False,2024-03-03 22:07:49,netbanking,True,d2c_subscription
txn_2b88fedda2,cust_de45ce6e64,740.02,INR,insufficient_funds,False,2024-03-03 22:23:34,upi,True,d2c_subscription
txn_e369375d88,cust_4c47f4f414,141.55,INR,network_timeout,False,2024-03-14 15:22:43,card,True,saas
txn_80c2159c99,cust_1c68bf5618,480.22,INR,insufficient_funds,False,2024-03-11 03:03:12,card,True,d2c_subscription
txn_ab4728d3de,cust_17527de511,521.3,INR,issuer_declined,False,2024-03-15 06:56:47,upi,True,d2c_subscription
txn_7306643a01,cust_fce65d5270,292.74,INR,do_not_honor,False,2024-03-01 15:38:52,upi,True,d2c_subscription
txn_2e2e833065,cust_28aaccdc65,515.01,INR,insufficient_funds,False,2024-03-08 21:17:56,card,True,saas
txn_f8861a085b,cust_c7736ddd56,387.09,INR,insufficient_funds,False,2024-03-11 17:08:34,upi,False,d2c_subscription
txn_50c153c50b,cust_2a226bbb32,5449.09,INR,insufficient_funds,False,2024-03-02 23:31:49,card,True,saas
txn_4adf21e37b,cust_f7e983d56d,4386.18,INR,card_expired,True,2024-03-05 21:51:12,card,False,ecommerce_one_time
txn_cff3f007c7,cust_91519d9fbc,3395.3,INR,issuer_declined,False,2024-03-02 08:05:29,netbanking,False,ecommerce_one_time
txn_2820337ae2,cust_7b6156a827,562.37,INR,processing_error,False,2024-03-04 07:08:06,card,True,saas
txn_5f1bfecdbc,cust_50bfc48bdb,227.9,INR,account_closed,True,2024-03-02 02:58:59,card,False,ecommerce_one_time
txn_75720240d8,cust_ce7e12b24f,528.5,INR,processing_error,False,2024-03-12 11:16:11,upi,True,ecommerce_one_time
txn_915ec31864,cust_f097620412,200.11,INR,do_not_honor,False,2024-03-12 15:26:45,upi,False,d2c_subscription
txn_2d0735092f,cust_691f438964,395.7,INR,do_not_honor,False,2024-03-14 10:32:46,card,True,saas
txn_13560dfcdf,cust_9a6e893e15,349.52,INR,issuer_declined,False,2024-03-10 16:48:03,upi,False,ecommerce_one_time
txn_0dd6abc42d,cust_609f77bd1a,83.46,INR,do_not_honor,False,2024-03-07 18:46:52,card,True,d2c_subscription
txn_014f88ffb5,cust_1d53882511,536.05,INR,card_stolen,True,2024-03-07 14:08:28,upi,True,saas
txn_e4a5b306c7,cust_bb413035d2,3034.43,INR,network_timeout,False,2024-03-06 00:30:06,card,True,d2c_subscription
txn_b145b8cf50,cust_bf58fa2512,486.3,INR,issuer_declined,False,2024-03-05 05:38:04,netbanking,False,d2c_subscription
txn_89cf7210e1,cust_c01bf4e002,3425.44,INR,issuer_declined,False,2024-03-04 01:23:43,upi,True,saas
txn_9096a1e534,cust_fcff00bb53,3488.92,INR,network_timeout,False,2024-03-08 05:17:14,card,False,ecommerce_one_time
txn_4487cac6de,cust_e8a0f53da2,823.57,INR,insufficient_funds,False,2024-03-11 16:21:05,card,True,saas
txn_df14bd2fa8,cust_923699b8a4,994.6,INR,network_timeout,False,2024-03-09 08:23:52,card,True,d2c_subscription
txn_b1d30ee05a,cust_af1ab4d2d9,1954.7,INR,insufficient_funds,False,2024-03-03 06:54:43,upi,True,d2c_subscription
txn_af997b7793,cust_ad2d417b3a,1092.52,INR,processing_error,False,2024-03-04 01:50:18,upi,True,saas
txn_7cc9d0ed06,cust_07fcbb9e6a,2528.68,INR,network_timeout,False,2024-03-02 16:18:09,upi,True,d2c_subscription
txn_d216bad472,cust_9f102d059f,99.23,INR,issuer_declined,False,2024-03-07 22:29:42,netbanking,True,d2c_subscription
txn_bcddeb0cd4,cust_fa51b2cbb9,806.82,INR,insufficient_funds,False,2024-03-04 14:11:36,card,True,d2c_subscription
txn_424e06a99a,cust_94d4ab9313,4078.2,INR,network_timeout,False,2024-03-09 17:11:29,upi,True,d2c_subscription
txn_bdaf2ab437,cust_3c5ea7168e,1238.3,INR,issuer_declined,False,2024-03-15 09:26:51,card,False,ecommerce_one_time
txn_0c967e9457,cust_833f2824f1,989.02,INR,issuer_declined,False,2024-03-05 02:04:57,upi,False,ecommerce_one_time
txn_e701943d2e,cust_6678eae6f7,10287.06,INR,do_not_honor,False,2024-03-14 06:41:44,card,True,saas
txn_3fe0943b4d,cust_d8ca3c4c9c,299.81,INR,issuer_declined,False,2024-03-06 14:33:40,upi,True,saas
txn_8797361af0,cust_8d60ef06f7,481.21,INR,processing_error,False,2024-03-01 12:45:37,card,True,d2c_subscription
txn_ddbe820a00,cust_826d36d52a,137.94,INR,insufficient_funds,False,2024-03-15 03:23:41,card,False,ecommerce_one_time
txn_9fed13025b,cust_d2eb0273db,2804.74,INR,issuer_declined,False,2024-03-05 05:23:36,card,False,ecommerce_one_time
txn_2727c4aec5,cust_223a6a5a4d,417.47,INR,network_timeout,False,2024-03-03 08:17:31,netbanking,True,saas
txn_6ccb6e5295,cust_59e43e2f4d,1046.76,INR,insufficient_funds,False,2024-03-06 17:23:53,card,True,ecommerce_one_time
txn_951cc8188d,cust_026d15c76a,348.78,INR,issuer_declined,False,2024-03-05 20:09:57,card,True,saas
txn_b94b87059c,cust_a1cd70f74e,1543.97,INR,processing_error,False,2024-03-02 21:08:33,card,True,saas
txn_172d4de0e5,cust_a483efc4a9,405.27,INR,network_timeout,False,2024-03-04 14:51:35,card,False,d2c_subscription
txn_14cb81e8c3,cust_cf53d45b86,1426.39,INR,do_not_honor,False,2024-03-14 22:40:50,netbanking,True,saas
txn_7c2274c656,cust_6f36a85733,413.11,INR,network_timeout,False,2024-03-04 15:53:15,netbanking,False,d2c_subscription
txn_f1f08b0df8,cust_5f43b85dc6,2025.55,INR,insufficient_funds,False,2024-03-04 21:31:16,netbanking,True,d2c_subscription
txn_525f4a982d,cust_f77df130f0,629.69,INR,issuer_declined,False,2024-03-12 07:20:31,netbanking,False,ecommerce_one_time
txn_6faa083927,cust_76712b6c57,1401.41,INR,card_expired,True,2024-03-06 08:01:43,card,False,ecommerce_one_time
txn_f88f9d96e8,cust_d2b8c09894,472.56,INR,network_timeout,False,2024-03-03 17:07:50,card,True,saas
txn_14d4ce9853,cust_ec13538a6f,1404.72,INR,do_not_honor,False,2024-03-03 14:59:53,upi,False,d2c_subscription
txn_0b2a65b147,cust_2c1e7f9832,1205.4,INR,issuer_declined,False,2024-03-03 07:22:26,upi,True,d2c_subscription
txn_1c891dc10e,cust_156ceb881a,1619.75,INR,issuer_declined,False,2024-03-04 14:37:28,card,True,saas
txn_466101ccce,cust_5f0e710ee0,1383.69,INR,insufficient_funds,False,2024-03-13 18:58:44,upi,False,ecommerce_one_time
txn_80cb94f402,cust_9201acab85,784.92,INR,network_timeout,False,2024-03-08 17:03:48,card,False,d2c_subscription
txn_5a112c55f8,cust_2aa386c786,130.66,INR,network_timeout,False,2024-03-12 05:41:18,card,False,saas
txn_cae370f314,cust_6c5398a911,1810.71,INR,issuer_declined,False,2024-03-14 12:09:17,card,False,ecommerce_one_time
txn_13d333176b,cust_f237f63575,572.98,INR,insufficient_funds,False,2024-03-11 19:28:46,netbanking,True,d2c_subscription
txn_6cd371d10e,cust_82839d7410,467.92,INR,issuer_declined,False,2024-03-02 18:26:28,upi,True,saas
txn_d64f4adb8d,cust_e13ff7a63c,480.2,INR,insufficient_funds,False,2024-03-07 03:04:04,card,True,saas
txn_094ecd5f15,cust_694edde581,863.84,INR,processing_error,False,2024-03-04 19:27:48,upi,False,ecommerce_one_time
txn_1757174b6c,cust_9c328517ce,868.24,INR,do_not_honor,False,2024-03-08 11:03:13,upi,False,ecommerce_one_time
txn_211e5eb4c3,cust_aa056f581c,523.72,INR,insufficient_funds,False,2024-03-10 12:15:04,card,True,saas
txn_e2c9832c54,cust_3888f18978,847.34,INR,do_not_honor,False,2024-03-08 17:45:56,upi,True,saas
txn_c5c7f6c08b,cust_12f345a3b8,503.15,INR,card_stolen,True,2024-03-01 17:24:01,card,True,saas
txn_80f43c3231,cust_8e0ace3935,249.1,INR,insufficient_funds,False,2024-03-11 11:35:36,card,True,d2c_subscription
txn_83ea8959c8,cust_9b0fd22a6f,413.22,INR,issuer_declined,False,2024-03-11 03:28:04,card,True,saas
txn_25ed946fc7,cust_89db96c753,4726.97,INR,do_not_honor,False,2024-03-03 15:20:44,card,True,d2c_subscription
txn_351ff4f7b2,cust_19dcd8f6c4,1613.65,INR,insufficient_funds,False,2024-03-10 07:29:30,card,True,saas
txn_a2a6e2b805,cust_08c8ae3989,645.46,INR,do_not_honor,False,2024-03-02 20:17:09,card,False,d2c_subscription
txn_a02ea9e839,cust_03e0b8bc5d,295.18,INR,do_not_honor,False,2024-03-01 20:30:33,card,True,d2c_subscription
txn_e183f2bcaf,cust_a7911ce6b8,889.45,INR,insufficient_funds,False,2024-03-14 13:48:43,upi,False,d2c_subscription
txn_210db8fe24,cust_1c47997336,479.48,INR,insufficient_funds,False,2024-03-06 03:30:53,upi,True,saas
txn_abee0a144f,cust_2a18618850,168.52,INR,network_timeout,False,2024-03-14 04:21:30,card,False,d2c_subscription
txn_ef27e51e55,cust_a0aa60e816,57.62,INR,issuer_declined,False,2024-03-03 04:35:26,card,True,d2c_subscription
txn_80b542d711,cust_b097092b16,623.05,INR,processing_error,False,2024-03-13 21:17:06,card,True,d2c_subscription
txn_903c9d7332,cust_88b2de1fe9,372.78,INR,do_not_honor,False,2024-03-03 01:42:53,netbanking,True,saas
txn_380c94186b,cust_c3b5ed25e8,186.88,INR,network_timeout,False,2024-03-04 17:29:59,netbanking,True,saas
txn_971c458802,cust_296d843199,199.27,INR,processing_error,False,2024-03-07 23:45:13,card,True,d2c_subscription
txn_ee551fcdbe,cust_32feac6637,1443.55,INR,network_timeout,False,2024-03-12 14:08:58,upi,True,saas
txn_6aae57e270,cust_d9da3d5bae,5114.57,INR,do_not_honor,False,2024-03-11 18:17:57,upi,True,d2c_subscription
txn_e2b09abd47,cust_caf004b8f6,320.22,INR,issuer_declined,False,2024-03-09 11:06:55,netbanking,True,saas
txn_0289371fae,cust_2c1ba93738,915.16,INR,issuer_declined,False,2024-03-03 15:15:30,card,False,saas
txn_bdde86852f,cust_2a226bbb32,1110.05,INR,issuer_declined,False,2024-03-02 22:22:42,card,True,d2c_subscription
txn_658f68acf7,cust_0cb85ac574,1220.82,INR,issuer_declined,False,2024-03-08 11:21:57,upi,True,saas
txn_36cb9d60bd,cust_6444da814f,337.7,INR,insufficient_funds,False,2024-03-12 05:45:32,card,False,saas
txn_64a964263b,cust_259bbb3ed2,2307.7,INR,issuer_declined,False,2024-03-07 14:22:41,card,False,ecommerce_one_time
txn_cb2bb1abef,cust_2e89d74b40,4602.63,INR,issuer_declined,False,2024-03-03 20:34:15,card,True,d2c_subscription
txn_6cc1657392,cust_6f182c5551,668.46,INR,insufficient_funds,False,2024-03-07 22:06:02,card,False,ecommerce_one_time
txn_73d7d96253,cust_ac52cd6e77,926.75,INR,insufficient_funds,False,2024-03-03 00:47:19,upi,False,saas
txn_4479f3a03b,cust_e7e91e7465,4361.65,INR,processing_error,False,2024-03-15 08:46:43,upi,False,ecommerce_one_time
txn_3290fcbe50,cust_7209af5872,360.46,INR,do_not_honor,False,2024-03-08 11:21:17,card,False,ecommerce_one_time
txn_cc3eca6b05,cust_1f1cce45eb,4984.6,INR,network_timeout,False,2024-03-14 20:35:17,netbanking,True,saas
txn_c3b8352acd,cust_995177b128,8984.98,INR,do_not_honor,False,2024-03-06 22:27:15,card,False,d2c_subscription
txn_19bc8ee675,cust_f867914245,1869.82,INR,network_timeout,False,2024-03-06 20:53:42,netbanking,False,d2c_subscription
txn_ae1a5073d3,cust_4d7c953ae4,436.99,INR,network_timeout,False,2024-03-11 03:03:40,card,True,d2c_subscription
txn_a2b34e71ee,cust_7f3b2cb4fd,254.52,INR,insufficient_funds,False,2024-03-04 09:04:09,netbanking,False,saas
txn_f46b487dd1,cust_f9bff62549,6104.2,INR,card_stolen,True,2024-03-02 04:22:53,netbanking,False,ecommerce_one_time
txn_f99954930e,cust_9a359bb0b1,345.06,INR,insufficient_funds,False,2024-03-09 02:26:07,upi,True,d2c_subscription
txn_ceb274fe18,cust_5a8381e7d7,2417.94,INR,do_not_honor,False,2024-03-09 09:51:01,upi,True,ecommerce_one_time
txn_b8548a00db,cust_fa2ee49590,413.2,INR,network_timeout,False,2024-03-12 20:01:23,card,True,ecommerce_one_time
txn_1f9ef15ef5,cust_25ee63ebb6,222.54,INR,issuer_declined,False,2024-03-15 02:32:08,upi,False,ecommerce_one_time
txn_b1eedf4557,cust_f0f8fb3d4a,5857.56,INR,do_not_honor,False,2024-03-09 19:22:14,upi,True,d2c_subscription
txn_2ef3ac02ca,cust_bd65c4e738,8357.36,INR,issuer_declined,False,2024-03-09 07:39:34,card,True,d2c_subscription
txn_3657059ca0,cust_a6e5b76727,225.12,INR,insufficient_funds,False,2024-03-04 17:50:36,netbanking,True,ecommerce_one_time
txn_fba971e90e,cust_51c7eb3cb0,2868.19,INR,insufficient_funds,False,2024-03-03 10:20:33,card,True,d2c_subscription
txn_fe323113d1,cust_70f76fdaa4,856.33,INR,insufficient_funds,False,2024-03-13 23:30:12,card,True,saas
txn_a4e4a51b5d,cust_c0990f3930,1444.16,INR,insufficient_funds,False,2024-03-13 08:44:52,netbanking,False,d2c_subscription
txn_6187ebaf0a,cust_3ad494e676,1037.67,INR,do_not_honor,False,2024-03-07 15:46:24,card,True,saas
txn_cc4372fd7b,cust_b2530383d9,430.17,INR,do_not_honor,False,2024-03-10 05:48:45,card,False,ecommerce_one_time
txn_4580b38e7d,cust_abac6e55f5,475.73,INR,issuer_declined,False,2024-03-05 16:03:24,card,True,d2c_subscription
txn_2c411807e7,cust_3bc30d3ef8,1104.54,INR,processing_error,False,2024-03-10 23:39:56,upi,True,d2c_subscription
txn_d8bd5a79d9,cust_123eea6088,951.77,INR,insufficient_funds,False,2024-03-09 16:16:49,netbanking,False,saas
txn_bf7e70666d,cust_28fd385402,1352.63,INR,insufficient_funds,False,2024-03-09 06:45:47,card,True,d2c_subscription
txn_2a7533a008,cust_f50514a725,206.31,INR,processing_error,False,2024-03-07 01:58:34,upi,False,saas
txn_97aa7fb957,cust_5ce61c8bde,1952.96,INR,card_expired,True,2024-03-14 12:34:51,upi,True,d2c_subscription
txn_5b5e6b87ea,cust_259bbb3ed2,344.04,INR,issuer_declined,False,2024-03-03 03:09:07,upi,True,d2c_subscription
txn_3fc35e772d,cust_5bc1bd9c28,286.94,INR,insufficient_funds,False,2024-03-10 18:06:56,upi,False,d2c_subscription
txn_e10b695b8a,cust_1c24ec4f8a,578.74,INR,network_timeout,False,2024-03-12 12:29:42,netbanking,False,saas
txn_1cdd9ea310,cust_505f9433d0,239.88,INR,network_timeout,False,2024-03-06 12:49:26,card,True,d2c_subscription
txn_11a1a953f8,cust_46198e4f35,1175.38,INR,issuer_declined,False,2024-03-13 14:36:44,card,True,d2c_subscription
txn_23269cc78e,cust_56dc7e6d9a,2048.53,INR,insufficient_funds,False,2024-03-07 05:42:29,upi,False,ecommerce_one_time
txn_ac64239b20,cust_4dd62229b5,363.33,INR,insufficient_funds,False,2024-03-14 15:33:18,card,False,ecommerce_one_time
txn_346963954a,cust_8c9d2e7266,962.62,INR,do_not_honor,False,2024-03-11 19:22:33,card,False,ecommerce_one_time
txn_632e5e600f,cust_044d3c3c92,157.02,INR,card_expired,True,2024-03-05 07:59:33,card,True,saas
txn_233a6f5d2e,cust_11cf4389b6,1877.54,INR,processing_error,False,2024-03-10 07:04:28,card,True,saas
txn_11e2133e79,cust_5bc1bd9c28,1635.95,INR,issuer_declined,False,2024-03-02 21:25:18,netbanking,False,ecommerce_one_time
txn_8721bccfbf,cust_2684c3fe7d,1600.37,INR,processing_error,False,2024-03-10 12:28:32,card,False,ecommerce_one_time
txn_481c1d4b62,cust_c0990f3930,203.31,INR,network_timeout,False,2024-03-05 20:01:40,upi,True,saas
txn_a149f4a060,cust_b11ac9f39e,5640.56,INR,issuer_declined,False,2024-03-15 01:56:40,upi,True,d2c_subscription
txn_e624f6e596,cust_2d34242e61,306.49,INR,network_timeout,False,2024-03-01 19:54:43,card,False,d2c_subscription
txn_208e3566c3,cust_02f695fb79,435.84,INR,issuer_declined,False,2024-03-06 21:04:51,card,True,saas
txn_1081e94894,cust_f082f71cff,211.24,INR,issuer_declined,False,2024-03-05 14:04:30,card,False,ecommerce_one_time
txn_b33c251909,cust_46600d490f,261.6,INR,do_not_honor,False,2024-03-10 22:43:08,card,False,ecommerce_one_time
txn_1ede75765b,cust_19dcd8f6c4,136.82,INR,issuer_declined,False,2024-03-11 11:03:57,card,False,ecommerce_one_time
txn_33f4895d2c,cust_23ab9c7226,300.06,INR,card_stolen,True,2024-03-09 09:16:44,upi,True,saas
txn_2d16ae1042,cust_d12116888f,609.47,INR,do_not_honor,False,2024-03-11 22:07:20,card,True,d2c_subscription
txn_9f035e75d6,cust_41073dcc5a,1077.45,INR,issuer_declined,False,2024-03-15 05:01:23,card,True,ecommerce_one_time
txn_2edab0255d,cust_7c9eed4d65,778.2,INR,issuer_declined,False,2024-03-06 03:59:57,card,True,d2c_subscription
txn_ed4cbfd79d,cust_b83f4b7cab,236.25,INR,do_not_honor,False,2024-03-05 11:12:49,card,True,d2c_subscription
txn_f1fd005059,cust_b9b95a7cfe,387.9,INR,issuer_declined,False,2024-03-06 00:55:39,card,True,d2c_subscription
txn_82ad418742,cust_95d7c94871,2078.57,INR,processing_error,False,2024-03-07 17:53:58,netbanking,True,saas
txn_42258d2aed,cust_9ace8e1ce6,273.08,INR,issuer_declined,False,2024-03-08 03:59:57,card,True,d2c_subscription
txn_1e0ccf0868,cust_4b4d26a3fb,1132.29,INR,issuer_declined,False,2024-03-01 16:52:02,card,False,ecommerce_one_time
txn_9d7c6682cd,cust_c072af19ea,727.2,INR,do_not_honor,False,2024-03-08 02:57:55,upi,True,saas
txn_35c57be8a3,cust_cbbdea3f02,249.14,INR,insufficient_funds,False,2024-03-05 14:49:39,upi,True,saas
txn_50aac7252d,cust_923699b8a4,2909.73,INR,processing_error,False,2024-03-09 16:00:31,upi,False,d2c_subscription
txn_0021650cde,cust_296d843199,516.81,INR,do_not_honor,False,2024-03-15 00:53:32,card,False,d2c_subscription
txn_5590213f79,cust_fdf56d4488,3019.02,INR,issuer_declined,False,2024-03-10 14:25:36,upi,True,saas
txn_f6ec490b2f,cust_76712b6c57,1653.0,INR,processing_error,False,2024-03-05 09:37:33,card,True,saas
txn_25b118552d,cust_c01bf4e002,1003.29,INR,processing_error,False,2024-03-06 14:57:31,upi,False,d2c_subscription
txn_63f9e29bdc,cust_f2bfdf2b1c,296.19,INR,network_timeout,False,2024-03-05 18:56:18,card,False,saas
txn_f082fd0937,cust_932cccd89e,206.29,INR,issuer_declined,False,2024-03-05 00:50:04,upi,True,d2c_subscription
txn_dff586d6cb,cust_133535cc20,431.73,INR,issuer_declined,False,2024-03-12 10:38:37,upi,True,d2c_subscription
txn_2255c83b85,cust_b18f479106,1162.27,INR,processing_error,False,2024-03-04 02:41:45,upi,True,d2c_subscription
txn_a71cd7bb2b,cust_fc26ba465d,684.17,INR,do_not_honor,False,2024-03-05 11:57:19,card,False,d2c_subscription
txn_35ca631df1,cust_cce2e13141,1809.03,INR,processing_error,False,2024-03-11 04:34:01,upi,True,d2c_subscription
txn_7c49acc0b0,cust_13a8fa0f56,9788.6,INR,do_not_honor,False,2024-03-08 10:44:29,upi,True,d2c_subscription
txn_cb828f3183,cust_4cf66efba9,858.56,INR,processing_error,False,2024-03-03 11:48:05,card,False,d2c_subscription
txn_c5079921e9,cust_dd6a2b4e3a,5824.01,INR,insufficient_funds,False,2024-03-13 03:49:22,card,True,d2c_subscription
txn_54ea4c7964,cust_ca9cda794b,2613.18,INR,do_not_honor,False,2024-03-11 06:16:44,card,True,d2c_subscription
txn_a675f3e1f9,cust_3f27f23764,783.5,INR,insufficient_funds,False,2024-03-12 19:27:58,card,True,d2c_subscription
txn_e746657e9d,cust_a3998353a8,2412.77,INR,issuer_declined,False,2024-03-11 05:33:40,upi,True,d2c_subscription
txn_16569afd8f,cust_8a2e6f2a05,5122.77,INR,processing_error,False,2024-03-12 15:14:24,card,True,d2c_subscription
txn_6dfd7202ab,cust_11e4f36196,7114.0,INR,do_not_honor,False,2024-03-04 05:11:00,upi,True,saas
txn_f3abaad95a,cust_956e89ddc4,119.7,INR,issuer_declined,False,2024-03-01 14:57:35,upi,True,d2c_subscription
txn_5643825ada,cust_f2bfdf2b1c,858.64,INR,network_timeout,False,2024-03-01 22:17:24,upi,True,saas
txn_e7a149abc8,cust_9859ad8a52,507.57,INR,processing_error,False,2024-03-10 11:39:38,upi,False,ecommerce_one_time
txn_45ccb4fb86,cust_b9af09dc9c,100.64,INR,do_not_honor,False,2024-03-02 10:46:20,upi,True,d2c_subscription
txn_533fbdce48,cust_55dd1155a0,245.73,INR,card_stolen,True,2024-03-14 08:31:46,card,True,saas
txn_c51d6db6b2,cust_2c1e7f9832,1556.71,INR,issuer_declined,False,2024-03-13 22:40:39,card,True,d2c_subscription
txn_721990dda0,cust_a16791a96d,1128.17,INR,network_timeout,False,2024-03-10 22:37:44,netbanking,True,saas
txn_5f2b35b626,cust_488617e988,2082.56,INR,insufficient_funds,False,2024-03-11 11:04:19,netbanking,False,ecommerce_one_time
txn_3ec87d4135,cust_1c24ec4f8a,276.53,INR,issuer_declined,False,2024-03-02 15:40:33,card,True,ecommerce_one_time
txn_dab6f1e907,cust_8bd7450480,360.06,INR,issuer_declined,False,2024-03-04 20:40:30,netbanking,False,ecommerce_one_time
txn_74eda9978e,cust_59e43e2f4d,395.95,INR,insufficient_funds,False,2024-03-04 22:53:18,netbanking,True,d2c_subscription
txn_7814c07be4,cust_fe14d75211,2172.29,INR,do_not_honor,False,2024-03-04 05:06:08,card,False,ecommerce_one_time
txn_c17cc79bf6,cust_7f262afd7d,26.21,INR,insufficient_funds,False,2024-03-05 08:19:17,upi,False,d2c_subscription
txn_6601271e13,cust_079d55e83b,209.88,INR,processing_error,False,2024-03-08 10:34:00,upi,False,ecommerce_one_time
txn_eac3791881,cust_b35bcfadc7,1612.73,INR,insufficient_funds,False,2024-03-14 16:15:30,card,False,saas
txn_a7f7515711,cust_dbcd2cc258,778.79,INR,insufficient_funds,False,2024-03-15 06:35:23,card,True,ecommerce_one_time
txn_d2d1311722,cust_ce58ab213c,141.04,INR,card_stolen,True,2024-03-01 20:10:50,card,False,d2c_subscription
txn_383553a48b,cust_932cccd89e,641.69,INR,processing_error,False,2024-03-08 11:22:46,upi,True,saas
txn_7d98c7b17c,cust_72c05afd42,815.46,INR,card_expired,True,2024-03-02 03:46:08,card,False,ecommerce_one_time
txn_61d70faa7e,cust_68f834cac4,539.46,INR,do_not_honor,False,2024-03-15 01:32:05,upi,True,d2c_subscription
txn_58f9bb3228,cust_a6781a34e3,2105.32,INR,insufficient_funds,False,2024-03-06 14:19:06,upi,False,ecommerce_one_time
txn_3561aa68bc,cust_30720e8d25,1300.39,INR,do_not_honor,False,2024-03-11 13:27:05,upi,True,saas
txn_7606c11cfb,cust_63c3da41c1,221.61,INR,do_not_honor,False,2024-03-10 09:34:26,card,True,d2c_subscription
txn_0a130bb306,cust_4792fba58f,5511.96,INR,insufficient_funds,False,2024-03-06 07:17:43,card,True,d2c_subscription
txn_0a37143ec4,cust_bfe2e3dae9,1229.69,INR,network_timeout,False,2024-03-08 13:35:11,card,True,saas
txn_f41c541bf6,cust_d96871f559,482.88,INR,do_not_honor,False,2024-03-13 14:46:25,card,False,ecommerce_one_time
txn_fe43b69c97,cust_2ccc9b0c1b,219.81,INR,processing_error,False,2024-03-01 12:06:37,card,True,d2c_subscription
txn_8231fed11f,cust_b890f6eee6,114.63,INR,do_not_honor,False,2024-03-05 12:36:13,card,True,saas
txn_aa86bc8b03,cust_dbcd2cc258,1593.38,INR,do_not_honor,False,2024-03-10 10:49:05,card,False,d2c_subscription
txn_e0771583a5,cust_4c1eac0ccc,1245.81,INR,insufficient_funds,False,2024-03-06 19:12:52,upi,True,saas
txn_dcd2305bfa,cust_7f262afd7d,676.49,INR,card_stolen,True,2024-03-13 09:07:42,card,False,ecommerce_one_time
txn_5250630769,cust_0d0e53d3b7,1028.46,INR,issuer_declined,False,2024-03-09 11:37:22,card,False,ecommerce_one_time
txn_3354ae6314,cust_9476e662a6,908.02,INR,insufficient_funds,False,2024-03-09 13:15:17,netbanking,True,d2c_subscription
txn_2efffea624,cust_8c10a08c9b,2721.66,INR,insufficient_funds,False,2024-03-10 06:57:22,card,True,d2c_subscription
txn_53b2f9b8fa,cust_c3b5ed25e8,775.27,INR,processing_error,False,2024-03-08 17:26:56,netbanking,False,d2c_subscription
txn_23807babce,cust_634a2d6056,193.61,INR,account_closed,True,2024-03-02 16:40:20,upi,True,saas
txn_56b23ed6e2,cust_32793a43b9,714.52,INR,network_timeout,False,2024-03-15 09:39:01,card,False,ecommerce_one_time
txn_47b16d5207,cust_ebb75e3130,5428.11,INR,processing_error,False,2024-03-07 18:08:05,netbanking,True,saas
txn_665ca9aaf8,cust_5f6ff6e155,346.03,INR,account_closed,True,2024-03-02 07:56:16,netbanking,False,d2c_subscription
txn_d7b3b1c58e,cust_abac6e55f5,2061.91,INR,processing_error,False,2024-03-03 01:19:48,upi,True,saas
txn_030ff83afd,cust_245663538c,826.92,INR,issuer_declined,False,2024-03-02 22:25:17,card,True,d2c_subscription
txn_edf7193ba7,cust_ac9a5c8cef,6948.57,INR,do_not_honor,False,2024-03-09 17:25:10,card,False,ecommerce_one_time
txn_ce343abc9a,cust_1e55eb940e,4716.46,INR,insufficient_funds,False,2024-03-07 13:25:24,card,True,saas
txn_9e942f8089,cust_5ba67e50b4,1893.94,INR,insufficient_funds,False,2024-03-07 04:12:04,upi,True,saas
txn_a4fcce6afe,cust_9122f26456,51.36,INR,issuer_declined,False,2024-03-03 18:32:27,card,True,saas
txn_38865b6d87,cust_3ea5cf185e,424.39,INR,insufficient_funds,False,2024-03-02 03:15:06,card,True,saas
txn_b10788835e,cust_fdaab0f3e6,432.19,INR,card_stolen,True,2024-03-11 22:22:30,card,True,d2c_subscription
txn_15a1e11096,cust_971245b04b,2597.3,INR,account_closed,True,2024-03-13 18:18:26,card,False,ecommerce_one_time
txn_eb0b84ec2a,cust_d67faeb8e9,285.97,INR,issuer_declined,False,2024-03-11 18:57:51,card,True,d2c_subscription
txn_3ddd8711c5,cust_e8a0f53da2,643.38,INR,processing_error,False,2024-03-11 19:42:21,card,True,saas
txn_b89ad434de,cust_6282ee4485,346.79,INR,issuer_declined,False,2024-03-11 07:04:43,netbanking,True,d2c_subscription
txn_d44ece8b61,cust_ae632f63fb,1931.93,INR,insufficient_funds,False,2024-03-02 15:59:28,card,False,ecommerce_one_time
txn_08285a4613,cust_a19f490429,822.96,INR,issuer_declined,False,2024-03-12 11:37:34,card,False,saas
txn_e0c2ca6d2e,cust_831fa237d7,203.09,INR,insufficient_funds,False,2024-03-09 14:12:24,card,False,saas
txn_a02d6a5d5a,cust_12b918dc04,1398.3,INR,issuer_declined,False,2024-03-10 11:49:28,card,True,ecommerce_one_time
txn_2b392793b9,cust_c46d69ef7e,3127.87,INR,insufficient_funds,False,2024-03-11 16:35:46,upi,True,saas
txn_3718381013,cust_0d0e53d3b7,104.41,INR,insufficient_funds,False,2024-03-12 18:00:06,card,False,ecommerce_one_time
txn_874284cba6,cust_fa51b2cbb9,1809.89,INR,insufficient_funds,False,2024-03-01 12:53:38,netbanking,False,ecommerce_one_time
txn_74fab5eb84,cust_e5e6848b4b,963.6,INR,card_expired,True,2024-03-06 17:31:17,netbanking,False,ecommerce_one_time
txn_96f4e5e85a,cust_dac33d334b,5882.94,INR,insufficient_funds,False,2024-03-14 01:39:28,netbanking,True,saas
txn_bf030e8696,cust_073c81c7d9,3906.6,INR,issuer_declined,False,2024-03-06 07:56:00,upi,True,saas
txn_deffb722fc,cust_0ca182a1b6,594.87,INR,do_not_honor,False,2024-03-06 22:31:18,card,False,ecommerce_one_time
txn_766976c8d7,cust_3bbaf03ba1,2008.91,INR,issuer_declined,False,2024-03-10 11:18:35,upi,True,d2c_subscription
txn_e7cee45c17,cust_acd734c13f,527.21,INR,do_not_honor,False,2024-03-04 11:12:26,card,False,saas
txn_2465024046,cust_638698d70b,216.65,INR,insufficient_funds,False,2024-03-04 06:24:13,upi,True,d2c_subscription
txn_4801000dfc,cust_6aeaa52a0b,513.44,INR,processing_error,False,2024-03-04 11:39:21,card,True,saas
txn_508421ee97,cust_a772b7e1f5,3299.3,INR,do_not_honor,False,2024-03-06 13:14:32,card,True,d2c_subscription
txn_7e994051c0,cust_4e6aa8f9a3,3099.86,INR,processing_error,False,2024-03-09 07:32:28,card,False,ecommerce_one_time
txn_3e3e406e64,cust_638698d70b,6501.19,INR,do_not_honor,False,2024-03-12 14:27:45,upi,False,d2c_subscription
txn_e520a55f3c,cust_57ed0ba85a,379.86,INR,issuer_declined,False,2024-03-14 21:13:45,upi,True,d2c_subscription
txn_886b8c629a,cust_72b415a5ec,652.07,INR,issuer_declined,False,2024-03-02 15:27:14,card,False,ecommerce_one_time
txn_d750d91877,cust_13da4734d3,476.04,INR,insufficient_funds,False,2024-03-03 17:24:54,card,True,d2c_subscription
txn_c3ab91941a,cust_3bc30d3ef8,424.66,INR,do_not_honor,False,2024-03-12 16:22:47,card,False,saas
txn_4ca6188848,cust_cfd6030fae,2278.54,INR,insufficient_funds,False,2024-03-04 06:16:49,upi,True,d2c_subscription
txn_3ef21aa5ae,cust_aad0434629,3529.34,INR,issuer_declined,False,2024-03-14 19:56:08,card,True,saas
txn_36d3309b46,cust_2a18618850,3079.91,INR,processing_error,False,2024-03-12 04:14:25,card,True,saas
txn_68e4efc348,cust_92b84e163f,450.34,INR,insufficient_funds,False,2024-03-13 09:31:30,upi,True,d2c_subscription
txn_28788d4e75,cust_29546c3c32,1839.64,INR,insufficient_funds,False,2024-03-10 17:34:59,upi,True,saas
txn_622522635b,cust_1457e6efc8,478.53,INR,processing_error,False,2024-03-11 00:35:33,netbanking,True,saas
txn_8cf40cfc6f,cust_a62c691459,503.12,INR,issuer_declined,False,2024-03-08 07:46:09,upi,True,d2c_subscription
txn_569a46d2ba,cust_9ce629c8dd,730.43,INR,network_timeout,False,2024-03-09 01:51:42,netbanking,False,saas
txn_9983275dd4,cust_3a3bafc95e,803.24,INR,card_expired,True,2024-03-13 21:38:52,card,True,d2c_subscription
txn_3807c5f75e,cust_29669b8550,1265.77,INR,card_stolen,True,2024-03-13 09:36:08,card,True,saas
txn_cd3f174d4c,cust_b5fbccca6b,948.8,INR,issuer_declined,False,2024-03-04 00:17:26,netbanking,False,d2c_subscription
txn_6d1693f9f8,cust_a58cbc25ec,1693.3,INR,insufficient_funds,False,2024-03-07 19:49:14,card,False,ecommerce_one_time
txn_85fb75af72,cust_4d3fdca34c,6034.86,INR,do_not_honor,False,2024-03-02 14:10:28,upi,True,saas
txn_756dbb960b,cust_7a68d79715,503.71,INR,do_not_honor,False,2024-03-13 16:06:09,card,False,ecommerce_one_time
txn_ee644f9feb,cust_86267708a7,2245.11,INR,do_not_honor,False,2024-03-11 04:26:49,card,True,saas
txn_ea813443d8,cust_f284c22bdf,1525.82,INR,issuer_declined,False,2024-03-13 06:58:19,card,False,saas
txn_78bbcf57a8,cust_82cd1edf28,1518.43,INR,insufficient_funds,False,2024-03-02 13:31:34,upi,True,saas
txn_d1a4b74e42,cust_0337cfb953,1616.52,INR,insufficient_funds,False,2024-03-13 06:36:43,upi,True,saas
txn_cc6cfd8813,cust_e7e91e7465,4995.12,INR,insufficient_funds,False,2024-03-04 06:54:29,card,False,saas
txn_32b12c927c,cust_286162e0e6,2922.28,INR,insufficient_funds,False,2024-03-12 19:21:34,card,False,ecommerce_one_time
txn_649ed8458f,cust_3d2fbe6387,1278.89,INR,card_expired,True,2024-03-05 07:27:03,card,False,ecommerce_one_time
txn_3642aa5f11,cust_252fb524ef,291.13,INR,insufficient_funds,False,2024-03-09 03:01:31,card,False,ecommerce_one_time
txn_df1e226710,cust_c6de4e197a,1438.06,INR,do_not_honor,False,2024-03-01 22:21:52,card,False,ecommerce_one_time
txn_b248390b50,cust_46253caba4,203.93,INR,card_expired,True,2024-03-14 12:30:30,netbanking,False,d2c_subscription
txn_e518fb193e,cust_488617e988,228.97,INR,issuer_declined,False,2024-03-10 22:55:04,card,True,saas
txn_77c82a1433,cust_2d418afd1f,309.81,INR,do_not_honor,False,2024-03-05 09:02:09,card,True,saas
txn_786361f4b5,cust_1aad49e94d,654.76,INR,processing_error,False,2024-03-02 16:20:39,card,True,d2c_subscription
txn_21e7ac5fd2,cust_10f26a8a75,396.46,INR,issuer_declined,False,2024-03-07 22:52:26,card,False,ecommerce_one_time
txn_554ba78a7d,cust_00f80789cd,924.54,INR,issuer_declined,False,2024-03-14 02:56:12,card,True,saas
txn_06265f69a0,cust_3674315a87,613.66,INR,network_timeout,False,2024-03-06 16:33:12,upi,True,saas
txn_548535872c,cust_ad2d417b3a,44.46,INR,processing_error,False,2024-03-08 19:23:15,upi,True,d2c_subscription
txn_e3020bb68f,cust_b2530383d9,1086.83,INR,network_timeout,False,2024-03-04 15:38:14,upi,False,ecommerce_one_time
txn_025c3929db,cust_4792fba58f,110.9,INR,account_closed,True,2024-03-07 18:31:28,card,True,d2c_subscription
txn_e580a8f913,cust_ac19ceff73,1498.98,INR,issuer_declined,False,2024-03-02 22:18:18,upi,True,d2c_subscription
txn_0fbcecc83a,cust_41073dcc5a,2180.37,INR,processing_error,False,2024-03-13 18:44:09,netbanking,True,d2c_subscription
txn_0c736b9a95,cust_3a9b10c115,1835.22,INR,do_not_honor,False,2024-03-06 18:21:55,netbanking,True,saas
txn_13927970b3,cust_6d759a6544,688.82,INR,processing_error,False,2024-03-05 04:14:57,netbanking,True,d2c_subscription
txn_39efca5cb8,cust_064526623b,1392.63,INR,processing_error,False,2024-03-09 19:36:45,card,False,ecommerce_one_time
txn_320bbbd789,cust_12b918dc04,368.86,INR,processing_error,False,2024-03-08 20:20:24,netbanking,True,ecommerce_one_time
txn_2d9278516c,cust_8d60ef06f7,253.75,INR,network_timeout,False,2024-03-05 18:22:08,upi,True,d2c_subscription
txn_71ab74010e,cust_9163f72abc,665.43,INR,issuer_declined,False,2024-03-09 02:56:19,upi,True,saas
txn_1729a31ed8,cust_7ff641fca7,5374.54,INR,processing_error,False,2024-03-10 00:05:13,upi,True,saas
txn_601c71f0f5,cust_c56dfc09e0,827.43,INR,issuer_declined,False,2024-03-07 08:38:11,netbanking,True,saas
txn_9c5e704bd4,cust_f082f71cff,904.31,INR,do_not_honor,False,2024-03-04 05:58:09,card,False,saas
txn_0d99d1d229,cust_abdc1ac395,1243.56,INR,processing_error,False,2024-03-13 14:44:13,upi,True,saas
txn_16114617af,cust_5745c8ddda,1160.85,INR,network_timeout,False,2024-03-03 06:20:18,upi,True,d2c_subscription
txn_7c58cf4432,cust_dd53b36e82,488.46,INR,issuer_declined,False,2024-03-12 16:47:30,upi,False,ecommerce_one_time
txn_e2f4beeebe,cust_632d1a7255,154.24,INR,do_not_honor,False,2024-03-14 03:09:41,upi,False,d2c_subscription
txn_a74ef0a95c,cust_073c81c7d9,2724.15,INR,issuer_declined,False,2024-03-12 23:17:25,card,True,d2c_subscription
txn_d434ae6007,cust_b869f1225e,628.46,INR,insufficient_funds,False,2024-03-14 10:15:28,card,True,ecommerce_one_time
txn_866ef24e06,cust_5318cc1f36,1911.91,INR,insufficient_funds,False,2024-03-02 04:09:03,card,False,ecommerce_one_time
txn_2d53c6df38,cust_32793a43b9,220.07,INR,card_expired,True,2024-03-11 09:56:14,upi,True,saas
txn_17098eab95,cust_7a68d79715,8729.48,INR,issuer_declined,False,2024-03-04 16:12:30,upi,True,saas
txn_86c4bd962a,cust_41161ed66b,885.43,INR,card_stolen,True,2024-03-12 22:42:15,netbanking,True,saas
txn_ca151be66a,cust_9dcf2cffc0,1114.68,INR,insufficient_funds,False,2024-03-08 02:11:24,upi,False,ecommerce_one_time
txn_255239e03c,cust_a7102f8089,586.15,INR,processing_error,False,2024-03-09 12:52:27,upi,True,saas
txn_e0f9078834,cust_ca9cda794b,1127.91,INR,do_not_honor,False,2024-03-06 06:25:24,card,True,saas
txn_5a7f513b60,cust_fc32e5fcda,768.69,INR,processing_error,False,2024-03-01 15:53:17,upi,True,d2c_subscription
txn_7d21c1dd0a,cust_7d2abe0fba,389.18,INR,processing_error,False,2024-03-06 09:36:27,netbanking,True,d2c_subscription
txn_d413d4be57,cust_27e51a34aa,1758.94,INR,processing_error,False,2024-03-05 16:08:00,upi,False,d2c_subscription
txn_556c6f332c,cust_916c2dfaf7,137.43,INR,card_expired,True,2024-03-11 19:51:08,netbanking,True,ecommerce_one_time
txn_81742e4782,cust_6bba92fa49,1215.33,INR,do_not_honor,False,2024-03-13 19:01:16,netbanking,True,d2c_subscription
txn_1802616d8f,cust_691f438964,457.56,INR,insufficient_funds,False,2024-03-14 06:54:00,card,True,ecommerce_one_time
txn_bbcfce89c8,cust_2881ab6ca8,572.09,INR,insufficient_funds,False,2024-03-11 07:08:28,upi,True,saas
txn_abf6b2a272,cust_5efede095c,3070.78,INR,processing_error,False,2024-03-07 17:32:27,card,False,ecommerce_one_time
txn_e8c84cf3fc,cust_e727cc624b,1373.24,INR,do_not_honor,False,2024-03-14 15:41:40,card,True,d2c_subscription
txn_87718fd004,cust_4384d7c9f5,738.44,INR,do_not_honor,False,2024-03-11 19:37:04,card,True,saas
txn_ce9afe71e3,cust_7457adeaa5,414.79,INR,do_not_honor,False,2024-03-06 15:53:24,card,False,ecommerce_one_time
txn_0277b58c25,cust_2b5bd14d7c,2186.26,INR,issuer_declined,False,2024-03-03 06:30:49,card,True,ecommerce_one_time
txn_51b5ab09f4,cust_3674315a87,1852.89,INR,processing_error,False,2024-03-01 15:30:33,upi,False,ecommerce_one_time
txn_9ab7205b52,cust_39615d0288,560.33,INR,processing_error,False,2024-03-12 04:41:11,card,False,ecommerce_one_time
txn_07b866938a,cust_a1d852b436,1301.14,INR,processing_error,False,2024-03-14 01:41:42,card,True,saas
txn_f5cec9e9bf,cust_c1c98d36ef,255.09,INR,processing_error,False,2024-03-07 11:31:07,card,True,saas
txn_8fafbcd095,cust_f08bf06ab2,4815.54,INR,network_timeout,False,2024-03-02 08:46:54,card,True,saas
txn_9336900113,cust_bb2b76234d,406.53,INR,do_not_honor,False,2024-03-09 14:50:56,netbanking,True,ecommerce_one_time
txn_fd5f9eaf65,cust_947b18f766,264.02,INR,card_stolen,True,2024-03-02 20:11:33,card,False,ecommerce_one_time
txn_0758102e2a,cust_5aba48d47b,852.4,INR,insufficient_funds,False,2024-03-05 02:23:05,card,False,ecommerce_one_time
txn_64b2ff70e5,cust_1fdcd88134,137.19,INR,processing_error,False,2024-03-02 22:00:52,netbanking,True,ecommerce_one_time
txn_b69927e027,cust_c2f64d623a,1191.81,INR,processing_error,False,2024-03-02 04:32:58,netbanking,True,d2c_subscription
txn_2755b310ce,cust_71fbc80dbc,75.07,INR,issuer_declined,False,2024-03-13 23:55:36,upi,True,saas
txn_9f226ddb92,cust_a41839c128,1554.56,INR,issuer_declined,False,2024-03-09 17:42:44,upi,True,saas
txn_1862a9e3df,cust_eef0abafed,757.21,INR,do_not_honor,False,2024-03-14 19:13:20,card,True,d2c_subscription
txn_bdcb13f0ed,cust_fce65d5270,1203.67,INR,issuer_declined,False,2024-03-14 21:05:49,upi,True,ecommerce_one_time
txn_7437e7e176,cust_337f7129d0,612.47,INR,card_expired,True,2024-03-08 20:20:25,card,True,saas
txn_45b1609506,cust_7f2414746c,369.44,INR,issuer_declined,False,2024-03-06 05:45:33,card,False,ecommerce_one_time
txn_ab22847acf,cust_7f3b2cb4fd,8512.14,INR,insufficient_funds,False,2024-03-03 02:17:33,card,False,d2c_subscription
txn_67312abc9b,cust_5acb2d8275,1130.41,INR,do_not_honor,False,2024-03-13 16:35:38,upi,True,saas
txn_88cc20848e,cust_41073dcc5a,589.16,INR,issuer_declined,False,2024-03-15 00:49:35,card,True,ecommerce_one_time
txn_1d5f4037ce,cust_f81f4a85f0,909.93,INR,insufficient_funds,False,2024-03-14 00:53:15,card,True,d2c_subscription
txn_c39420c572,cust_dbcd2cc258,742.91,INR,do_not_honor,False,2024-03-02 12:36:19,card,True,d2c_subscription
txn_562e359126,cust_fd5e73d04c,834.47,INR,do_not_honor,False,2024-03-06 05:43:00,upi,True,saas
txn_37b072f23e,cust_5928173912,122.67,INR,insufficient_funds,False,2024-03-08 18:16:46,card,True,saas
txn_b0ba2e7ae7,cust_80e1559027,243.2,INR,do_not_honor,False,2024-03-14 01:27:19,card,True,saas
txn_aea66d9abc,cust_4ec834cdd4,315.2,INR,do_not_honor,False,2024-03-10 07:24:05,card,True,d2c_subscription
txn_25d304c89a,cust_ce7e12b24f,2335.53,INR,processing_error,False,2024-03-13 16:43:52,upi,False,ecommerce_one_time
txn_845fde6afb,cust_d9d4338065,1619.73,INR,issuer_declined,False,2024-03-15 01:53:17,card,True,ecommerce_one_time
txn_ceb5810a22,cust_5f6ff6e155,761.6,INR,insufficient_funds,False,2024-03-09 08:28:08,netbanking,False,ecommerce_one_time
txn_51b9684431,cust_079d55e83b,168.23,INR,card_stolen,True,2024-03-08 11:06:41,card,True,saas
txn_543b727291,cust_6a7199cf9c,869.42,INR,do_not_honor,False,2024-03-09 04:01:07,card,False,ecommerce_one_time
txn_2a133b715c,cust_9602cf053a,134.93,INR,insufficient_funds,False,2024-03-03 07:10:24,card,True,saas
txn_87c9364cdf,cust_8f92f6b08d,667.28,INR,network_timeout,False,2024-03-02 16:59:32,card,True,saas
txn_d97dcf60af,cust_2aa386c786,507.05,INR,insufficient_funds,False,2024-03-13 19:07:51,card,True,d2c_subscription
txn_04364b2762,cust_005638b840,726.25,INR,network_timeout,False,2024-03-11 15:13:09,card,True,ecommerce_one_time
txn_33dac3f13a,cust_3a7f33da15,2075.17,INR,processing_error,False,2024-03-08 11:40:09,netbanking,False,ecommerce_one_time
txn_3c738d22ae,cust_9e752179ba,1278.41,INR,card_stolen,True,2024-03-09 21:17:09,card,False,ecommerce_one_time
txn_62242a8d20,cust_4b1d6da473,1341.49,INR,card_stolen,True,2024-03-09 09:33:01,card,True,saas
txn_14e704da5c,cust_b3cf36ddba,347.64,INR,insufficient_funds,False,2024-03-05 14:16:23,card,False,saas
txn_b4941f8c2c,cust_86267708a7,586.32,INR,processing_error,False,2024-03-12 23:32:03,card,True,saas
txn_7169021cc2,cust_8872cdb129,178.47,INR,issuer_declined,False,2024-03-03 22:07:17,card,True,d2c_subscription
txn_32e5a73b79,cust_7ea519a5d3,804.49,INR,do_not_honor,False,2024-03-11 19:01:52,card,True,d2c_subscription
txn_ea31b30a45,cust_92b84e163f,1367.81,INR,do_not_honor,False,2024-03-10 14:41:45,card,True,saas
txn_574001977f,cust_768008ad9e,1953.67,INR,insufficient_funds,False,2024-03-12 09:30:17,card,True,d2c_subscription
txn_5e173d5e27,cust_7f262afd7d,4034.25,INR,insufficient_funds,False,2024-03-06 15:57:29,netbanking,True,d2c_subscription
txn_f6cc2f93e5,cust_25de995a00,457.74,INR,insufficient_funds,False,2024-03-05 18:16:46,upi,True,d2c_subscription
txn_254bfd30b5,cust_c46d69ef7e,1421.0,INR,insufficient_funds,False,2024-03-06 18:16:25,netbanking,True,d2c_subscription
txn_ed2720b9e2,cust_d9931898cf,434.48,INR,insufficient_funds,False,2024-03-08 14:09:21,card,True,saas
txn_37eda6749e,cust_259bbb3ed2,1104.09,INR,card_expired,True,2024-03-11 06:07:21,netbanking,True,d2c_subscription
txn_abe9acf121,cust_81730c1a7d,985.32,INR,do_not_honor,False,2024-03-05 20:55:36,card,True,d2c_subscription
txn_4cd96f124a,cust_54b0a688b5,1670.93,INR,network_timeout,False,2024-03-13 20:08:36,card,False,saas
txn_9afec73eb0,cust_3a85f3aac1,1376.52,INR,network_timeout,False,2024-03-11 03:11:55,upi,True,saas
txn_6c7eaed1f0,cust_e0172cbef4,2701.26,INR,processing_error,False,2024-03-05 22:40:28,card,False,ecommerce_one_time
txn_403cbca589,cust_fdaab0f3e6,733.38,INR,issuer_declined,False,2024-03-05 19:25:07,card,False,ecommerce_one_time
txn_61a0464bb8,cust_0a16b1db39,2384.69,INR,network_timeout,False,2024-03-11 17:55:45,upi,True,saas
txn_0e9fb53961,cust_34f259ec4a,975.74,INR,processing_error,False,2024-03-10 17:20:40,upi,True,d2c_subscription
txn_944f940ca2,cust_870c9fedd0,557.98,INR,processing_error,False,2024-03-11 01:03:26,card,True,d2c_subscription
txn_e857c38b8c,cust_64256c014a,104.13,INR,card_expired,True,2024-03-03 02:02:13,card,True,saas
txn_e48e3aa1fe,cust_bf58fa2512,783.22,INR,do_not_honor,False,2024-03-07 11:41:20,card,True,saas
txn_164814ae86,cust_83e163d826,1066.15,INR,do_not_honor,False,2024-03-13 20:08:21,netbanking,True,ecommerce_one_time
txn_5aa4ced046,cust_dfcd0376ac,752.94,INR,network_timeout,False,2024-03-13 05:58:06,card,True,d2c_subscription
txn_4e4b8b8764,cust_a3998353a8,632.94,INR,issuer_declined,False,2024-03-14 12:45:36,card,True,saas
txn_d1c688051d,cust_8314733011,253.56,INR,network_timeout,False,2024-03-12 02:51:24,card,False,ecommerce_one_time
txn_53666e3326,cust_3a7b7ab325,953.55,INR,insufficient_funds,False,2024-03-12 09:17:49,netbanking,False,d2c_subscription
txn_5f64e564f9,cust_2e89d74b40,1035.95,INR,insufficient_funds,False,2024-03-09 06:07:04,upi,True,d2c_subscription
txn_b891cf6748,cust_6f677a0865,452.26,INR,do_not_honor,False,2024-03-05 00:54:06,card,False,saas
txn_a3f1aa4f7d,cust_f55846fc6e,729.78,INR,insufficient_funds,False,2024-03-03 04:49:47,netbanking,True,saas
txn_bd25528c7a,cust_947b18f766,668.87,INR,card_stolen,True,2024-03-07 16:20:00,card,True,saas
txn_472861dcc8,cust_1d0e883f8a,6907.54,INR,insufficient_funds,False,2024-03-04 16:31:19,netbanking,False,ecommerce_one_time
txn_e020a311f2,cust_fdb1f3067c,305.26,INR,processing_error,False,2024-03-06 07:55:17,card,True,d2c_subscription
txn_0b7f850310,cust_6f36a85733,1289.04,INR,insufficient_funds,False,2024-03-11 01:17:15,card,False,ecommerce_one_time
txn_e74d89bb17,cust_d482901e28,54.71,INR,card_stolen,True,2024-03-06 22:22:27,card,True,saas
txn_79e2263022,cust_25ee63ebb6,201.17,INR,issuer_declined,False,2024-03-11 06:30:18,netbanking,True,ecommerce_one_time
txn_af5e6ae775,cust_840a839632,693.38,INR,insufficient_funds,False,2024-03-11 04:14:33,netbanking,True,d2c_subscription
txn_3ab6dc2788,cust_246897ffd4,242.33,INR,insufficient_funds,False,2024-03-01 16:15:08,upi,True,d2c_subscription
txn_d91792019d,cust_2e7486b83f,302.81,INR,do_not_honor,False,2024-03-02 18:00:50,card,True,saas
txn_fadaea5ce6,cust_59ca3d8ab6,742.92,INR,account_closed,True,2024-03-06 08:27:47,card,True,d2c_subscription
txn_a2c3cf2837,cust_d81e739e9e,961.4,INR,card_stolen,True,2024-03-07 04:44:08,card,True,saas
txn_f081ba3898,cust_2a226bbb32,1765.0,INR,issuer_declined,False,2024-03-05 21:39:39,card,False,saas
txn_464045ef64,cust_b3b62c2e16,549.67,INR,do_not_honor,False,2024-03-04 22:59:51,card,False,ecommerce_one_time
txn_0480bc8fa4,cust_f55846fc6e,3686.43,INR,insufficient_funds,False,2024-03-14 17:28:42,upi,True,saas
txn_284cc66a33,cust_488617e988,154.83,INR,do_not_honor,False,2024-03-10 11:32:50,upi,True,saas
txn_a8426a28e0,cust_bf58fa2512,1477.62,INR,do_not_honor,False,2024-03-14 00:43:46,netbanking,False,ecommerce_one_time
txn_c0f1c43824,cust_05a2eb14a0,2227.28,INR,insufficient_funds,False,2024-03-08 02:11:58,card,True,saas
txn_667356547e,cust_3b0e88c020,875.29,INR,do_not_honor,False,2024-03-11 09:03:49,card,True,d2c_subscription
txn_2725c1a8b3,cust_3c94a86a6a,3774.99,INR,network_timeout,False,2024-03-10 21:04:49,card,False,ecommerce_one_time
txn_e88ec66ae1,cust_bbb898167b,222.58,INR,insufficient_funds,False,2024-03-03 17:05:04,card,True,d2c_subscription
txn_97ee7a17ca,cust_2357a5f167,677.52,INR,insufficient_funds,False,2024-03-12 15:25:53,upi,True,saas
txn_f8abb7c630,cust_b890f6eee6,1418.51,INR,insufficient_funds,False,2024-03-02 18:00:55,upi,False,d2c_subscription
txn_dc457e47a7,cust_5bc1bd9c28,360.09,INR,insufficient_funds,False,2024-03-09 14:35:23,card,True,d2c_subscription
txn_edf65b1576,cust_c01bf4e002,865.54,INR,insufficient_funds,False,2024-03-12 19:48:51,card,True,saas
txn_0d373f7e63,cust_afb9a0bfe8,172.78,INR,do_not_honor,False,2024-03-13 11:51:33,netbanking,False,ecommerce_one_time
txn_6ffcbb98fc,cust_634a2d6056,739.64,INR,insufficient_funds,False,2024-03-05 12:01:48,card,False,ecommerce_one_time
txn_622d506b42,cust_08d7ba92a5,1551.35,INR,processing_error,False,2024-03-02 20:43:04,card,False,saas
txn_849c7a767c,cust_76712b6c57,1439.28,INR,network_timeout,False,2024-03-03 06:17:24,upi,True,saas
txn_671261d039,cust_4453efebb7,1628.74,INR,card_expired,True,2024-03-13 02:46:59,upi,False,d2c_subscription
txn_621dba0093,cust_cb42952c10,1977.33,INR,processing_error,False,2024-03-03 04:41:22,card,True,d2c_subscription
txn_74783fa57d,cust_cfd6030fae,816.27,INR,insufficient_funds,False,2024-03-12 08:13:38,upi,False,ecommerce_one_time
txn_b7f8f3d5f7,cust_6fde3282eb,468.02,INR,insufficient_funds,False,2024-03-09 01:50:27,netbanking,True,saas
txn_aae7838f42,cust_c790ea5bc5,412.63,INR,insufficient_funds,False,2024-03-15 10:08:05,card,True,saas
txn_9827207399,cust_8e0ec567a4,175.01,INR,card_stolen,True,2024-03-11 21:03:02,card,False,d2c_subscription
txn_9c50a7c43d,cust_29b37ee190,1372.65,INR,card_stolen,True,2024-03-11 00:30:29,upi,True,ecommerce_one_time
txn_f9ffc8e56f,cust_c6de4e197a,424.81,INR,issuer_declined,False,2024-03-02 02:41:19,upi,True,saas
txn_ff1f4f422b,cust_c7f17803e6,174.96,INR,issuer_declined,False,2024-03-11 14:29:10,card,False,ecommerce_one_time
txn_1b0fbef093,cust_f237f63575,385.2,INR,do_not_honor,False,2024-03-11 15:04:06,card,True,saas
txn_523774e21e,cust_0057f8a858,959.96,INR,issuer_declined,False,2024-03-11 16:08:53,upi,False,saas
txn_653e5d433d,cust_2b6b4cd71c,914.15,INR,card_stolen,True,2024-03-11 23:05:41,card,False,d2c_subscription
txn_f1a00ed418,cust_4f13989d7d,953.38,INR,insufficient_funds,False,2024-03-07 22:34:19,card,True,saas
txn_261a938f20,cust_a349af0cf8,447.5,INR,issuer_declined,False,2024-03-12 14:53:26,card,True,d2c_subscription
txn_6df18bdf86,cust_03e0b8bc5d,317.24,INR,issuer_declined,False,2024-03-11 10:22:57,card,True,saas
txn_dfaace9b49,cust_a6e5b76727,473.86,INR,insufficient_funds,False,2024-03-08 01:04:06,netbanking,False,d2c_subscription
txn_e7b750d124,cust_28a7fe6a58,290.26,INR,issuer_declined,False,2024-03-04 21:50:46,upi,True,saas
txn_9adaf54879,cust_0baea7d55b,150.84,INR,network_timeout,False,2024-03-13 23:59:10,card,False,ecommerce_one_time
txn_0ffa7bdcd9,cust_7769a364e0,542.89,INR,insufficient_funds,False,2024-03-10 14:53:24,netbanking,False,ecommerce_one_time
txn_16a7c49aa7,cust_5774cd6011,2375.64,INR,do_not_honor,False,2024-03-07 12:14:57,card,True,d2c_subscription
txn_39fe40000f,cust_aa056f581c,917.83,INR,issuer_declined,False,2024-03-02 15:58:00,card,True,d2c_subscription
txn_19456536bd,cust_1acd54ac3e,1939.05,INR,insufficient_funds,False,2024-03-02 06:55:14,card,False,ecommerce_one_time
txn_86fa3ac786,cust_a49f096fa6,2043.09,INR,insufficient_funds,False,2024-03-03 06:56:42,upi,True,saas
txn_111edacbfe,cust_eec1643b01,1324.78,INR,insufficient_funds,False,2024-03-08 10:19:50,upi,False,ecommerce_one_time
txn_321671dbed,cust_a362fbad92,599.98,INR,insufficient_funds,False,2024-03-14 03:01:04,upi,True,d2c_subscription
txn_fbc894b986,cust_335254c045,1982.17,INR,issuer_declined,False,2024-03-01 23:38:36,card,False,ecommerce_one_time
txn_9a0e6655c1,cust_a539505b93,3909.91,INR,network_timeout,False,2024-03-06 19:08:30,card,True,saas
txn_09f173cbcb,cust_12b918dc04,369.52,INR,processing_error,False,2024-03-02 19:41:02,card,False,saas
txn_cb98f3af6c,cust_f5e2c0c984,729.98,INR,card_expired,True,2024-03-02 14:39:33,netbanking,False,saas
txn_5ac03bdbdd,cust_72f047d5a3,941.91,INR,issuer_declined,False,2024-03-04 09:47:12,card,True,saas
txn_efc2440f22,cust_de14fffec7,3577.34,INR,processing_error,False,2024-03-09 14:48:11,upi,True,saas
txn_744093822a,cust_80b0a82a23,757.05,INR,processing_error,False,2024-03-06 23:41:34,upi,False,ecommerce_one_time
txn_9c6a4d032b,cust_6d45897997,7416.7,INR,insufficient_funds,False,2024-03-05 19:47:45,card,True,saas
txn_74df7cac3c,cust_cd3b0da2ef,287.98,INR,issuer_declined,False,2024-03-03 04:05:33,card,True,saas
txn_0d045c3a8a,cust_947b18f766,6490.11,INR,do_not_honor,False,2024-03-12 08:00:22,card,True,saas
txn_36c244e2b4,cust_246cf9b521,658.25,INR,network_timeout,False,2024-03-07 17:31:32,upi,True,d2c_subscription
txn_f4a00be902,cust_4b83d351a2,2626.74,INR,issuer_declined,False,2024-03-07 03:47:18,netbanking,True,d2c_subscription
txn_92d6c1997e,cust_aefcf53733,3458.62,INR,insufficient_funds,False,2024-03-12 14:22:50,card,False,saas
txn_d8d8d1a55a,cust_70f76fdaa4,422.8,INR,account_closed,True,2024-03-09 20:57:31,netbanking,False,ecommerce_one_time
txn_2834e3b744,cust_8c3409e310,401.87,INR,insufficient_funds,False,2024-03-02 13:08:23,card,False,ecommerce_one_time
txn_f938056ed1,cust_28a7fe6a58,1373.8,INR,card_stolen,True,2024-03-15 06:35:42,card,False,saas
txn_0d6dc45494,cust_848333691f,131.58,INR,network_timeout,False,2024-03-08 11:15:52,netbanking,False,ecommerce_one_time
txn_26632575a4,cust_3483eb8dd7,739.05,INR,network_timeout,False,2024-03-06 23:16:19,netbanking,True,saas
txn_a89d90aa00,cust_1e1e92754a,1267.94,INR,network_timeout,False,2024-03-02 18:59:48,card,False,d2c_subscription
txn_19d7cf5084,cust_10f26a8a75,4505.1,INR,insufficient_funds,False,2024-03-11 12:46:28,upi,False,ecommerce_one_time
txn_770bd5c539,cust_6b5fef9fb3,4551.36,INR,processing_error,False,2024-03-09 23:54:11,netbanking,False,ecommerce_one_time
txn_a846c7d777,cust_2a1b82ca92,251.35,INR,processing_error,False,2024-03-14 08:58:57,upi,True,saas
txn_3b6aec8d08,cust_c3f928ab01,2532.76,INR,processing_error,False,2024-03-10 19:11:48,upi,True,d2c_subscription
txn_790c6eb7d9,cust_b83f4b7cab,13.37,INR,insufficient_funds,False,2024-03-01 12:54:30,card,True,saas
txn_596e2a0927,cust_fd9257287d,504.84,INR,insufficient_funds,False,2024-03-04 18:37:37,card,True,d2c_subscription
txn_b6ad68341c,cust_b35bcfadc7,832.74,INR,issuer_declined,False,2024-03-09 12:03:48,upi,False,d2c_subscription
txn_b9cd443c03,cust_422bf26de8,440.08,INR,issuer_declined,False,2024-03-06 14:49:35,card,True,saas
txn_df8da5949d,cust_97d95a6bea,2441.07,INR,do_not_honor,False,2024-03-01 23:54:56,card,False,ecommerce_one_time
txn_ac4ee7529d,cust_fdbb86d28d,836.16,INR,network_timeout,False,2024-03-09 08:15:09,card,False,d2c_subscription
txn_a2ad97c30e,cust_22b114a736,313.12,INR,processing_error,False,2024-03-11 08:59:53,card,True,saas
txn_be4fea7863,cust_e52eeedd70,914.11,INR,processing_error,False,2024-03-03 04:47:39,card,False,ecommerce_one_time
txn_77b0bfd0da,cust_d101da83a0,4145.26,INR,insufficient_funds,False,2024-03-03 14:14:03,card,True,d2c_subscription
txn_bb9901f81b,cust_02f695fb79,2065.54,INR,issuer_declined,False,2024-03-08 06:25:49,card,True,saas
txn_79d462698d,cust_09c983f9ed,1062.44,INR,issuer_declined,False,2024-03-15 08:02:03,card,False,d2c_subscription
txn_c781253387,cust_e51acc48ee,1381.09,INR,insufficient_funds,False,2024-03-15 07:42:08,netbanking,False,ecommerce_one_time
txn_5491cfe2ca,cust_026d15c76a,267.72,INR,insufficient_funds,False,2024-03-13 20:29:46,upi,True,ecommerce_one_time
txn_197557862d,cust_947b18f766,111.69,INR,issuer_declined,False,2024-03-05 19:05:01,card,False,saas
txn_814eab8270,cust_b3cf36ddba,2023.57,INR,insufficient_funds,False,2024-03-13 01:01:06,card,True,d2c_subscription
txn_165c7e711d,cust_08955f6b7a,4453.78,INR,do_not_honor,False,2024-03-14 14:46:46,card,False,ecommerce_one_time
txn_ddbf4c0a95,cust_fb971a75d8,304.27,INR,insufficient_funds,False,2024-03-05 22:54:06,upi,False,ecommerce_one_time
txn_4bf41f7829,cust_b610d2062b,371.0,INR,insufficient_funds,False,2024-03-08 18:20:59,upi,True,saas
txn_309808345d,cust_bbc0afb250,1191.89,INR,insufficient_funds,False,2024-03-08 01:44:25,upi,False,d2c_subscription
txn_3bd88a9181,cust_3b5f80c233,520.55,INR,processing_error,False,2024-03-12 19:27:41,upi,False,ecommerce_one_time
txn_47edc7650d,cust_2b46763a31,784.47,INR,do_not_honor,False,2024-03-12 11:51:09,card,True,saas
txn_ee82a8d68e,cust_ba2e6156f6,114.26,INR,issuer_declined,False,2024-03-12 02:41:37,card,True,d2c_subscription
txn_f5431120f3,cust_8121272dd9,867.66,INR,insufficient_funds,False,2024-03-06 11:36:01,card,True,d2c_subscription
txn_e3387b81a2,cust_fcff00bb53,1175.89,INR,card_stolen,True,2024-03-01 18:46:56,card,True,d2c_subscription
txn_5afab80de6,cust_2713e10c7a,214.42,INR,do_not_honor,False,2024-03-02 16:17:38,card,True,d2c_subscription
txn_e89f4d3f13,cust_33dccff21a,229.5,INR,processing_error,False,2024-03-13 21:52:16,upi,True,saas
txn_0af553f89f,cust_e29cbc0d01,3035.15,INR,do_not_honor,False,2024-03-05 23:39:12,card,False,ecommerce_one_time
txn_668cbc13dc,cust_50bfc48bdb,94.5,INR,network_timeout,False,2024-03-04 21:24:38,upi,True,saas
txn_7193a8bcbb,cust_0f845c69cd,1898.27,INR,network_timeout,False,2024-03-14 22:21:54,card,False,ecommerce_one_time
txn_556a50db1b,cust_94890007ec,4070.28,INR,issuer_declined,False,2024-03-06 13:49:07,card,True,d2c_subscription
txn_bb6d9a6d6a,cust_fc32e5fcda,810.53,INR,processing_error,False,2024-03-09 06:39:07,upi,False,saas
txn_8f9c282823,cust_ae632f63fb,1874.03,INR,insufficient_funds,False,2024-03-12 18:27:57,card,False,ecommerce_one_time
txn_1d959ebab8,cust_00e15f4a76,295.05,INR,processing_error,False,2024-03-04 10:40:48,card,False,ecommerce_one_time
txn_b202a161ad,cust_39615d0288,3706.21,INR,issuer_declined,False,2024-03-02 09:43:36,card,True,saas
txn_392919e2bc,cust_1c68bf5618,754.2,INR,insufficient_funds,False,2024-03-07 02:58:37,upi,False,saas
txn_a3488c30a9,cust_c27f4ab716,2164.34,INR,card_stolen,True,2024-03-12 16:19:27,card,False,d2c_subscription
txn_832ba6b169,cust_a1cd70f74e,722.77,INR,network_timeout,False,2024-03-09 11:53:18,netbanking,True,ecommerce_one_time
txn_8ad08c4e52,cust_485a67359b,4994.91,INR,issuer_declined,False,2024-03-08 06:45:49,netbanking,True,saas
txn_e28e37fa43,cust_1e21fdf824,2696.19,INR,account_closed,True,2024-03-02 20:49:50,upi,True,ecommerce_one_time
txn_76efb40538,cust_6f600342f4,760.95,INR,issuer_declined,False,2024-03-04 10:23:05,card,True,saas
txn_35db0b6796,cust_4d3fdca34c,2499.08,INR,issuer_declined,False,2024-03-06 02:39:02,upi,True,d2c_subscription
txn_b96b14c13a,cust_17527de511,540.22,INR,network_timeout,False,2024-03-04 19:26:25,card,True,saas
txn_b2c4977686,cust_26bf705543,2691.48,INR,issuer_declined,False,2024-03-05 18:47:00,netbanking,True,saas
txn_4613caa3d8,cust_b5fbccca6b,510.52,INR,issuer_declined,False,2024-03-11 00:34:42,card,False,ecommerce_one_time
txn_645ab5c291,cust_b83f4b7cab,105.89,INR,processing_error,False,2024-03-13 15:09:33,card,True,saas
txn_5287daa821,cust_7b92ced64c,427.13,INR,insufficient_funds,False,2024-03-03 18:00:17,card,False,ecommerce_one_time
txn_d3593da189,cust_c01bf4e002,4178.4,INR,issuer_declined,False,2024-03-07 17:54:07,upi,True,saas
txn_8f53afcd9e,cust_a65fa84c79,214.57,INR,issuer_declined,False,2024-03-02 00:44:08,netbanking,True,saas
txn_1d318548df,cust_42476447bb,6869.09,INR,processing_error,False,2024-03-05 23:10:28,card,True,ecommerce_one_time
txn_3625a6edaa,cust_cd40ac727d,2102.46,INR,insufficient_funds,False,2024-03-08 20:43:46,card,False,d2c_subscription
txn_19b8261686,cust_b65ae7dfe6,147.25,INR,insufficient_funds,False,2024-03-06 10:41:18,upi,True,saas
txn_1b6cb8cb57,cust_8fe2648fdd,469.38,INR,processing_error,False,2024-03-06 08:49:20,upi,True,d2c_subscription
txn_9647b35700,cust_24a912e937,351.69,INR,insufficient_funds,False,2024-03-01 18:12:38,upi,True,saas
txn_1cfbc47f4f,cust_d8854df7ea,71.12,INR,issuer_declined,False,2024-03-10 09:31:24,card,False,ecommerce_one_time
txn_e62517dc89,cust_8d60ef06f7,763.45,INR,processing_error,False,2024-03-10 04:13:55,upi,False,saas
txn_613237a297,cust_7620bb757d,93.02,INR,processing_error,False,2024-03-10 13:01:42,netbanking,False,d2c_subscription
txn_1382db4ade,cust_aac38dad81,4231.58,INR,insufficient_funds,False,2024-03-13 23:45:00,card,True,saas
txn_e995b1de74,cust_96f561ca96,1059.76,INR,network_timeout,False,2024-03-08 22:10:32,card,False,d2c_subscription
txn_1c59967d9b,cust_1af6544781,801.97,INR,processing_error,False,2024-03-09 06:21:58,card,False,ecommerce_one_time
txn_b026d47b93,cust_12f345a3b8,3228.06,INR,issuer_declined,False,2024-03-12 17:45:48,card,False,ecommerce_one_time
txn_d85a49e624,cust_4f13989d7d,389.45,INR,processing_error,False,2024-03-04 02:05:45,upi,True,saas
txn_428badc343,cust_0ca0f75d70,266.43,INR,processing_error,False,2024-03-05 20:21:40,card,True,saas
txn_ce53cdf374,cust_bfe2e3dae9,1503.24,INR,do_not_honor,False,2024-03-12 02:50:50,card,True,saas
txn_b046a2e836,cust_4a67013dcb,2342.65,INR,do_not_honor,False,2024-03-13 04:22:01,card,False,ecommerce_one_time
txn_aa08948c42,cust_09304a5971,2066.8,INR,processing_error,False,2024-03-06 20:20:06,netbanking,False,saas
txn_c4c061ff9a,cust_5774cd6011,1539.84,INR,account_closed,True,2024-03-15 10:15:34,upi,True,d2c_subscription
txn_698ef21538,cust_a16791a96d,750.44,INR,do_not_honor,False,2024-03-13 09:14:47,card,False,saas
txn_a88b045282,cust_95d7c94871,697.06,INR,network_timeout,False,2024-03-09 08:20:10,upi,False,ecommerce_one_time
txn_95fcc6aed1,cust_932cccd89e,949.1,INR,processing_error,False,2024-03-01 15:09:32,card,True,d2c_subscription
txn_f8dedfb2bc,cust_6f29d8f859,417.68,INR,network_timeout,False,2024-03-14 10:19:23,netbanking,True,d2c_subscription
txn_f9b2b65a1c,cust_f8b268a31c,1246.47,INR,card_stolen,True,2024-03-08 02:21:42,upi,False,ecommerce_one_time
txn_b573bd172a,cust_59a9c49a60,1004.38,INR,insufficient_funds,False,2024-03-07 15:01:15,card,True,ecommerce_one_time
txn_cd825571ca,cust_29b37ee190,734.03,INR,insufficient_funds,False,2024-03-11 23:22:57,netbanking,True,d2c_subscription
txn_f91547baca,cust_079d55e83b,2436.12,INR,do_not_honor,False,2024-03-08 05:09:22,card,True,ecommerce_one_time
txn_0008750489,cust_89bccb5af0,876.27,INR,issuer_declined,False,2024-03-06 14:54:29,upi,True,d2c_subscription
txn_601b056351,cust_c3f928ab01,400.99,INR,do_not_honor,False,2024-03-13 13:52:45,card,True,d2c_subscription
txn_cb2bfb6642,cust_14a613c8a4,1061.99,INR,network_timeout,False,2024-03-02 03:23:51,upi,True,saas
txn_cc68787e9d,cust_e4863fcd03,318.85,INR,card_expired,True,2024-03-12 01:20:43,card,True,d2c_subscription
txn_a0c965d4f7,cust_f0ede79dd8,5014.6,INR,issuer_declined,False,2024-03-10 08:06:20,card,True,d2c_subscription
txn_19f50c5d67,cust_c96647335f,979.0,INR,processing_error,False,2024-03-15 03:47:03,card,True,saas
txn_e6a9aa586c,cust_a1d852b436,1158.23,INR,insufficient_funds,False,2024-03-07 04:34:50,netbanking,False,saas
txn_b18d5aa5d4,cust_102a161570,2346.75,INR,do_not_honor,False,2024-03-07 04:25:55,card,False,d2c_subscription
txn_bf90477f57,cust_cf58dcc951,2401.45,INR,insufficient_funds,False,2024-03-13 20:58:27,upi,True,saas
txn_a8acabf639,cust_276530d98b,1580.19,INR,do_not_honor,False,2024-03-11 09:35:50,card,False,d2c_subscription
txn_5af68c3d64,cust_2d34242e61,1116.68,INR,do_not_honor,False,2024-03-04 18:22:53,netbanking,True,d2c_subscription
txn_7daaa5ca40,cust_b5399deb2f,403.8,INR,processing_error,False,2024-03-05 12:26:14,card,False,saas
txn_001d96882c,cust_3483eb8dd7,6804.55,INR,processing_error,False,2024-03-11 04:44:52,upi,True,saas
txn_13a2fc11ab,cust_b8fec98113,653.46,INR,issuer_declined,False,2024-03-06 16:22:43,netbanking,True,saas
txn_89e96c0826,cust_e13ff7a63c,123.05,INR,insufficient_funds,False,2024-03-05 00:59:48,card,True,saas
txn_f0c8770e3b,cust_92b84e163f,106.34,INR,insufficient_funds,False,2024-03-10 06:28:29,card,False,d2c_subscription
txn_7da9222ba1,cust_c27f4ab716,1018.61,INR,card_stolen,True,2024-03-13 00:57:01,netbanking,True,d2c_subscription
txn_162af2c56e,cust_1222fef81b,663.12,INR,card_expired,True,2024-03-15 04:42:04,card,True,ecommerce_one_time
txn_8231f50d78,cust_fd5e73d04c,532.5,INR,issuer_declined,False,2024-03-02 03:12:16,card,True,saas
txn_86952376a4,cust_78c8b19f06,748.92,INR,insufficient_funds,False,2024-03-11 00:25:30,card,False,d2c_subscription
txn_14632b6a45,cust_408feea307,1053.64,INR,issuer_declined,False,2024-03-04 05:08:01,upi,True,saas
txn_1430f8670c,cust_337f7129d0,1153.44,INR,processing_error,False,2024-03-10 22:50:45,netbanking,False,ecommerce_one_time
txn_ca2d120909,cust_e94856e331,220.5,INR,issuer_declined,False,2024-03-05 12:41:29,upi,True,saas
txn_d4b8c18c55,cust_b1bdffeb85,841.57,INR,insufficient_funds,False,2024-03-10 20:12:40,upi,False,d2c_subscription
txn_4d73a04d8d,cust_89e9f1b994,15.32,INR,issuer_declined,False,2024-03-06 23:55:30,card,True,d2c_subscription
txn_c2d1874a3e,cust_3b5f80c233,548.15,INR,insufficient_funds,False,2024-03-02 03:38:35,card,True,saas
txn_da7de830ad,cust_92b84e163f,968.69,INR,issuer_declined,False,2024-03-04 22:44:46,card,False,ecommerce_one_time
txn_860e0e9c36,cust_3db5419d1e,418.15,INR,insufficient_funds,False,2024-03-13 04:42:29,card,True,saas
txn_9d6e69f76d,cust_e60bf8fdcb,325.36,INR,processing_error,False,2024-03-08 04:02:29,card,True,saas
txn_b5dcb3b20a,cust_f2bfdf2b1c,235.57,INR,do_not_honor,False,2024-03-11 17:15:36,upi,True,d2c_subscription
txn_8ed42f73ec,cust_7999be9f14,912.85,INR,insufficient_funds,False,2024-03-12 10:17:41,card,True,d2c_subscription
txn_6cadd901b4,cust_610cd0ce73,310.95,INR,do_not_honor,False,2024-03-03 20:18:51,card,True,saas
txn_fac476eae7,cust_4fadd1ca2e,1135.5,INR,do_not_honor,False,2024-03-01 17:50:56,card,True,saas
txn_dff08fd625,cust_48f26c976d,164.71,INR,network_timeout,False,2024-03-02 13:08:50,card,True,saas
txn_d134e3a24c,cust_fd2e097c05,923.66,INR,card_stolen,True,2024-03-03 18:04:43,card,False,ecommerce_one_time
txn_00dfcced22,cust_c11e7d00c3,3397.62,INR,insufficient_funds,False,2024-03-08 22:39:22,card,True,d2c_subscription
txn_cb1f21615f,cust_22d502fceb,303.35,INR,network_timeout,False,2024-03-08 03:12:18,card,True,saas
txn_65bded8a46,cust_296d843199,393.47,INR,processing_error,False,2024-03-07 22:32:37,card,True,saas
txn_c240faa88e,cust_9d359b2f09,195.32,INR,processing_error,False,2024-03-05 04:37:41,upi,False,ecommerce_one_time
txn_ec1bffce27,cust_ddac02d708,2027.02,INR,issuer_declined,False,2024-03-14 18:14:23,netbanking,False,ecommerce_one_time
txn_76aff5d2a5,cust_4ec834cdd4,898.85,INR,issuer_declined,False,2024-03-03 22:11:25,upi,False,saas
txn_a574b39338,cust_2342beeb09,1699.6,INR,insufficient_funds,False,2024-03-04 04:29:57,upi,True,d2c_subscription
txn_1e4e47dfbd,cust_8ebf3a8a9e,140.36,INR,account_closed,True,2024-03-01 13:37:55,netbanking,True,saas
txn_ec24019b0c,cust_c67a5d4e3b,109.87,INR,do_not_honor,False,2024-03-07 04:13:40,card,True,saas
txn_e082865a1f,cust_4792fba58f,221.51,INR,issuer_declined,False,2024-03-09 02:21:10,upi,False,ecommerce_one_time
txn_2ada69800a,cust_6c5398a911,217.28,INR,do_not_honor,False,2024-03-08 19:03:10,card,False,ecommerce_one_time
txn_c81e54fca1,cust_ec13538a6f,864.02,INR,insufficient_funds,False,2024-03-06 19:37:01,card,True,saas
txn_2cbedeb2aa,cust_634a2d6056,5339.92,INR,insufficient_funds,False,2024-03-11 06:20:05,card,True,ecommerce_one_time
txn_c093380baa,cust_df9b93993e,309.35,INR,do_not_honor,False,2024-03-04 14:57:32,card,True,d2c_subscription
txn_a15a11e759,cust_1fdcd88134,744.8,INR,do_not_honor,False,2024-03-09 06:53:35,upi,False,ecommerce_one_time
txn_4b498579d2,cust_f2bfdf2b1c,2284.83,INR,network_timeout,False,2024-03-11 13:19:41,card,False,ecommerce_one_time
txn_07926b3876,cust_bca8f946f6,827.29,INR,processing_error,False,2024-03-05 04:56:07,upi,True,d2c_subscription
txn_3e811ca43c,cust_4b4d26a3fb,975.84,INR,do_not_honor,False,2024-03-10 18:50:13,netbanking,False,ecommerce_one_time
txn_833d1c2702,cust_25de995a00,8148.69,INR,network_timeout,False,2024-03-14 08:51:36,card,True,saas
txn_f9096f020c,cust_609f77bd1a,3524.66,INR,insufficient_funds,False,2024-03-08 04:34:56,card,True,d2c_subscription
txn_70794012e0,cust_5b571b4898,559.85,INR,processing_error,False,2024-03-08 09:42:38,card,True,saas
txn_04a0a8f8fc,cust_d6530d3860,169.38,INR,processing_error,False,2024-03-11 10:04:05,card,False,ecommerce_one_time
txn_c58e59c4a9,cust_86267708a7,2273.34,INR,insufficient_funds,False,2024-03-15 00:21:42,netbanking,True,saas
txn_36ee7a1589,cust_c5bc19071c,969.76,INR,insufficient_funds,False,2024-03-08 20:09:27,upi,True,d2c_subscription
txn_cf29291dd9,cust_3f46424042,400.78,INR,insufficient_funds,False,2024-03-04 16:31:23,upi,False,ecommerce_one_time
txn_85c339546d,cust_d1f3878581,1998.31,INR,insufficient_funds,False,2024-03-04 06:42:01,card,True,saas
txn_06a97c1ec0,cust_6a3b6dd610,1334.04,INR,do_not_honor,False,2024-03-12 13:05:53,upi,True,saas
txn_80422224e1,cust_0cb85ac574,250.89,INR,insufficient_funds,False,2024-03-09 11:24:10,upi,True,saas
txn_6294e0c352,cust_81bde1a3e7,272.7,INR,processing_error,False,2024-03-02 20:27:43,card,True,d2c_subscription
txn_69c2d4e0fd,cust_a57dc78ff9,1239.35,INR,insufficient_funds,False,2024-03-10 16:14:19,card,True,saas
txn_a88ad710cd,cust_9b5e8e7a48,577.5,INR,insufficient_funds,False,2024-03-08 20:01:56,card,True,d2c_subscription
txn_96e631cac2,cust_21dbf0e069,133.27,INR,issuer_declined,False,2024-03-05 23:39:35,card,True,d2c_subscription
txn_cd2a07555a,cust_2c1ba93738,542.89,INR,insufficient_funds,False,2024-03-09 02:21:34,netbanking,True,ecommerce_one_time
txn_25ccda11ef,cust_8ebf3a8a9e,394.75,INR,account_closed,True,2024-03-03 17:18:37,upi,False,ecommerce_one_time
txn_815df35fb0,cust_848333691f,395.05,INR,issuer_declined,False,2024-03-10 10:55:19,card,True,saas
txn_3f7581af05,cust_a6e5b76727,434.68,INR,insufficient_funds,False,2024-03-08 14:37:48,netbanking,False,ecommerce_one_time
txn_f500146351,cust_aa4dda47b1,386.89,INR,insufficient_funds,False,2024-03-08 06:30:10,card,False,ecommerce_one_time
txn_2ebbb5f0e9,cust_7b92ced64c,468.88,INR,issuer_declined,False,2024-03-05 01:54:09,card,True,d2c_subscription
txn_b0ac102e85,cust_7bba6f6c06,221.71,INR,do_not_honor,False,2024-03-10 18:25:22,netbanking,True,d2c_subscription
txn_0629d4915b,cust_25de995a00,458.0,INR,network_timeout,False,2024-03-11 15:29:06,netbanking,True,saas
txn_77f4d1e848,cust_e6515caff1,1392.7,INR,issuer_declined,False,2024-03-10 11:03:56,upi,True,d2c_subscription
txn_4127971265,cust_7d8a68d21b,680.56,INR,do_not_honor,False,2024-03-12 05:53:28,card,True,d2c_subscription
txn_c0cd9200c0,cust_0cb85ac574,2209.89,INR,do_not_honor,False,2024-03-12 18:16:27,netbanking,True,saas
txn_81a44088fd,cust_5580e8d228,3532.24,INR,network_timeout,False,2024-03-04 00:43:59,upi,True,saas
txn_ad0e08b814,cust_5fcb017311,7198.5,INR,do_not_honor,False,2024-03-10 16:00:29,upi,True,saas
txn_dc95d09abe,cust_102a161570,1127.29,INR,issuer_declined,False,2024-03-11 17:16:34,card,True,d2c_subscription
txn_185b17277f,cust_f1566a2a39,202.1,INR,processing_error,False,2024-03-04 03:15:50,card,True,saas
txn_b848825ca3,cust_4514a8eb50,106.61,INR,network_timeout,False,2024-03-04 11:03:57,upi,True,d2c_subscription
txn_c5c092c1b9,cust_e2afe59876,494.35,INR,issuer_declined,False,2024-03-12 01:26:53,netbanking,False,ecommerce_one_time
txn_e60d06e3ca,cust_33791d5518,1139.51,INR,account_closed,True,2024-03-11 05:34:06,upi,True,saas
txn_5acf2184e0,cust_c27f4ab716,1620.27,INR,network_timeout,False,2024-03-04 00:03:15,card,True,saas
txn_c16e2d0fd7,cust_d8854df7ea,1778.27,INR,insufficient_funds,False,2024-03-11 14:37:32,upi,True,saas
txn_fe382c50b7,cust_cfa86c33b8,1029.91,INR,network_timeout,False,2024-03-03 10:35:57,card,False,saas
txn_b57a2aa5a9,cust_2f2e4e162a,3340.59,INR,do_not_honor,False,2024-03-06 20:27:32,card,False,ecommerce_one_time
txn_2f7b696106,cust_94890007ec,155.23,INR,do_not_honor,False,2024-03-06 04:06:42,card,True,d2c_subscription
txn_840714d0e2,cust_ec6308fdd2,1417.75,INR,do_not_honor,False,2024-03-08 00:35:15,card,False,ecommerce_one_time
txn_e73366f5d7,cust_de14fffec7,2157.63,INR,network_timeout,False,2024-03-15 01:41:25,upi,False,ecommerce_one_time
txn_1df00a1336,cust_dee5d70f02,317.36,INR,do_not_honor,False,2024-03-03 22:57:32,card,False,saas
txn_00141dc801,cust_9602cf053a,747.26,INR,do_not_honor,False,2024-03-07 15:29:34,card,True,d2c_subscription
txn_4ac26bf231,cust_e94856e331,624.53,INR,insufficient_funds,False,2024-03-13 01:55:12,netbanking,False,d2c_subscription
txn_aba88d30a9,cust_69ac884a82,4206.5,INR,issuer_declined,False,2024-03-03 20:03:44,upi,True,d2c_subscription
txn_d9948b2d69,cust_b2530383d9,2697.38,INR,card_expired,True,2024-03-11 09:23:32,card,True,saas
txn_01a12bbc90,cust_56c84d941a,282.32,INR,processing_error,False,2024-03-10 09:05:49,card,True,saas
txn_317fe48fe4,cust_16eab4f855,822.96,INR,insufficient_funds,False,2024-03-06 13:15:16,upi,True,d2c_subscription
txn_e1d5eddea1,cust_81730c1a7d,458.61,INR,network_timeout,False,2024-03-11 12:58:19,card,True,d2c_subscription
txn_f135245e35,cust_942772ab05,499.87,INR,network_timeout,False,2024-03-15 09:49:46,card,False,saas
txn_4c8a359ae8,cust_38463dd23b,2193.82,INR,do_not_honor,False,2024-03-11 00:01:03,card,True,saas
txn_41b2f011f7,cust_7720b002c5,918.8,INR,insufficient_funds,False,2024-03-05 22:27:41,card,True,d2c_subscription
txn_99ac320645,cust_0187b7a7ed,1565.15,INR,do_not_honor,False,2024-03-09 13:50:47,upi,True,d2c_subscription
txn_89d606a94c,cust_f237f63575,2127.65,INR,insufficient_funds,False,2024-03-05 12:38:18,card,False,d2c_subscription
txn_f618c3a276,cust_08e3e1d9ae,1192.33,INR,issuer_declined,False,2024-03-14 12:25:24,card,True,saas
txn_c1078e8845,cust_a58cbc25ec,244.8,INR,do_not_honor,False,2024-03-11 21:28:54,card,True,saas
txn_c464cfbddd,cust_a8d84a44b4,2556.4,INR,card_expired,True,2024-03-12 04:08:17,card,False,ecommerce_one_time
txn_3387a91bab,cust_d67faeb8e9,269.28,INR,issuer_declined,False,2024-03-14 14:28:13,card,True,d2c_subscription
txn_09fa8dd0e2,cust_609f77bd1a,1504.67,INR,network_timeout,False,2024-03-06 10:37:48,netbanking,True,saas
txn_e3defcdc7c,cust_271a947c64,134.68,INR,card_expired,True,2024-03-12 13:20:39,card,True,d2c_subscription
txn_01a4d22161,cust_6a1a1bb91d,940.42,INR,insufficient_funds,False,2024-03-08 21:14:44,card,True,d2c_subscription
txn_a278aa31ba,cust_368d3b7e8b,680.18,INR,insufficient_funds,False,2024-03-01 15:12:03,card,True,d2c_subscription
txn_c9a32bd684,cust_b35bcfadc7,1833.62,INR,processing_error,False,2024-03-12 00:53:36,upi,True,saas
txn_de3d2336ad,cust_286162e0e6,326.19,INR,processing_error,False,2024-03-12 18:34:19,card,False,d2c_subscription
txn_80a0e470b8,cust_8002902885,2242.67,INR,issuer_declined,False,2024-03-02 11:13:29,netbanking,False,ecommerce_one_time
txn_e156bc8355,cust_f6a1f9efdd,3759.55,INR,processing_error,False,2024-03-10 11:54:44,upi,False,saas
txn_24fb269f46,cust_dee5d70f02,2966.38,INR,do_not_honor,False,2024-03-11 08:41:52,card,True,saas
txn_45a71494ff,cust_286162e0e6,270.15,INR,processing_error,False,2024-03-05 10:12:18,upi,False,saas
txn_b645d955fa,cust_e80cf72167,2920.12,INR,processing_error,False,2024-03-13 16:32:58,card,True,saas
txn_87f1b268f1,cust_fdb1f3067c,1545.77,INR,insufficient_funds,False,2024-03-10 04:55:18,netbanking,False,ecommerce_one_time
txn_b38af47273,cust_f99950209e,2651.79,INR,insufficient_funds,False,2024-03-12 17:01:09,netbanking,False,ecommerce_one_time
txn_bf9a63bd23,cust_653a16e3ba,1121.81,INR,insufficient_funds,False,2024-03-03 00:21:44,card,True,saas
txn_4cc2fbfa50,cust_c15695a4fd,1927.76,INR,card_expired,True,2024-03-11 08:20:52,upi,False,ecommerce_one_time
txn_f67501fb42,cust_bea8ac52c2,590.2,INR,card_expired,True,2024-03-07 13:32:23,card,True,saas
txn_cdef3f2b27,cust_46c6dd4b0f,700.65,INR,network_timeout,False,2024-03-08 04:25:13,card,True,d2c_subscription
txn_784d1d2e65,cust_ce95e3a6f8,637.24,INR,insufficient_funds,False,2024-03-08 14:26:35,upi,True,d2c_subscription
txn_e069b54840,cust_8c10a08c9b,374.49,INR,do_not_honor,False,2024-03-14 13:42:59,netbanking,True,saas
txn_62e64c1bb6,cust_a7b78c4e5b,863.33,INR,insufficient_funds,False,2024-03-11 19:44:13,card,False,d2c_subscription
txn_0c12ecdef4,cust_6f36a85733,1396.04,INR,issuer_declined,False,2024-03-03 12:44:23,upi,True,d2c_subscription
txn_2ec86fd7ab,cust_76712b6c57,435.6,INR,insufficient_funds,False,2024-03-07 19:49:24,upi,True,saas
txn_c05db65df2,cust_f5ce731952,4853.37,INR,network_timeout,False,2024-03-03 05:10:05,card,True,ecommerce_one_time
txn_a21250bf13,cust_9496ed8288,1223.63,INR,insufficient_funds,False,2024-03-07 16:01:21,upi,True,saas
txn_7c4c33596c,cust_34c1fdef31,2044.32,INR,processing_error,False,2024-03-11 01:02:04,upi,True,saas
txn_f1d5f6d811,cust_b35bcfadc7,584.11,INR,account_closed,True,2024-03-10 15:56:53,upi,False,ecommerce_one_time
txn_bca8253d39,cust_abdc1ac395,372.74,INR,processing_error,False,2024-03-04 15:29:43,netbanking,False,d2c_subscription
txn_944b2d204b,cust_99b22e2140,470.11,INR,insufficient_funds,False,2024-03-12 04:07:04,card,False,saas
txn_eae33129f5,cust_bea8ac52c2,4054.03,INR,card_expired,True,2024-03-07 02:30:12,card,True,saas
txn_2529d31d2b,cust_fd9257287d,171.43,INR,processing_error,False,2024-03-02 09:36:54,card,True,saas
txn_754e349881,cust_2e7486b83f,777.77,INR,issuer_declined,False,2024-03-03 15:55:51,card,False,saas
txn_f197e55797,cust_f978f7050b,69.8,INR,processing_error,False,2024-03-10 01:50:53,card,True,saas
txn_3f8d1a2cfa,cust_246897ffd4,1414.63,INR,network_timeout,False,2024-03-11 14:56:22,netbanking,True,d2c_subscription
txn_e42f3342b8,cust_f6a1f9efdd,510.83,INR,issuer_declined,False,2024-03-06 19:08:05,card,True,d2c_subscription
txn_44887ca26b,cust_46198e4f35,119.79,INR,do_not_honor,False,2024-03-06 22:57:39,upi,False,ecommerce_one_time
txn_aa4ed0d944,cust_4453efebb7,233.52,INR,issuer_declined,False,2024-03-05 09:14:36,card,False,ecommerce_one_time
txn_addd33699e,cust_eae3e35589,1249.54,INR,insufficient_funds,False,2024-03-14 11:34:29,card,True,saas
txn_577105a781,cust_b18f479106,414.4,INR,network_timeout,False,2024-03-07 22:35:23,netbanking,False,ecommerce_one_time
txn_6d10338fdb,cust_00f80789cd,4464.16,INR,insufficient_funds,False,2024-03-15 08:49:27,upi,False,ecommerce_one_time
txn_a9972c05f4,cust_d8b95d6127,275.73,INR,issuer_declined,False,2024-03-01 15:01:41,card,False,ecommerce_one_time
txn_0ac9cc2474,cust_82a7891a3f,283.4,INR,issuer_declined,False,2024-03-03 06:06:06,netbanking,True,d2c_subscription
txn_0b6df6a8f2,cust_252fb524ef,6982.97,INR,issuer_declined,False,2024-03-05 03:25:47,card,False,saas
txn_ee786cde9d,cust_25d91349a5,3459.72,INR,issuer_declined,False,2024-03-11 09:01:56,card,True,saas
txn_02853d3d7b,cust_2b46763a31,316.06,INR,do_not_honor,False,2024-03-05 01:13:13,card,False,ecommerce_one_time
txn_b5dfc48e0e,cust_fb2184f55a,1921.53,INR,issuer_declined,False,2024-03-09 06:20:32,upi,True,d2c_subscription
txn_98fa265347,cust_840a839632,3350.04,INR,insufficient_funds,False,2024-03-06 09:57:27,card,False,ecommerce_one_time
txn_b38534cb01,cust_9ace8e1ce6,5959.73,INR,network_timeout,False,2024-03-12 06:07:20,netbanking,False,d2c_subscription
txn_d68f82e667,cust_d8854df7ea,827.72,INR,card_stolen,True,2024-03-08 20:30:55,card,True,saas
txn_d35ece2a0c,cust_dfcd0376ac,2825.27,INR,issuer_declined,False,2024-03-03 05:23:34,card,True,saas
txn_48bb06d5df,cust_2b613635cd,64.95,INR,issuer_declined,False,2024-03-12 20:13:25,netbanking,False,ecommerce_one_time
txn_2686757ff8,cust_067bcf80f0,213.08,INR,insufficient_funds,False,2024-03-10 02:47:48,card,False,saas
txn_c5ac783f88,cust_f097620412,1279.28,INR,insufficient_funds,False,2024-03-11 10:01:26,card,True,d2c_subscription
txn_52b59a8179,cust_50bfc48bdb,1034.15,INR,issuer_declined,False,2024-03-12 23:48:58,card,False,ecommerce_one_time
txn_a9dacb852d,cust_6c5398a911,1389.74,INR,card_expired,True,2024-03-09 22:32:23,card,True,saas
txn_01515292e5,cust_138677055e,1312.26,INR,processing_error,False,2024-03-06 23:42:52,card,True,saas
txn_ae8670d43e,cust_b41d0c2a19,1458.6,INR,issuer_declined,False,2024-03-14 17:35:49,card,False,d2c_subscription
txn_0801b7b241,cust_2684c3fe7d,1835.93,INR,card_stolen,True,2024-03-12 14:57:52,upi,False,ecommerce_one_time
txn_424acb896e,cust_c3f928ab01,1920.18,INR,issuer_declined,False,2024-03-04 01:25:49,card,False,d2c_subscription
txn_b1b3a06735,cust_c5e84ec3c8,2287.39,INR,insufficient_funds,False,2024-03-11 20:24:30,card,True,saas
txn_224a811348,cust_337f7129d0,286.37,INR,issuer_declined,False,2024-03-10 19:11:24,upi,True,saas
txn_8d8509de34,cust_b097092b16,183.92,INR,insufficient_funds,False,2024-03-06 01:56:28,card,True,saas
txn_883be21b35,cust_f0ee342eb6,390.08,INR,network_timeout,False,2024-03-05 01:12:20,upi,True,saas
txn_a3adda24dd,cust_28a7fe6a58,1891.22,INR,issuer_declined,False,2024-03-02 01:42:09,upi,True,saas
txn_9d5528bedc,cust_f5e2c0c984,345.13,INR,processing_error,False,2024-03-13 06:38:08,card,False,ecommerce_one_time
txn_93ae435b46,cust_5774cd6011,854.11,INR,issuer_declined,False,2024-03-04 22:23:02,card,True,saas
txn_e9960aaf71,cust_7999be9f14,1695.04,INR,card_expired,True,2024-03-05 08:49:05,card,False,ecommerce_one_time
txn_7f44178496,cust_5580e8d228,189.86,INR,processing_error,False,2024-03-13 18:17:18,card,False,ecommerce_one_time
txn_5374a556d3,cust_0db761bd1e,1196.44,INR,do_not_honor,False,2024-03-03 05:27:49,card,True,d2c_subscription
txn_c67dab6615,cust_0cb85ac574,1786.33,INR,insufficient_funds,False,2024-03-11 02:58:51,upi,True,d2c_subscription
txn_ff124703eb,cust_7566735ea6,383.5,INR,card_expired,True,2024-03-09 13:50:35,upi,True,saas
txn_34b5e7c2d9,cust_33ddd488bb,715.73,INR,do_not_honor,False,2024-03-04 08:25:17,card,True,d2c_subscription
txn_8b79e59342,cust_4514a8eb50,8212.88,INR,issuer_declined,False,2024-03-08 03:56:19,netbanking,False,saas
txn_21fc8d300f,cust_4731536e86,1382.91,INR,network_timeout,False,2024-03-11 15:33:02,card,True,saas
txn_884ef439a2,cust_fcff00bb53,1439.54,INR,insufficient_funds,False,2024-03-10 23:49:40,netbanking,False,d2c_subscription
txn_783701c0dc,cust_72c05afd42,1280.8,INR,issuer_declined,False,2024-03-05 03:20:12,upi,True,saas
txn_d87cc068d2,cust_8af4826399,2120.49,INR,do_not_honor,False,2024-03-12 22:25:24,card,False,saas
txn_18fed5faaa,cust_1aad49e94d,4980.24,INR,issuer_declined,False,2024-03-08 21:28:40,card,True,d2c_subscription
txn_5e8de1c881,cust_b6c70edf44,513.09,INR,issuer_declined,False,2024-03-05 00:51:22,card,False,d2c_subscription
txn_8ea5e17ef0,cust_f082f71cff,1079.26,INR,insufficient_funds,False,2024-03-03 02:50:20,netbanking,False,saas
txn_95984c8a45,cust_cb18c1661c,862.76,INR,insufficient_funds,False,2024-03-03 22:26:39,card,True,saas
txn_67316562bc,cust_680fbe5919,1702.96,INR,insufficient_funds,False,2024-03-10 11:19:34,netbanking,True,saas
txn_bea4355a08,cust_064526623b,1466.3,INR,insufficient_funds,False,2024-03-12 17:14:25,card,True,d2c_subscription
txn_027fbe0581,cust_252fb524ef,184.54,INR,card_stolen,True,2024-03-02 09:59:03,card,True,d2c_subscription
txn_c4acd614e9,cust_0cc1fee4ca,745.49,INR,do_not_honor,False,2024-03-07 03:16:08,upi,False,saas
txn_97b64d3176,cust_770d4f30b5,557.9,INR,do_not_honor,False,2024-03-09 19:06:08,card,False,d2c_subscription
txn_29b41d8591,cust_d924ea0634,189.9,INR,issuer_declined,False,2024-03-02 20:56:29,card,False,ecommerce_one_time
txn_7c17c59e78,cust_c2d2c04d93,200.56,INR,processing_error,False,2024-03-05 07:59:06,netbanking,True,d2c_subscription
txn_308cf30ef0,cust_867335b3dd,145.42,INR,insufficient_funds,False,2024-03-08 19:53:49,card,True,d2c_subscription
txn_6c39878f45,cust_7566735ea6,363.41,INR,insufficient_funds,False,2024-03-12 18:24:53,netbanking,True,d2c_subscription
txn_39229b6893,cust_96f561ca96,332.62,INR,processing_error,False,2024-03-14 08:33:45,netbanking,False,ecommerce_one_time
txn_253b47432c,cust_259bbb3ed2,768.73,INR,issuer_declined,False,2024-03-08 01:39:18,card,False,ecommerce_one_time
txn_3d0fb5cfc7,cust_c7f5c33551,195.98,INR,processing_error,False,2024-03-13 21:33:40,card,False,saas
txn_05b2cadbed,cust_bca8f946f6,3219.29,INR,network_timeout,False,2024-03-11 03:47:41,card,True,saas
txn_ffb917c576,cust_ac9a5c8cef,736.12,INR,network_timeout,False,2024-03-05 23:03:47,upi,True,saas
txn_3179589cf7,cust_6a3b6dd610,2790.02,INR,insufficient_funds,False,2024-03-15 07:43:26,netbanking,False,ecommerce_one_time
txn_86a224ffe2,cust_3a7e08085e,4557.32,INR,insufficient_funds,False,2024-03-01 15:33:41,netbanking,True,saas
txn_0fb2371583,cust_0902ba1fb0,710.27,INR,insufficient_funds,False,2024-03-09 09:04:34,netbanking,False,ecommerce_one_time
txn_8dd200724f,cust_d874bb29e6,131.36,INR,network_timeout,False,2024-03-03 07:37:22,card,True,saas
txn_9bf805b2a8,cust_b5fbccca6b,882.32,INR,card_expired,True,2024-03-13 02:02:29,card,True,d2c_subscription
txn_9d11e5bf00,cust_e1b8a4e49f,805.86,INR,card_expired,True,2024-03-09 01:11:37,card,False,saas
txn_c91e01c8dd,cust_4dd62229b5,1043.56,INR,issuer_declined,False,2024-03-02 01:54:56,netbanking,True,d2c_subscription
txn_eaf52a2ba9,cust_14a613c8a4,3657.39,INR,network_timeout,False,2024-03-06 15:32:17,card,True,d2c_subscription
txn_134fbc55fd,cust_74660b9cab,2545.77,INR,do_not_honor,False,2024-03-04 04:18:52,card,True,d2c_subscription
txn_f35981df08,cust_9a6e893e15,238.82,INR,network_timeout,False,2024-03-05 21:49:19,card,True,d2c_subscription
txn_2896a3ab1a,cust_25de995a00,252.2,INR,do_not_honor,False,2024-03-05 03:31:11,card,True,d2c_subscription
txn_a1f851310c,cust_44f1f9b886,2172.83,INR,insufficient_funds,False,2024-03-10 09:34:19,card,True,d2c_subscription
txn_cf35679d55,cust_cf58dcc951,751.49,INR,insufficient_funds,False,2024-03-09 03:40:50,card,False,ecommerce_one_time
txn_ab98d1d06d,cust_67eeaad87d,1902.26,INR,card_stolen,True,2024-03-14 19:22:26,netbanking,False,ecommerce_one_time
txn_6c6fcf0f63,cust_bbc0afb250,331.42,INR,issuer_declined,False,2024-03-11 20:56:27,upi,True,d2c_subscription
txn_941a328ab6,cust_6d759a6544,316.08,INR,issuer_declined,False,2024-03-14 14:19:30,card,True,d2c_subscription
txn_969a2857ce,cust_4dd62229b5,132.31,INR,issuer_declined,False,2024-03-10 23:00:51,upi,False,ecommerce_one_time
txn_43797bc641,cust_4c0cbb0b98,458.4,INR,issuer_declined,False,2024-03-05 08:06:56,card,True,d2c_subscription
txn_38c6f6e3be,cust_5580e8d228,2285.26,INR,card_expired,True,2024-03-12 15:20:02,upi,False,ecommerce_one_time
txn_1e8b78489c,cust_ef302cfef7,1023.61,INR,insufficient_funds,False,2024-03-08 19:13:00,card,False,ecommerce_one_time
txn_986a9eb391,cust_f55846fc6e,738.15,INR,insufficient_funds,False,2024-03-07 18:33:56,upi,False,saas
txn_83eac38ee2,cust_6012e19ef0,653.38,INR,network_timeout,False,2024-03-13 04:57:40,card,True,saas
txn_741e6db67e,cust_9602cf053a,573.98,INR,do_not_honor,False,2024-03-04 03:24:41,card,True,d2c_subscription
txn_6cd973f377,cust_9a5f12bd0c,760.98,INR,insufficient_funds,False,2024-03-04 16:52:21,upi,True,d2c_subscription
txn_bd6be73130,cust_dfcd0376ac,902.63,INR,insufficient_funds,False,2024-03-12 21:01:48,upi,True,d2c_subscription
txn_2b5aa83973,cust_6ec410a8ac,1920.9,INR,insufficient_funds,False,2024-03-14 23:50:33,upi,False,ecommerce_one_time
txn_62a76c3618,cust_f2e9680aac,846.32,INR,insufficient_funds,False,2024-03-15 10:28:20,card,True,d2c_subscription
txn_615215501b,cust_6ea2fac2b9,1165.9,INR,insufficient_funds,False,2024-03-11 09:34:32,card,False,saas
txn_74236429a7,cust_189a126936,539.55,INR,insufficient_funds,False,2024-03-13 17:47:47,upi,True,d2c_subscription
txn_8a14fa022a,cust_11cf4389b6,754.73,INR,processing_error,False,2024-03-15 06:08:35,card,True,saas
txn_1be995ae9e,cust_5c76848c0a,138.94,INR,network_timeout,False,2024-03-09 01:07:37,card,True,d2c_subscription
txn_ac034ca5a6,cust_b1b15f13f1,1429.42,INR,network_timeout,False,2024-03-08 03:36:00,card,True,ecommerce_one_time
txn_2fc6e27102,cust_99b0ab100e,8541.04,INR,issuer_declined,False,2024-03-15 05:45:07,card,True,saas
txn_be06967495,cust_775efc16d2,602.99,INR,issuer_declined,False,2024-03-07 02:51:09,card,False,ecommerce_one_time
txn_8456091825,cust_0ca182a1b6,994.37,INR,account_closed,True,2024-03-09 20:30:08,card,False,ecommerce_one_time
txn_2e62854f14,cust_296d843199,2508.5,INR,processing_error,False,2024-03-12 16:41:11,upi,True,saas
txn_6a8a9e10ad,cust_770d4f30b5,247.53,INR,do_not_honor,False,2024-03-13 22:39:04,upi,False,ecommerce_one_time
txn_dbfbc5f034,cust_916c2dfaf7,487.98,INR,insufficient_funds,False,2024-03-04 20:55:24,upi,False,ecommerce_one_time
txn_ecf52a7537,cust_eec1643b01,1517.41,INR,issuer_declined,False,2024-03-13 23:47:26,upi,True,d2c_subscription
txn_ef9a6ced0a,cust_25de995a00,1564.1,INR,do_not_honor,False,2024-03-12 16:38:04,card,True,saas
txn_c33f07426b,cust_e6ae61fccd,850.99,INR,do_not_honor,False,2024-03-05 12:33:46,netbanking,True,saas
txn_25daad30e1,cust_a9f58e31af,332.32,INR,insufficient_funds,False,2024-03-06 16:26:15,upi,True,d2c_subscription
txn_e4b48d1a8e,cust_22b114a736,242.0,INR,card_stolen,True,2024-03-01 12:10:09,card,True,saas
txn_898e3962e2,cust_39615d0288,1475.2,INR,do_not_honor,False,2024-03-14 22:24:54,card,True,saas
txn_9df6c4bdc5,cust_b6c70edf44,2173.2,INR,do_not_honor,False,2024-03-12 18:39:16,upi,False,ecommerce_one_time
txn_457c9c64b9,cust_9a6e893e15,1438.95,INR,insufficient_funds,False,2024-03-06 05:41:58,upi,True,d2c_subscription
txn_7c8618999e,cust_b2530383d9,573.25,INR,processing_error,False,2024-03-12 06:51:30,upi,True,d2c_subscription
txn_44a013a7d8,cust_baeea2cf3c,4599.68,INR,processing_error,False,2024-03-10 03:59:50,upi,False,ecommerce_one_time
txn_9583ddb6ee,cust_e52eeedd70,3483.89,INR,insufficient_funds,False,2024-03-11 08:24:13,netbanking,False,saas
txn_0453b847ce,cust_4276252b27,3748.38,INR,do_not_honor,False,2024-03-04 04:23:23,netbanking,False,saas
txn_9e136b21c6,cust_fc32e5fcda,890.66,INR,processing_error,False,2024-03-04 12:12:12,upi,True,d2c_subscription
txn_a21c01cdea,cust_f8b268a31c,841.0,INR,network_timeout,False,2024-03-04 05:15:07,netbanking,True,d2c_subscription
txn_c80c209ae3,cust_32ad247268,8178.23,INR,insufficient_funds,False,2024-03-08 10:01:11,netbanking,False,saas
txn_48f6055cd1,cust_9e66aa5f07,2598.13,INR,network_timeout,False,2024-03-08 16:07:12,card,True,ecommerce_one_time
txn_e7d5f18e59,cust_8beadbcbca,1314.52,INR,issuer_declined,False,2024-03-07 12:15:10,upi,True,saas
txn_fae900a943,cust_67eeaad87d,980.65,INR,insufficient_funds,False,2024-03-14 13:22:59,card,True,d2c_subscription
txn_3b8a40c3d2,cust_0c5b15aca8,1129.71,INR,insufficient_funds,False,2024-03-07 20:22:25,card,True,d2c_subscription
txn_f39640e107,cust_ce95e3a6f8,1100.36,INR,insufficient_funds,False,2024-03-11 15:03:48,card,True,d2c_subscription
txn_380ae72590,cust_505f9433d0,259.25,INR,issuer_declined,False,2024-03-02 09:02:36,card,True,saas
txn_26c3cb774b,cust_8f92f6b08d,887.53,INR,do_not_honor,False,2024-03-12 22:06:48,card,True,saas
txn_7afdd46a3b,cust_dfb839035d,1160.14,INR,processing_error,False,2024-03-15 00:17:22,card,False,ecommerce_one_time
txn_243bdaa7a8,cust_b27664b149,6074.25,INR,insufficient_funds,False,2024-03-02 00:17:26,card,False,ecommerce_one_time
txn_c264474045,cust_296d843199,350.03,INR,account_closed,True,2024-03-13 06:56:26,upi,True,d2c_subscription
txn_9abafeb061,cust_ee2490814b,738.05,INR,insufficient_funds,False,2024-03-08 06:07:18,netbanking,False,saas
txn_7d8c91f9c2,cust_d81e739e9e,402.42,INR,do_not_honor,False,2024-03-10 03:36:37,netbanking,True,d2c_subscription
txn_bb5937e3cf,cust_1f784b2fff,2976.5,INR,card_expired,True,2024-03-11 17:30:46,card,False,saas
txn_cda423abf9,cust_2b6b4cd71c,437.75,INR,network_timeout,False,2024-03-08 16:01:18,card,True,saas
txn_36d8258f82,cust_0057f8a858,7363.07,INR,processing_error,False,2024-03-05 05:54:15,netbanking,False,saas
txn_7e76765cb9,cust_c5bc19071c,304.94,INR,processing_error,False,2024-03-13 21:43:02,card,False,saas
txn_c9ebb2f437,cust_02f695fb79,522.23,INR,insufficient_funds,False,2024-03-06 05:43:13,netbanking,True,saas
txn_957528544b,cust_fcff00bb53,995.65,INR,insufficient_funds,False,2024-03-02 23:53:42,upi,True,saas
txn_844257aaf8,cust_a65fa84c79,252.05,INR,issuer_declined,False,2024-03-11 10:28:32,card,False,ecommerce_one_time
txn_b75be6f3e0,cust_70544834c2,2229.04,INR,insufficient_funds,False,2024-03-06 00:14:22,card,True,d2c_subscription
txn_50af7fb0b7,cust_246cf9b521,1527.45,INR,issuer_declined,False,2024-03-02 14:46:09,card,True,d2c_subscription
txn_4de8d05d30,cust_00f80789cd,1689.02,INR,insufficient_funds,False,2024-03-02 10:45:59,card,True,saas
txn_813ebf3df3,cust_0f4053b23c,273.85,INR,card_expired,True,2024-03-06 10:17:56,card,False,ecommerce_one_time
txn_8af2458a7f,cust_77a7833ae7,320.93,INR,network_timeout,False,2024-03-02 07:53:27,netbanking,True,saas
txn_b92f35a068,cust_b9b95a7cfe,626.77,INR,network_timeout,False,2024-03-04 14:50:27,upi,False,saas
txn_db58208d2d,cust_eaf958ba36,562.68,INR,processing_error,False,2024-03-08 07:47:21,card,True,d2c_subscription
txn_29245670ee,cust_f08bf06ab2,645.39,INR,insufficient_funds,False,2024-03-13 17:43:26,card,False,d2c_subscription
txn_fc01dd5cd6,cust_4276252b27,493.32,INR,insufficient_funds,False,2024-03-03 13:23:22,card,False,ecommerce_one_time
txn_9f0941c35f,cust_8d3a9dc941,26.93,INR,processing_error,False,2024-03-11 11:42:00,card,True,d2c_subscription
txn_41fc579d7f,cust_6f8f889f9c,3369.45,INR,processing_error,False,2024-03-05 04:27:02,upi,True,saas
txn_f9fd7f6e67,cust_8bd7450480,930.92,INR,issuer_declined,False,2024-03-06 11:19:20,upi,False,saas
txn_151b5e0d1c,cust_8314733011,3253.15,INR,issuer_declined,False,2024-03-10 10:52:10,upi,True,d2c_subscription
txn_6d9abf0983,cust_70544834c2,891.13,INR,do_not_honor,False,2024-03-04 15:42:28,card,True,saas
txn_31e61e7ea5,cust_3db5419d1e,2741.51,INR,insufficient_funds,False,2024-03-06 07:07:51,card,True,saas
txn_1fff62289f,cust_afd1f89b7f,670.03,INR,issuer_declined,False,2024-03-05 01:31:02,netbanking,True,saas
txn_adcbddec87,cust_5aecb91ff7,2652.75,INR,issuer_declined,False,2024-03-02 03:52:37,upi,True,ecommerce_one_time
txn_f02348a8f9,cust_7c9eed4d65,3554.66,INR,do_not_honor,False,2024-03-11 15:39:25,upi,True,saas
txn_549027976a,cust_337f7129d0,2548.94,INR,card_stolen,True,2024-03-04 19:17:35,card,True,saas
txn_86e8fb4369,cust_73e016317c,2210.15,INR,do_not_honor,False,2024-03-14 22:39:22,netbanking,False,ecommerce_one_time
txn_b9ca05a9c8,cust_422bf26de8,711.85,INR,processing_error,False,2024-03-05 13:38:16,card,True,d2c_subscription
txn_ca97a8a990,cust_81730c1a7d,440.45,INR,network_timeout,False,2024-03-13 07:45:16,card,True,d2c_subscription
txn_29d1369c99,cust_f50514a725,696.08,INR,insufficient_funds,False,2024-03-12 09:27:05,upi,True,d2c_subscription
txn_d10242dc85,cust_19dcd8f6c4,3024.72,INR,processing_error,False,2024-03-12 18:16:48,card,False,saas
txn_a62325dc19,cust_537cd718ce,335.68,INR,do_not_honor,False,2024-03-03 20:44:27,upi,False,ecommerce_one_time
txn_62d12a2510,cust_6012e19ef0,5313.39,INR,do_not_honor,False,2024-03-10 06:23:05,card,True,saas
txn_3f72cf42f0,cust_bacd9bf518,1037.96,INR,insufficient_funds,False,2024-03-10 01:04:22,card,False,ecommerce_one_time
txn_d365bef2a8,cust_5e0f676627,202.33,INR,card_expired,True,2024-03-10 10:34:53,card,False,saas
txn_8f0f018662,cust_ce7e12b24f,844.7,INR,card_stolen,True,2024-03-06 18:18:36,netbanking,True,d2c_subscription
txn_eff00b91eb,cust_392b2c7d6b,3407.91,INR,insufficient_funds,False,2024-03-02 16:13:41,upi,True,d2c_subscription
txn_ada241686e,cust_4792fba58f,196.8,INR,insufficient_funds,False,2024-03-06 00:17:02,card,False,saas
txn_d6658c8cf5,cust_4c119274cf,994.17,INR,insufficient_funds,False,2024-03-14 01:59:06,card,True,saas
txn_f2000218f1,cust_044d3c3c92,525.99,INR,network_timeout,False,2024-03-08 06:52:44,card,True,ecommerce_one_time
txn_498f0c8192,cust_d1f3878581,119.72,INR,do_not_honor,False,2024-03-13 23:51:22,card,True,saas
txn_a6fd9bcf77,cust_ccc01d96e3,674.8,INR,insufficient_funds,False,2024-03-13 04:21:49,upi,True,ecommerce_one_time
txn_305dc48625,cust_8d12043d0a,689.6,INR,network_timeout,False,2024-03-12 17:54:54,card,True,saas
txn_0ecbab2355,cust_2881ab6ca8,959.23,INR,issuer_declined,False,2024-03-05 17:39:17,card,True,d2c_subscription
txn_6ee64c5725,cust_c7736ddd56,1230.41,INR,issuer_declined,False,2024-03-03 05:49:54,card,True,d2c_subscription
txn_64e458f3dd,cust_fc32e5fcda,2995.28,INR,issuer_declined,False,2024-03-12 00:55:36,upi,True,d2c_subscription
txn_94f98b142d,cust_3b0e88c020,480.24,INR,do_not_honor,False,2024-03-02 07:24:58,upi,True,d2c_subscription
txn_549049b581,cust_c6de4e197a,296.66,INR,do_not_honor,False,2024-03-11 18:50:16,upi,True,d2c_subscription
txn_888f869f4e,cust_5a8381e7d7,279.94,INR,insufficient_funds,False,2024-03-11 04:47:48,upi,True,d2c_subscription
txn_39c034af4f,cust_a7911ce6b8,4401.35,INR,issuer_declined,False,2024-03-13 17:23:54,netbanking,True,d2c_subscription
txn_025863ac2a,cust_5fcf3b998e,561.29,INR,card_expired,True,2024-03-14 20:18:14,card,True,d2c_subscription
txn_19fd569454,cust_abac6e55f5,181.49,INR,do_not_honor,False,2024-03-06 19:41:58,netbanking,False,d2c_subscription
txn_d3915e2bb5,cust_0902ba1fb0,697.78,INR,card_expired,True,2024-03-09 19:05:28,upi,True,saas
txn_5c653da70b,cust_3a85f3aac1,915.45,INR,do_not_honor,False,2024-03-13 20:33:07,card,True,saas
txn_e7518c036c,cust_5f43b85dc6,503.54,INR,processing_error,False,2024-03-07 14:15:45,upi,False,d2c_subscription
txn_23760a4818,cust_044d3c3c92,533.0,INR,issuer_declined,False,2024-03-10 16:00:26,upi,False,ecommerce_one_time
txn_edf6fabbee,cust_138677055e,1677.38,INR,network_timeout,False,2024-03-10 00:00:22,upi,True,saas
txn_b92c993880,cust_245663538c,472.36,INR,insufficient_funds,False,2024-03-03 01:07:14,card,True,d2c_subscription
txn_67178b5da4,cust_a0f05a9fcf,2719.54,INR,insufficient_funds,False,2024-03-09 20:25:37,card,True,saas
txn_3859c7f1e8,cust_93a74129ce,924.58,INR,insufficient_funds,False,2024-03-09 03:46:12,netbanking,True,d2c_subscription
txn_497d3c5d4c,cust_d98589cf8a,584.37,INR,insufficient_funds,False,2024-03-05 21:04:17,card,True,d2c_subscription
txn_878530c25f,cust_f284c22bdf,698.35,INR,card_expired,True,2024-03-02 23:26:48,card,True,d2c_subscription
txn_3e59000dc6,cust_b37c10af15,651.05,INR,account_closed,True,2024-03-05 03:57:55,card,True,d2c_subscription
txn_4b9219e8a7,cust_e52eeedd70,1557.54,INR,processing_error,False,2024-03-08 14:26:50,card,False,ecommerce_one_time
txn_5363fbbc51,cust_0c5b15aca8,332.33,INR,insufficient_funds,False,2024-03-11 05:18:19,upi,True,saas
txn_b19c96c6fb,cust_e30cf25004,2888.14,INR,network_timeout,False,2024-03-12 23:54:43,upi,False,d2c_subscription
txn_969fb5fa3b,cust_956447e87c,3230.79,INR,processing_error,False,2024-03-13 18:27:33,netbanking,True,saas
txn_dae2c12cd7,cust_d2eb0273db,517.1,INR,issuer_declined,False,2024-03-04 21:00:16,card,False,ecommerce_one_time
txn_3e526766ac,cust_b2530383d9,4585.14,INR,do_not_honor,False,2024-03-05 04:23:47,card,False,ecommerce_one_time
txn_a8b0b976d9,cust_5ed1f1f251,700.97,INR,processing_error,False,2024-03-10 13:14:30,card,True,saas
txn_580aa40270,cust_20752c8647,567.0,INR,insufficient_funds,False,2024-03-02 08:35:13,card,True,saas
txn_caf87c2d3a,cust_8f4760b8c3,3350.09,INR,do_not_honor,False,2024-03-01 23:17:10,upi,True,d2c_subscription
txn_4d243864bd,cust_2e89d74b40,269.61,INR,processing_error,False,2024-03-06 19:25:33,card,False,ecommerce_one_time
txn_9edc45ca4d,cust_fc32e5fcda,1021.32,INR,insufficient_funds,False,2024-03-11 19:55:29,card,True,saas
txn_e2c1b645df,cust_92b84e163f,750.63,INR,issuer_declined,False,2024-03-08 09:47:50,netbanking,True,d2c_subscription
txn_04d6747e4f,cust_cd40ac727d,281.4,INR,do_not_honor,False,2024-03-03 23:45:31,upi,True,saas
txn_6f53a8b6f0,cust_af1ab4d2d9,1493.36,INR,processing_error,False,2024-03-08 09:40:27,card,True,d2c_subscription
txn_eafb87ca9b,cust_28a7fe6a58,69.35,INR,card_stolen,True,2024-03-08 14:03:47,upi,True,d2c_subscription
txn_f30eb9ee24,cust_4384d7c9f5,554.82,INR,network_timeout,False,2024-03-08 01:01:44,card,False,saas
txn_6c0b8420c9,cust_6ec55b7410,2070.99,INR,do_not_honor,False,2024-03-03 17:02:37,netbanking,False,ecommerce_one_time
txn_3ca166c52e,cust_a1d4fa3c18,2378.79,INR,do_not_honor,False,2024-03-09 18:00:36,upi,True,saas
txn_eb4542950a,cust_8fb2446202,151.6,INR,do_not_honor,False,2024-03-12 22:30:00,card,False,ecommerce_one_time
txn_d95118b451,cust_f2e9680aac,74.85,INR,do_not_honor,False,2024-03-08 07:22:25,card,False,saas
txn_e0117fb650,cust_ec6308fdd2,1328.03,INR,insufficient_funds,False,2024-03-06 15:05:15,card,True,d2c_subscription
txn_ec309ff0cc,cust_fd4c0ff868,739.93,INR,processing_error,False,2024-03-02 09:56:19,upi,True,saas
txn_74f69262c0,cust_1a217ab5ef,234.96,INR,processing_error,False,2024-03-13 21:58:11,card,True,d2c_subscription
txn_f9ea755f8c,cust_f08bf06ab2,1516.15,INR,do_not_honor,False,2024-03-02 07:15:57,upi,True,saas
txn_71c7587eab,cust_7720b002c5,347.78,INR,network_timeout,False,2024-03-04 05:20:49,card,True,d2c_subscription
txn_a1f57acb30,cust_cfd6030fae,601.56,INR,processing_error,False,2024-03-05 13:16:59,card,True,saas
txn_23ae9f10f1,cust_83e163d826,184.1,INR,issuer_declined,False,2024-03-12 04:49:14,card,True,saas
txn_9583181461,cust_5400edce87,992.46,INR,insufficient_funds,False,2024-03-12 14:39:33,card,False,ecommerce_one_time
txn_c936bf95d1,cust_0e77c21f77,995.95,INR,insufficient_funds,False,2024-03-09 12:20:05,card,True,d2c_subscription
txn_634bd4c09b,cust_d67faeb8e9,216.89,INR,issuer_declined,False,2024-03-12 22:39:43,upi,False,d2c_subscription
txn_bb8c3ca877,cust_845816ba33,235.81,INR,issuer_declined,False,2024-03-06 07:35:33,netbanking,True,d2c_subscription
txn_3b63c41506,cust_dbcd2cc258,1620.81,INR,insufficient_funds,False,2024-03-04 23:13:49,card,True,d2c_subscription
txn_24dfe15774,cust_99b22e2140,296.51,INR,insufficient_funds,False,2024-03-08 19:19:12,upi,False,ecommerce_one_time
txn_d31c17d427,cust_dd53b36e82,322.66,INR,insufficient_funds,False,2024-03-05 19:34:28,card,True,d2c_subscription
txn_5d0f1761d5,cust_64256c014a,1508.65,INR,network_timeout,False,2024-03-04 14:17:27,upi,False,ecommerce_one_time
txn_8df4c3f702,cust_71c2958090,831.1,INR,processing_error,False,2024-03-02 17:16:41,card,False,ecommerce_one_time
txn_b93c0c377c,cust_1ce8b1dccc,205.04,INR,issuer_declined,False,2024-03-05 20:46:29,upi,True,d2c_subscription
txn_32f9ad468a,cust_e727cc624b,693.02,INR,insufficient_funds,False,2024-03-12 05:28:10,card,True,saas
txn_fcab1493ab,cust_13a8fa0f56,397.38,INR,insufficient_funds,False,2024-03-13 16:11:02,card,True,d2c_subscription
txn_cd158ef2fe,cust_5341add028,233.74,INR,insufficient_funds,False,2024-03-02 08:02:16,upi,False,ecommerce_one_time
txn_a3cc2cb1fa,cust_4467425139,398.91,INR,issuer_declined,False,2024-03-04 16:07:00,card,True,saas
txn_3a266d34d4,cust_2684c3fe7d,1808.37,INR,insufficient_funds,False,2024-03-03 14:36:38,card,True,saas
txn_ea6d7486aa,cust_dfcd0376ac,30000.0,INR,issuer_declined,False,2024-03-09 13:42:36,card,False,saas
txn_6763e0babb,cust_69fa4d05b5,3768.89,INR,card_stolen,True,2024-03-13 07:04:47,netbanking,False,ecommerce_one_time
txn_0287bef89b,cust_d9d4338065,404.89,INR,do_not_honor,False,2024-03-07 03:09:13,card,True,d2c_subscription
txn_52f61e1965,cust_3bc30d3ef8,1190.61,INR,network_timeout,False,2024-03-06 13:03:14,card,True,saas
txn_960779f1f0,cust_82709837aa,2554.53,INR,insufficient_funds,False,2024-03-12 11:13:54,netbanking,True,d2c_subscription
txn_5bc8eca05a,cust_2e4663676c,11231.87,INR,insufficient_funds,False,2024-03-08 22:06:52,upi,False,ecommerce_one_time
txn_5a282af447,cust_77a7833ae7,369.45,INR,card_expired,True,2024-03-09 13:50:29,card,False,ecommerce_one_time
txn_a77aebec5c,cust_7620bb757d,395.49,INR,issuer_declined,False,2024-03-11 20:46:08,upi,True,saas
txn_a4a538a7dd,cust_a16791a96d,492.58,INR,processing_error,False,2024-03-04 01:26:02,card,True,saas
txn_d3db79157e,cust_84821ec280,2884.54,INR,card_stolen,True,2024-03-08 16:47:37,card,True,saas
txn_82b8a476de,cust_17e0be3b11,212.97,INR,do_not_honor,False,2024-03-02 12:46:35,card,True,d2c_subscription
txn_6fa0979578,cust_d67faeb8e9,801.06,INR,issuer_declined,False,2024-03-15 11:32:29,upi,True,saas
txn_4e54a0e5e2,cust_775efc16d2,1176.49,INR,do_not_honor,False,2024-03-02 08:35:54,netbanking,True,saas
txn_c137ac21c4,cust_c27f4ab716,605.71,INR,insufficient_funds,False,2024-03-06 05:40:58,card,True,ecommerce_one_time
txn_9becf46ac0,cust_57ed0ba85a,842.77,INR,insufficient_funds,False,2024-03-05 16:46:13,card,False,d2c_subscription
txn_b94810a79c,cust_e60bf8fdcb,1326.8,INR,insufficient_funds,False,2024-03-11 11:17:57,card,True,saas
txn_7c99d79413,cust_2ccc066ff3,6787.04,INR,network_timeout,False,2024-03-14 09:29:10,card,True,saas
txn_0c2eb964b7,cust_0337cfb953,504.65,INR,processing_error,False,2024-03-12 06:14:23,card,True,saas
txn_84b316fa7e,cust_6d3c457946,202.46,INR,issuer_declined,False,2024-03-09 07:16:31,upi,True,saas
txn_8941daf9f2,cust_56dc7e6d9a,434.74,INR,insufficient_funds,False,2024-03-10 18:27:01,card,True,d2c_subscription
txn_ba9dac9bd8,cust_0f845c69cd,3251.02,INR,processing_error,False,2024-03-12 19:07:42,netbanking,True,saas
txn_bafbb28e42,cust_e8a0f53da2,330.77,INR,card_expired,True,2024-03-15 07:44:40,card,True,saas
txn_ed88d4ae2b,cust_12f345a3b8,612.78,INR,issuer_declined,False,2024-03-05 17:36:06,card,False,ecommerce_one_time
txn_581930c541,cust_57ed0ba85a,519.93,INR,issuer_declined,False,2024-03-06 03:54:28,card,False,ecommerce_one_time
txn_b0138838f2,cust_9aa4c5ac59,197.2,INR,network_timeout,False,2024-03-13 05:46:46,upi,True,saas
txn_830d57c476,cust_7347576cb5,423.63,INR,network_timeout,False,2024-03-04 12:51:27,card,False,d2c_subscription
txn_47d7ca79c9,cust_94890007ec,249.61,INR,card_expired,True,2024-03-01 19:32:04,card,True,saas
txn_d9c2be83d1,cust_2d34242e61,2114.42,INR,issuer_declined,False,2024-03-01 12:03:37,card,False,ecommerce_one_time
txn_ced48af1de,cust_1f1cce45eb,1001.58,INR,insufficient_funds,False,2024-03-12 18:38:10,upi,False,ecommerce_one_time
txn_d6e59c95f5,cust_45682f7f1e,3661.28,INR,issuer_declined,False,2024-03-09 12:27:44,netbanking,True,d2c_subscription
txn_801302075a,cust_b41d0c2a19,143.15,INR,issuer_declined,False,2024-03-14 18:17:18,card,True,d2c_subscription
txn_c9c3cb0a8f,cust_57ed0ba85a,217.68,INR,network_timeout,False,2024-03-15 07:51:38,card,True,saas
txn_325904dfc2,cust_41209dd100,259.96,INR,insufficient_funds,False,2024-03-03 16:34:06,card,True,saas
txn_4b8e03ca70,cust_aff4fc8467,320.56,INR,processing_error,False,2024-03-01 22:44:02,card,True,d2c_subscription
txn_8d4fac42ca,cust_76998c5903,504.14,INR,card_expired,True,2024-03-12 16:02:13,netbanking,False,saas
txn_ff0999c1d5,cust_133535cc20,446.33,INR,card_stolen,True,2024-03-09 00:11:28,card,True,d2c_subscription
txn_b5d3b40d17,cust_4276252b27,143.1,INR,processing_error,False,2024-03-15 03:55:55,upi,True,d2c_subscription
txn_55dfc0597f,cust_5a8381e7d7,525.22,INR,card_expired,True,2024-03-04 01:54:29,netbanking,True,saas
txn_158a05822c,cust_d358871ae2,1639.58,INR,insufficient_funds,False,2024-03-07 19:50:46,upi,True,d2c_subscription
txn_087c2f65d6,cust_9859ad8a52,4489.32,INR,issuer_declined,False,2024-03-11 09:50:26,card,False,ecommerce_one_time
txn_7651c37eed,cust_3db5419d1e,575.8,INR,insufficient_funds,False,2024-03-01 22:20:15,upi,True,d2c_subscription
txn_5a0f737ff1,cust_3a9b10c115,1111.49,INR,account_closed,True,2024-03-13 14:18:07,card,True,d2c_subscription
txn_2212c78b64,cust_8139c445fe,189.14,INR,card_expired,True,2024-03-11 18:07:15,card,False,ecommerce_one_time
txn_dc0d4bf952,cust_c5e84ec3c8,363.42,INR,insufficient_funds,False,2024-03-05 00:45:50,netbanking,False,saas
txn_84c7e5a5d0,cust_3b0e88c020,2443.79,INR,insufficient_funds,False,2024-03-09 18:40:09,card,True,d2c_subscription
txn_6e39dda71a,cust_81bde1a3e7,327.41,INR,issuer_declined,False,2024-03-05 16:37:05,card,False,d2c_subscription
txn_a06ef31ecd,cust_5e67290d43,121.63,INR,insufficient_funds,False,2024-03-12 04:18:43,card,True,saas
txn_0d8d159373,cust_327e8eabff,615.12,INR,network_timeout,False,2024-03-06 06:47:20,card,False,ecommerce_one_time
txn_e2c507931a,cust_6b5fef9fb3,1664.26,INR,insufficient_funds,False,2024-03-07 16:31:02,upi,False,d2c_subscription
txn_c9708eaeb5,cust_e13ff7a63c,445.07,INR,network_timeout,False,2024-03-14 20:11:51,upi,False,saas
txn_72a93589d0,cust_5a8381e7d7,126.42,INR,do_not_honor,False,2024-03-10 23:32:35,upi,True,saas
txn_604f469082,cust_4467425139,286.71,INR,issuer_declined,False,2024-03-11 08:03:33,card,False,ecommerce_one_time
txn_ff64673519,cust_5863e03a8b,997.59,INR,insufficient_funds,False,2024-03-07 05:18:07,card,False,ecommerce_one_time
txn_e167602cc5,cust_dfb839035d,339.87,INR,account_closed,True,2024-03-09 08:44:00,card,True,saas
txn_42906cba78,cust_00e15f4a76,1580.53,INR,do_not_honor,False,2024-03-08 19:23:06,card,True,d2c_subscription
txn_1c14de03cb,cust_28fd385402,1180.33,INR,issuer_declined,False,2024-03-13 03:02:27,upi,True,saas
txn_bd6cf06afc,cust_fdf56d4488,957.72,INR,issuer_declined,False,2024-03-02 11:53:05,upi,True,d2c_subscription
txn_00658d9803,cust_23b2ced574,1264.44,INR,card_expired,True,2024-03-05 00:05:39,netbanking,True,d2c_subscription
txn_6856f90daf,cust_7ea519a5d3,151.11,INR,network_timeout,False,2024-03-06 02:52:27,upi,True,saas
txn_590f288c7e,cust_ab6af8fcc6,392.05,INR,network_timeout,False,2024-03-11 15:22:46,card,True,d2c_subscription
txn_686ee295dd,cust_f46014b6a5,6788.89,INR,do_not_honor,False,2024-03-05 22:38:55,upi,False,ecommerce_one_time
txn_f29580aa48,cust_a84849ae75,256.8,INR,network_timeout,False,2024-03-12 05:04:13,upi,True,saas
txn_df545b5dfa,cust_804696f6a8,1967.21,INR,issuer_declined,False,2024-03-08 16:32:50,netbanking,True,saas
txn_b3bddcb9ab,cust_b097092b16,1091.94,INR,processing_error,False,2024-03-11 17:52:06,card,False,ecommerce_one_time
txn_1154d90773,cust_610cd0ce73,24056.77,INR,issuer_declined,False,2024-03-11 06:08:36,upi,True,saas
txn_2d4904c8dc,cust_88b2de1fe9,529.61,INR,do_not_honor,False,2024-03-06 09:48:14,card,True,d2c_subscription
txn_99ced1df5c,cust_0a7e29899f,347.08,INR,account_closed,True,2024-03-11 02:30:31,upi,True,d2c_subscription
txn_9a765a55ae,cust_52f961f395,1456.89,INR,account_closed,True,2024-03-05 06:40:32,netbanking,True,saas
txn_5d784df96e,cust_1be3e5509e,1011.7,INR,do_not_honor,False,2024-03-08 10:39:32,netbanking,True,saas
txn_29a92ffaf5,cust_f5f5739f65,3023.03,INR,do_not_honor,False,2024-03-01 18:21:23,card,True,saas
txn_e5fe4f7b9a,cust_1856bb1307,851.32,INR,network_timeout,False,2024-03-12 19:31:05,card,True,saas
txn_28171e413f,cust_ccc01d96e3,3686.97,INR,account_closed,True,2024-03-02 06:31:45,upi,True,d2c_subscription
txn_04a1aef558,cust_ed965a0600,260.7,INR,processing_error,False,2024-03-13 15:30:17,upi,False,ecommerce_one_time
txn_d26490f2ef,cust_afb9a0bfe8,787.76,INR,insufficient_funds,False,2024-03-07 19:18:20,netbanking,False,saas
txn_1b914b040f,cust_84821ec280,464.92,INR,issuer_declined,False,2024-03-10 06:53:08,card,True,d2c_subscription
txn_90b36d072f,cust_a65fa84c79,3086.51,INR,network_timeout,False,2024-03-04 23:13:42,netbanking,True,d2c_subscription
txn_7476d753e6,cust_ac19ceff73,1712.47,INR,processing_error,False,2024-03-13 16:09:37,upi,True,saas
txn_e494cdeb3a,cust_5fcf3b998e,205.25,INR,processing_error,False,2024-03-11 22:24:01,card,True,d2c_subscription
txn_cdb7a24cfc,cust_5863e03a8b,425.11,INR,processing_error,False,2024-03-12 06:27:51,card,True,saas
txn_4387883592,cust_fd2e097c05,1754.22,INR,issuer_declined,False,2024-03-02 14:37:45,upi,False,d2c_subscription
txn_30b86efa19,cust_1fdcd88134,140.46,INR,issuer_declined,False,2024-03-08 00:13:56,card,True,saas
txn_803f17578d,cust_2c3769f0c6,101.51,INR,network_timeout,False,2024-03-13 04:49:12,upi,True,d2c_subscription
txn_3e58adae11,cust_91519d9fbc,505.55,INR,issuer_declined,False,2024-03-04 10:31:42,upi,False,ecommerce_one_time
txn_3e78204d72,cust_91519d9fbc,672.73,INR,processing_error,False,2024-03-11 12:02:55,card,True,saas
txn_6559e14303,cust_2338b9d562,2301.58,INR,processing_error,False,2024-03-12 08:28:37,card,True,ecommerce_one_time
txn_3e2b3f22ee,cust_05fe5f1b27,335.59,INR,network_timeout,False,2024-03-08 13:54:11,netbanking,True,saas
txn_e50ebbc965,cust_eec1643b01,166.92,INR,issuer_declined,False,2024-03-04 10:00:03,upi,True,saas
txn_6b400f08bb,cust_29b37ee190,799.6,INR,processing_error,False,2024-03-03 17:54:45,upi,True,saas
txn_738f40c14c,cust_b2530383d9,2375.39,INR,insufficient_funds,False,2024-03-15 06:46:41,upi,True,ecommerce_one_time
txn_284c32ddb3,cust_fb2184f55a,2420.13,INR,insufficient_funds,False,2024-03-02 22:14:45,upi,True,d2c_subscription
txn_28d69d78b0,cust_5ebd717e21,27866.38,INR,issuer_declined,False,2024-03-01 13:00:02,netbanking,False,ecommerce_one_time
txn_2f6d8c1225,cust_5fcb017311,1323.08,INR,insufficient_funds,False,2024-03-11 00:10:50,upi,True,d2c_subscription
txn_887b8842d5,cust_10588e4627,5740.36,INR,card_expired,True,2024-03-08 06:18:31,card,True,d2c_subscription
txn_e682a20eb7,cust_bbc0afb250,841.89,INR,card_expired,True,2024-03-10 05:31:59,card,False,ecommerce_one_time
txn_f86e068fb3,cust_0a16b1db39,413.47,INR,insufficient_funds,False,2024-03-08 20:06:07,card,False,ecommerce_one_time
txn_803886d375,cust_245663538c,970.79,INR,network_timeout,False,2024-03-06 08:49:01,upi,True,ecommerce_one_time
txn_58c38ec98f,cust_5a0d857766,439.03,INR,do_not_honor,False,2024-03-06 09:24:48,card,True,d2c_subscription
txn_185607ee67,cust_f097620412,1237.76,INR,processing_error,False,2024-03-08 20:30:19,upi,False,ecommerce_one_time
txn_94c70bb1a8,cust_dfcd0376ac,432.44,INR,network_timeout,False,2024-03-08 20:20:28,netbanking,True,saas
txn_1cdd4c9e34,cust_b41d0c2a19,243.34,INR,do_not_honor,False,2024-03-08 15:50:24,card,False,ecommerce_one_time
txn_13ae86a049,cust_d1f3878581,741.37,INR,insufficient_funds,False,2024-03-09 18:54:17,card,False,ecommerce_one_time
txn_06b2935586,cust_833f2824f1,1957.12,INR,insufficient_funds,False,2024-03-13 18:36:10,upi,True,d2c_subscription
txn_3e15ed52aa,cust_8faf0c2d04,249.43,INR,do_not_honor,False,2024-03-10 07:20:59,card,True,saas
txn_fa91870485,cust_9602cf053a,2854.9,INR,card_expired,True,2024-03-05 11:34:55,upi,True,saas
txn_d25fddf98b,cust_d924ea0634,92.81,INR,do_not_honor,False,2024-03-01 19:26:54,card,False,ecommerce_one_time
txn_d38b8bf11b,cust_bb2b76234d,1142.62,INR,issuer_declined,False,2024-03-04 02:56:17,card,False,ecommerce_one_time
txn_b76a2f86ad,cust_fc18fb46ee,2310.95,INR,insufficient_funds,False,2024-03-03 10:32:14,upi,False,d2c_subscription
txn_6b4ef9a03b,cust_9c328517ce,611.98,INR,card_expired,True,2024-03-04 12:52:41,card,False,ecommerce_one_time
txn_7eb4b6d697,cust_0a7e29899f,920.96,INR,issuer_declined,False,2024-03-08 11:11:25,card,True,d2c_subscription
txn_4df2ed4cdb,cust_c04cc79786,1649.25,INR,processing_error,False,2024-03-05 22:50:35,card,False,ecommerce_one_time
txn_4e991b1da4,cust_9476e662a6,187.39,INR,processing_error,False,2024-03-03 18:57:07,card,True,saas
txn_3f4e7cba2e,cust_fd9257287d,1759.56,INR,insufficient_funds,False,2024-03-12 09:06:16,netbanking,False,saas
txn_5434fee999,cust_ac19ceff73,992.98,INR,insufficient_funds,False,2024-03-13 09:54:22,card,True,d2c_subscription
txn_cf0fd58d95,cust_2a18618850,1198.91,INR,issuer_declined,False,2024-03-11 18:30:09,card,True,saas
txn_17837433f0,cust_4ee1bfa6c8,6208.39,INR,issuer_declined,False,2024-03-08 02:06:24,card,True,d2c_subscription
txn_8e049ffc84,cust_32a26d2ab9,2046.96,INR,processing_error,False,2024-03-04 11:50:12,card,True,ecommerce_one_time
txn_2f549db87e,cust_46253caba4,1189.9,INR,network_timeout,False,2024-03-09 04:44:33,card,False,saas
txn_0fd0e030d2,cust_b01783c041,5350.42,INR,insufficient_funds,False,2024-03-01 17:45:20,upi,True,d2c_subscription
txn_434dc417be,cust_cfc398913d,3975.26,INR,do_not_honor,False,2024-03-10 22:50:23,card,True,saas
txn_995b6af941,cust_223a2982ae,130.51,INR,insufficient_funds,False,2024-03-09 00:46:51,upi,False,ecommerce_one_time
txn_0d53b8095b,cust_0d9ff82a3f,1267.34,INR,insufficient_funds,False,2024-03-02 15:24:16,card,False,saas
txn_3d4ee58403,cust_e6ae61fccd,504.53,INR,processing_error,False,2024-03-13 02:38:25,card,True,d2c_subscription
txn_eee3823feb,cust_8a3d242b97,140.72,INR,network_timeout,False,2024-03-03 20:16:57,card,True,d2c_subscription
txn_06319f4d48,cust_6f677a0865,377.67,INR,processing_error,False,2024-03-13 09:15:39,upi,True,saas
txn_ef0a91befe,cust_fa385feb0b,439.83,INR,insufficient_funds,False,2024-03-02 19:13:09,netbanking,True,saas
txn_aaae226bdb,cust_f0f8fb3d4a,347.22,INR,do_not_honor,False,2024-03-10 23:23:54,card,False,saas
txn_f2de88f4ea,cust_97d95a6bea,827.41,INR,issuer_declined,False,2024-03-06 14:34:02,netbanking,True,saas
txn_971df2bad3,cust_dac33d334b,2941.0,INR,account_closed,True,2024-03-05 12:52:04,card,True,saas
txn_72ce88655c,cust_6aeaa52a0b,578.89,INR,processing_error,False,2024-03-10 05:35:23,upi,False,saas
txn_d4c7c1d8e2,cust_4e27ba769d,5945.32,INR,card_expired,True,2024-03-07 19:06:07,upi,True,d2c_subscription
txn_0eef57be09,cust_7baf31816c,896.45,INR,insufficient_funds,False,2024-03-04 21:42:40,card,True,saas
txn_002393a557,cust_8b934a426c,173.79,INR,issuer_declined,False,2024-03-03 05:42:26,card,False,saas
txn_dd9bb77129,cust_08e3e1d9ae,2144.6,INR,processing_error,False,2024-03-13 23:31:18,card,True,saas
txn_7bf3d16cef,cust_ac80a5c5d7,640.8,INR,issuer_declined,False,2024-03-08 13:31:40,upi,False,d2c_subscription
txn_550c0b513f,cust_f2bfdf2b1c,9171.33,INR,processing_error,False,2024-03-03 13:21:55,card,True,d2c_subscription
txn_78b8f56665,cust_59a9c49a60,456.41,INR,do_not_honor,False,2024-03-07 17:13:15,netbanking,True,d2c_subscription
txn_4d8cc89db6,cust_a7b78c4e5b,2161.61,INR,account_closed,True,2024-03-15 02:19:49,card,True,d2c_subscription
txn_b832dbf85c,cust_8ebf3a8a9e,915.84,INR,insufficient_funds,False,2024-03-13 17:49:50,netbanking,True,d2c_subscription
txn_616ba4a8e9,cust_12b918dc04,321.3,INR,card_expired,True,2024-03-04 01:04:51,card,True,saas
txn_0d6f88592b,cust_4a67013dcb,233.34,INR,issuer_declined,False,2024-03-09 13:45:14,upi,True,saas
txn_b67a7735fd,cust_ea33a2faa1,219.6,INR,issuer_declined,False,2024-03-05 15:28:34,card,True,d2c_subscription
txn_f8120e3e17,cust_e26dfac9a2,648.63,INR,do_not_honor,False,2024-03-03 00:04:42,card,True,saas
txn_a7e5a787c4,cust_a3998353a8,2362.5,INR,insufficient_funds,False,2024-03-14 06:16:39,card,False,ecommerce_one_time
txn_526e565667,cust_17527de511,705.28,INR,card_stolen,True,2024-03-09 03:04:57,upi,True,d2c_subscription
txn_32f3bb0ca8,cust_ad9f856b53,211.48,INR,card_expired,True,2024-03-13 10:36:32,card,True,d2c_subscription
txn_27c2d60881,cust_ec1c27fa06,1012.76,INR,card_stolen,True,2024-03-03 17:01:09,upi,True,d2c_subscription
txn_9e300497e4,cust_8139c445fe,607.8,INR,account_closed,True,2024-03-09 03:59:48,netbanking,False,ecommerce_one_time
txn_96c693daee,cust_1546e390ef,460.89,INR,processing_error,False,2024-03-03 05:26:40,card,True,d2c_subscription
txn_d9fd24f998,cust_db1d91e73c,281.36,INR,issuer_declined,False,2024-03-11 07:14:32,card,True,d2c_subscription
txn_6abb5add1e,cust_20752c8647,639.7,INR,network_timeout,False,2024-03-13 11:10:15,card,True,ecommerce_one_time
txn_e565497888,cust_4e27ba769d,651.37,INR,insufficient_funds,False,2024-03-03 08:35:23,card,True,d2c_subscription
txn_2a2f9c87e5,cust_78705dcdc5,151.2,INR,network_timeout,False,2024-03-06 21:57:56,card,False,d2c_subscription
txn_3eaae1bfcc,cust_59ca3d8ab6,102.8,INR,do_not_honor,False,2024-03-12 19:12:29,upi,True,saas
txn_675b1bad8f,cust_eae1bace0b,1366.82,INR,processing_error,False,2024-03-05 18:43:21,card,False,saas
txn_0490fd3011,cust_23ab9c7226,539.6,INR,issuer_declined,False,2024-03-09 15:51:41,card,True,ecommerce_one_time
txn_c3fec26a8b,cust_d2a9877118,2318.11,INR,issuer_declined,False,2024-03-14 20:19:56,upi,True,saas
txn_c7245195f6,cust_8a2e6f2a05,2287.64,INR,insufficient_funds,False,2024-03-11 20:28:55,card,True,saas
txn_bf8f0945b5,cust_1c24ec4f8a,1968.5,INR,issuer_declined,False,2024-03-04 23:58:15,upi,True,saas
txn_c815e0af9e,cust_dee5d70f02,570.38,INR,issuer_declined,False,2024-03-13 17:16:01,netbanking,False,ecommerce_one_time
txn_92030c497a,cust_f5f5739f65,227.2,INR,insufficient_funds,False,2024-03-10 18:32:57,card,True,d2c_subscription
txn_2ff3359984,cust_81bde1a3e7,330.88,INR,insufficient_funds,False,2024-03-11 20:43:37,card,True,d2c_subscription
txn_b854c0fd85,cust_2338b9d562,417.94,INR,do_not_honor,False,2024-03-05 05:43:58,upi,False,ecommerce_one_time
txn_8b8c56d92e,cust_a7911ce6b8,189.76,INR,issuer_declined,False,2024-03-03 11:02:40,upi,True,saas
txn_063748ca3b,cust_1aad49e94d,187.63,INR,network_timeout,False,2024-03-04 11:22:22,upi,True,ecommerce_one_time
txn_66c4c5c8a3,cust_ce95e3a6f8,1097.85,INR,insufficient_funds,False,2024-03-05 11:35:32,upi,True,d2c_subscription
txn_9812eb9ae7,cust_a807aa68f0,2647.85,INR,do_not_honor,False,2024-03-14 05:54:42,card,False,d2c_subscription
txn_cc629ab20a,cust_6d45897997,517.6,INR,insufficient_funds,False,2024-03-02 16:48:56,card,False,ecommerce_one_time
txn_5566ad1777,cust_831fa237d7,497.42,INR,do_not_honor,False,2024-03-13 05:37:37,upi,False,ecommerce_one_time
txn_8f82823e28,cust_f920981b84,1595.23,INR,do_not_honor,False,2024-03-09 19:49:35,upi,True,saas
txn_193ec7dc7a,cust_a7bf0e9454,1274.69,INR,processing_error,False,2024-03-03 21:51:49,upi,True,saas
txn_3d32f2a82a,cust_546e640d5a,499.38,INR,issuer_declined,False,2024-03-12 03:13:17,card,False,ecommerce_one_time
txn_e3b8da09da,cust_a8cb29240d,713.41,INR,do_not_honor,False,2024-03-12 11:09:01,upi,False,d2c_subscription
txn_4831796f21,cust_2b5bd14d7c,388.71,INR,insufficient_funds,False,2024-03-15 03:09:27,card,True,d2c_subscription
txn_d19cf022a8,cust_0927c692cc,5336.63,INR,issuer_declined,False,2024-03-10 11:38:29,card,True,saas
txn_1e8cefae0d,cust_4c1eac0ccc,2825.06,INR,issuer_declined,False,2024-03-08 13:37:37,card,True,ecommerce_one_time
txn_93591f6a20,cust_c7736ddd56,798.92,INR,processing_error,False,2024-03-08 22:57:18,card,True,d2c_subscription
txn_cd39bb863a,cust_9aa4c5ac59,74.07,INR,issuer_declined,False,2024-03-14 22:39:05,upi,False,ecommerce_one_time
txn_48e7cb5d0c,cust_ef302cfef7,604.51,INR,processing_error,False,2024-03-12 15:07:52,card,False,d2c_subscription
txn_c2fa97f769,cust_1457e6efc8,184.74,INR,issuer_declined,False,2024-03-15 10:33:49,upi,True,ecommerce_one_time
txn_4ca285a905,cust_3634127daa,7297.78,INR,insufficient_funds,False,2024-03-12 08:24:32,card,True,d2c_subscription
txn_202e5e494e,cust_b6c70edf44,1742.3,INR,insufficient_funds,False,2024-03-07 00:49:06,card,True,d2c_subscription
txn_a5cfeb8556,cust_2c1e7f9832,553.64,INR,insufficient_funds,False,2024-03-15 09:04:09,card,True,d2c_subscription
txn_5d1922672c,cust_a7b78c4e5b,101.85,INR,do_not_honor,False,2024-03-13 04:37:07,card,True,d2c_subscription
txn_98f14609ec,cust_b3b62c2e16,4123.53,INR,network_timeout,False,2024-03-07 21:12:52,upi,True,d2c_subscription
txn_87a5a8548a,cust_3a9b10c115,1776.67,INR,processing_error,False,2024-03-07 15:54:52,card,True,saas
txn_522f9545f4,cust_4c47f4f414,828.88,INR,issuer_declined,False,2024-03-02 22:52:07,card,True,saas
txn_78bc17a27e,cust_8babb48241,4379.59,INR,insufficient_funds,False,2024-03-07 11:17:47,card,True,d2c_subscription
txn_443ae6ecf7,cust_59e43e2f4d,420.0,INR,network_timeout,False,2024-03-02 12:54:17,card,True,saas
txn_b8f4888455,cust_2ec8373d9d,1067.55,INR,insufficient_funds,False,2024-03-05 08:47:25,card,True,d2c_subscription
txn_3dae1df846,cust_1d1dd3c9d2,1091.67,INR,issuer_declined,False,2024-03-07 19:02:20,netbanking,True,saas
txn_5964676d86,cust_775efc16d2,430.2,INR,network_timeout,False,2024-03-10 03:16:08,card,False,saas
txn_8f1215fe59,cust_e4b440d4c6,534.64,INR,issuer_declined,False,2024-03-13 22:36:08,card,True,d2c_subscription
txn_214083ae4a,cust_ee2490814b,446.94,INR,insufficient_funds,False,2024-03-05 15:04:04,netbanking,True,saas
txn_94c87ad969,cust_29669b8550,379.49,INR,insufficient_funds,False,2024-03-02 08:48:31,upi,False,ecommerce_one_time
txn_1b2f12a544,cust_518b519ad5,549.27,INR,do_not_honor,False,2024-03-10 09:02:09,card,False,ecommerce_one_time
txn_0a93bbf84f,cust_2f94137b36,3346.36,INR,insufficient_funds,False,2024-03-10 12:33:01,upi,True,d2c_subscription
txn_4a21f587f2,cust_d677a31cf2,1389.8,INR,processing_error,False,2024-03-14 03:08:37,netbanking,True,d2c_subscription
txn_48172ea33e,cust_f0af68e2d4,184.24,INR,issuer_declined,False,2024-03-07 03:11:07,card,False,saas
txn_6fbff696f9,cust_fd2e097c05,1080.76,INR,issuer_declined,False,2024-03-11 03:50:36,card,True,ecommerce_one_time
txn_d387e00ebc,cust_d41e7c295a,156.56,INR,insufficient_funds,False,2024-03-15 08:35:09,netbanking,True,saas
txn_35088381be,cust_4453efebb7,457.71,INR,network_timeout,False,2024-03-15 09:27:27,upi,False,ecommerce_one_time
txn_2e89f22492,cust_245663538c,594.41,INR,issuer_declined,False,2024-03-10 19:14:37,netbanking,False,ecommerce_one_time
txn_dda9536dd0,cust_c632a2b4ea,793.11,INR,processing_error,False,2024-03-09 00:36:47,card,True,saas
txn_0089bdbbf0,cust_abdc1ac395,2240.75,INR,issuer_declined,False,2024-03-09 02:23:17,netbanking,True,d2c_subscription
txn_8097e20f51,cust_52f961f395,2227.27,INR,insufficient_funds,False,2024-03-05 03:15:20,card,True,d2c_subscription
txn_c4c8c28915,cust_704ebe1690,640.43,INR,issuer_declined,False,2024-03-08 02:34:21,upi,True,d2c_subscription
txn_cb596d599b,cust_2cb21b4bd4,365.71,INR,do_not_honor,False,2024-03-04 12:19:30,netbanking,True,saas
txn_7855d6ed1e,cust_5331bf0581,1589.06,INR,issuer_declined,False,2024-03-11 08:12:11,card,True,d2c_subscription
txn_fc43f3e78a,cust_f284c22bdf,5714.62,INR,network_timeout,False,2024-03-12 06:00:56,card,False,saas
txn_0eb379e0d0,cust_5ce61c8bde,1342.79,INR,card_expired,True,2024-03-07 22:42:32,upi,False,ecommerce_one_time
txn_a03affbd3c,cust_ab6af8fcc6,274.08,INR,network_timeout,False,2024-03-14 00:30:15,netbanking,False,d2c_subscription
txn_a6edee042a,cust_632d1a7255,670.26,INR,do_not_honor,False,2024-03-04 19:07:21,card,True,d2c_subscription
txn_144c17962a,cust_c7f5c33551,1066.71,INR,do_not_honor,False,2024-03-12 21:41:44,netbanking,False,ecommerce_one_time
txn_7acb1980ea,cust_7d8a68d21b,2509.66,INR,processing_error,False,2024-03-02 16:31:36,card,True,d2c_subscription
txn_53e8eb7c48,cust_9e676f60cf,2607.39,INR,issuer_declined,False,2024-03-01 17:28:21,card,True,d2c_subscription
txn_ff0f377908,cust_99cb8a6a54,1512.22,INR,network_timeout,False,2024-03-07 23:24:07,card,True,d2c_subscription
txn_a02cef518f,cust_fab7ef3926,1866.32,INR,network_timeout,False,2024-03-11 03:08:01,netbanking,False,d2c_subscription
txn_189ce7c670,cust_a11e03b01a,185.78,INR,insufficient_funds,False,2024-03-10 18:12:16,card,True,saas
txn_d35853eca9,cust_971245b04b,630.83,INR,card_expired,True,2024-03-09 11:45:38,upi,False,ecommerce_one_time
txn_ac8c9e42b7,cust_df0c4b4dff,220.76,INR,network_timeout,False,2024-03-08 18:57:50,card,True,saas
txn_56f4e60481,cust_f197931183,2150.47,INR,issuer_declined,False,2024-03-14 10:35:23,netbanking,True,d2c_subscription
txn_b92b3c12f9,cust_f99950209e,744.64,INR,card_expired,True,2024-03-12 17:37:37,upi,False,ecommerce_one_time
txn_1b48735469,cust_8f92f6b08d,838.14,INR,insufficient_funds,False,2024-03-04 10:47:07,card,True,saas
txn_6bf2b08c2c,cust_fb2184f55a,5105.05,INR,insufficient_funds,False,2024-03-14 18:17:31,card,False,ecommerce_one_time
txn_edeeaaf28e,cust_10588e4627,72.06,INR,issuer_declined,False,2024-03-09 05:18:27,card,True,saas
txn_7af13a69c3,cust_33dccff21a,1571.61,INR,do_not_honor,False,2024-03-03 05:59:28,card,True,saas
txn_498ef760da,cust_4ce33fe900,1820.74,INR,issuer_declined,False,2024-03-14 06:38:04,upi,True,d2c_subscription
txn_d1d9264bcb,cust_f9bff62549,1428.91,INR,card_expired,True,2024-03-02 13:01:08,upi,False,d2c_subscription
txn_71d436c858,cust_84370e49e0,17133.18,INR,insufficient_funds,False,2024-03-08 21:05:30,card,False,ecommerce_one_time
txn_f6d29176d4,cust_0c65f33816,1218.47,INR,issuer_declined,False,2024-03-09 13:44:21,upi,True,d2c_subscription
txn_07a815a260,cust_95d7c94871,845.37,INR,processing_error,False,2024-03-05 12:20:24,card,True,saas
txn_a446e71a3c,cust_4e6aa8f9a3,1721.22,INR,insufficient_funds,False,2024-03-04 14:51:36,card,True,saas
txn_74e123309e,cust_2dbe5a771e,383.03,INR,processing_error,False,2024-03-08 21:03:34,card,False,saas
txn_8f61e69f41,cust_1dac678042,365.07,INR,issuer_declined,False,2024-03-14 08:04:15,card,False,d2c_subscription
txn_7818387254,cust_3cd2114fa0,367.22,INR,card_stolen,True,2024-03-01 22:32:22,upi,True,saas
txn_72be8f6e8b,cust_f638108506,871.08,INR,processing_error,False,2024-03-15 09:01:48,card,True,d2c_subscription
txn_2d8d9b71d6,cust_13a8fa0f56,684.43,INR,insufficient_funds,False,2024-03-03 07:07:16,upi,False,ecommerce_one_time
txn_6b827998e5,cust_1acd54ac3e,134.26,INR,insufficient_funds,False,2024-03-09 10:09:34,card,True,d2c_subscription
txn_3058ad6d31,cust_b01783c041,68.79,INR,insufficient_funds,False,2024-03-08 07:01:30,upi,True,d2c_subscription
txn_c3af256a10,cust_b37c10af15,1870.07,INR,card_stolen,True,2024-03-04 18:56:59,card,True,saas
txn_9a505d033a,cust_d67faeb8e9,2261.22,INR,processing_error,False,2024-03-02 07:59:22,card,False,ecommerce_one_time
txn_5136a7cd67,cust_18dd026f5c,3367.28,INR,issuer_declined,False,2024-03-13 09:27:36,card,True,saas
txn_5670220719,cust_1e1e92754a,732.94,INR,insufficient_funds,False,2024-03-04 03:22:26,card,True,d2c_subscription
txn_52c5b2c51b,cust_09c983f9ed,2219.05,INR,network_timeout,False,2024-03-06 05:51:28,card,True,saas
txn_f52b4f7d05,cust_78705dcdc5,1149.91,INR,insufficient_funds,False,2024-03-10 08:15:41,card,True,saas
txn_cc5824c1e3,cust_138677055e,801.29,INR,processing_error,False,2024-03-09 12:57:12,upi,True,saas
txn_ba31eab052,cust_d98589cf8a,385.75,INR,processing_error,False,2024-03-04 16:48:23,card,True,saas
txn_cd2e50f45d,cust_04cc7ee53a,354.37,INR,issuer_declined,False,2024-03-13 12:57:04,upi,True,ecommerce_one_time
txn_7160ae18eb,cust_bfe530159d,376.15,INR,do_not_honor,False,2024-03-08 10:02:02,upi,False,saas
txn_6a281be7ba,cust_603ee4eadc,882.97,INR,insufficient_funds,False,2024-03-05 09:20:46,card,True,ecommerce_one_time
txn_00634e27ff,cust_acd734c13f,221.74,INR,issuer_declined,False,2024-03-07 22:51:31,upi,True,d2c_subscription
txn_e81c0135c0,cust_fdaab0f3e6,230.92,INR,card_stolen,True,2024-03-09 05:31:12,card,True,saas
txn_9aa374264c,cust_2ec8373d9d,1900.59,INR,processing_error,False,2024-03-08 05:04:17,upi,True,saas
txn_007d000ef1,cust_2ec8373d9d,610.03,INR,network_timeout,False,2024-03-08 08:07:37,upi,True,saas
txn_4a82540eb8,cust_a57dc78ff9,4297.19,INR,do_not_honor,False,2024-03-04 05:57:51,upi,False,ecommerce_one_time
txn_b8b726c115,cust_25d91349a5,8798.92,INR,insufficient_funds,False,2024-03-04 00:09:46,card,True,saas
txn_b206481761,cust_603ee4eadc,11088.55,INR,processing_error,False,2024-03-02 15:21:33,upi,False,ecommerce_one_time
txn_65ecccdaa6,cust_abac6e55f5,1296.06,INR,do_not_honor,False,2024-03-14 11:45:58,card,False,saas
txn_fd58537c35,cust_fd96f66e31,682.64,INR,insufficient_funds,False,2024-03-11 00:38:32,card,True,saas
txn_788a1f382a,cust_1636812b1a,995.16,INR,issuer_declined,False,2024-03-03 05:24:16,card,True,saas
txn_d393b87eb4,cust_18dd026f5c,3865.94,INR,processing_error,False,2024-03-06 12:18:53,card,True,d2c_subscription
txn_ff69743c26,cust_51e104cbd5,861.74,INR,processing_error,False,2024-03-10 05:23:26,upi,True,d2c_subscription
txn_755f059878,cust_7b92ced64c,7347.94,INR,insufficient_funds,False,2024-03-06 16:51:17,netbanking,False,ecommerce_one_time
txn_4356b5cc6a,cust_3c3e6522c6,520.23,INR,network_timeout,False,2024-03-09 00:22:56,card,True,saas
txn_d9df6c1ec2,cust_5bd63c21d6,2622.65,INR,issuer_declined,False,2024-03-03 01:48:04,upi,True,saas
txn_bf0267e42f,cust_368d3b7e8b,466.38,INR,insufficient_funds,False,2024-03-07 16:28:27,upi,False,ecommerce_one_time
txn_f560c09152,cust_09c983f9ed,33.57,INR,insufficient_funds,False,2024-03-09 05:44:13,netbanking,True,d2c_subscription
txn_00b1f9a5aa,cust_17e0be3b11,608.12,INR,network_timeout,False,2024-03-06 18:28:46,upi,False,ecommerce_one_time
txn_234ac36726,cust_1e1e92754a,307.85,INR,issuer_declined,False,2024-03-12 20:06:22,card,True,d2c_subscription
txn_af2efff83d,cust_4dd62229b5,1903.37,INR,do_not_honor,False,2024-03-04 17:01:50,card,False,d2c_subscription
txn_6ef291225b,cust_b143ef2197,1412.76,INR,insufficient_funds,False,2024-03-12 15:45:48,upi,True,saas
txn_daf4264342,cust_5f16544e2b,1211.86,INR,processing_error,False,2024-03-15 04:01:51,card,False,ecommerce_one_time
txn_f7ae905eb9,cust_b993dd01a6,163.38,INR,network_timeout,False,2024-03-14 18:46:16,netbanking,False,saas
txn_8028eb0baf,cust_54b0a688b5,2026.93,INR,issuer_declined,False,2024-03-14 13:46:46,netbanking,False,ecommerce_one_time
txn_bfb7ada155,cust_8e0ec567a4,289.67,INR,card_expired,True,2024-03-14 02:09:19,netbanking,True,saas
txn_1c5830113d,cust_86267708a7,4029.98,INR,insufficient_funds,False,2024-03-14 18:58:22,card,False,ecommerce_one_time
txn_3cd3855d48,cust_b0a5e8bed8,337.25,INR,insufficient_funds,False,2024-03-11 06:47:25,upi,False,ecommerce_one_time
txn_88582f0282,cust_763ae91e8c,933.34,INR,do_not_honor,False,2024-03-02 01:10:26,upi,False,ecommerce_one_time
txn_ccde7ed255,cust_2f3aac4682,1149.09,INR,processing_error,False,2024-03-14 01:32:20,card,True,d2c_subscription
txn_c0dfbe2588,cust_12cb051fce,875.34,INR,insufficient_funds,False,2024-03-06 00:49:48,card,True,d2c_subscription
txn_6e7a940a29,cust_14a3fee109,2568.91,INR,do_not_honor,False,2024-03-03 07:18:48,card,False,ecommerce_one_time
txn_2a7659ddc5,cust_d67faeb8e9,1389.62,INR,issuer_declined,False,2024-03-04 04:06:06,card,True,d2c_subscription
txn_b43c14a59f,cust_0a88dfeea0,189.02,INR,do_not_honor,False,2024-03-10 10:21:43,netbanking,True,d2c_subscription
txn_26ee6805c1,cust_09c983f9ed,1713.55,INR,processing_error,False,2024-03-14 18:16:28,netbanking,True,saas
txn_49996c5f61,cust_c56faf17f2,1415.4,INR,card_stolen,True,2024-03-10 08:11:42,card,True,d2c_subscription
txn_848963662d,cust_f2e9680aac,1263.61,INR,issuer_declined,False,2024-03-07 01:52:16,card,True,saas
txn_b472926667,cust_2d418afd1f,229.01,INR,processing_error,False,2024-03-04 21:28:41,card,True,d2c_subscription
txn_531283c69f,cust_834b9ce52c,1888.22,INR,do_not_honor,False,2024-03-13 12:21:12,card,True,saas
txn_a5eaebce8c,cust_5400edce87,90.57,INR,issuer_declined,False,2024-03-11 06:45:03,card,True,d2c_subscription
txn_843b3bfb6d,cust_9ce629c8dd,424.75,INR,insufficient_funds,False,2024-03-07 01:54:00,upi,False,ecommerce_one_time
txn_79f92f933f,cust_4731536e86,3228.47,INR,account_closed,True,2024-03-05 11:41:56,upi,True,d2c_subscription
txn_8575706e7f,cust_c3b5ed25e8,2209.69,INR,insufficient_funds,False,2024-03-11 03:31:52,netbanking,False,ecommerce_one_time
txn_e71d5150a5,cust_f0ee342eb6,5242.96,INR,network_timeout,False,2024-03-03 23:39:58,netbanking,True,saas
txn_da2332679a,cust_71c2958090,306.36,INR,insufficient_funds,False,2024-03-04 06:35:36,card,True,d2c_subscription
txn_f7a4411b9c,cust_5aba48d47b,3962.42,INR,network_timeout,False,2024-03-10 10:58:49,upi,True,d2c_subscription
txn_accc1e0fcd,cust_73e016317c,275.64,INR,insufficient_funds,False,2024-03-07 23:52:40,card,True,d2c_subscription
txn_24c76c6d5a,cust_8d3a9dc941,22065.01,INR,card_stolen,True,2024-03-08 19:27:19,card,True,d2c_subscription
txn_84c3c6750b,cust_8d3a9dc941,324.42,INR,processing_error,False,2024-03-06 03:16:41,card,True,saas
txn_bdc0aa810c,cust_8c10a08c9b,2293.04,INR,insufficient_funds,False,2024-03-10 23:43:52,card,True,d2c_subscription
txn_9366487605,cust_76516c21f7,2933.14,INR,processing_error,False,2024-03-10 21:15:39,card,True,saas
txn_0e675e6451,cust_a6e5b76727,206.89,INR,do_not_honor,False,2024-03-09 13:49:01,card,False,d2c_subscription
txn_53adb1e91f,cust_afd6cd5509,597.8,INR,issuer_declined,False,2024-03-12 11:28:38,card,False,ecommerce_one_time
txn_9f3af7e007,cust_b6c70edf44,1527.96,INR,insufficient_funds,False,2024-03-07 08:52:09,netbanking,False,saas
txn_0d87fd8de7,cust_33dccff21a,562.92,INR,processing_error,False,2024-03-02 02:05:24,card,True,d2c_subscription
txn_0300ca89ad,cust_fd96f66e31,3440.17,INR,processing_error,False,2024-03-10 14:31:16,card,True,d2c_subscription
txn_90fc210f58,cust_dbad6f5469,1300.5,INR,issuer_declined,False,2024-03-03 10:42:35,netbanking,True,d2c_subscription
txn_01930a52c2,cust_0068a9b979,203.94,INR,network_timeout,False,2024-03-09 00:03:05,upi,True,saas
txn_7275364f79,cust_20752c8647,618.92,INR,insufficient_funds,False,2024-03-13 04:17:49,card,False,d2c_subscription
txn_0c9f853cfe,cust_d67faeb8e9,288.75,INR,insufficient_funds,False,2024-03-08 13:16:08,netbanking,False,ecommerce_one_time
txn_dcb4473e9e,cust_610cd0ce73,1394.3,INR,do_not_honor,False,2024-03-08 12:11:46,card,True,d2c_subscription
txn_3662a380f3,cust_d070da4706,812.59,INR,insufficient_funds,False,2024-03-15 03:46:01,card,True,d2c_subscription
txn_9d041b27c7,cust_9ef31e8cf5,1169.17,INR,insufficient_funds,False,2024-03-08 18:56:19,card,True,saas
txn_bd3cf41b5f,cust_9a5f12bd0c,1128.33,INR,do_not_honor,False,2024-03-13 05:00:51,card,False,ecommerce_one_time
txn_bd288b706e,cust_2e89d74b40,10696.32,INR,issuer_declined,False,2024-03-04 09:04:24,upi,True,saas
txn_6542726b10,cust_d09b620e7e,352.04,INR,insufficient_funds,False,2024-03-07 22:05:54,card,False,saas
txn_ba1a7e4348,cust_37999bbd6b,1971.98,INR,processing_error,False,2024-03-11 05:47:58,upi,True,d2c_subscription
txn_cc32689ad0,cust_3b0e88c020,995.1,INR,do_not_honor,False,2024-03-15 11:06:34,upi,True,d2c_subscription
txn_6ca8550008,cust_f5ce731952,1432.31,INR,network_timeout,False,2024-03-07 12:08:40,netbanking,True,d2c_subscription
txn_d704d20f11,cust_13a8fa0f56,306.02,INR,do_not_honor,False,2024-03-05 15:23:28,card,True,saas
txn_019fb23690,cust_e6ae61fccd,1872.78,INR,do_not_honor,False,2024-03-09 13:30:29,card,True,saas
txn_ae0885c077,cust_35afcf1851,1827.84,INR,insufficient_funds,False,2024-03-02 19:45:50,netbanking,True,d2c_subscription
txn_8ead4c090c,cust_b610d2062b,2149.35,INR,network_timeout,False,2024-03-12 18:03:27,upi,True,saas
txn_56bbcfe194,cust_9b4fc8a68b,1952.57,INR,insufficient_funds,False,2024-03-04 22:27:54,card,True,d2c_subscription
txn_1bf1e414d6,cust_1b52dc83e9,1641.25,INR,insufficient_funds,False,2024-03-08 13:27:03,card,False,d2c_subscription
txn_22afd12ee7,cust_a1d4fa3c18,6062.38,INR,network_timeout,False,2024-03-11 02:26:43,upi,True,saas
txn_58583f5fbd,cust_4d3fdca34c,179.27,INR,processing_error,False,2024-03-11 11:10:08,upi,True,d2c_subscription
txn_8c65045c89,cust_e51acc48ee,1375.46,INR,do_not_honor,False,2024-03-09 04:51:13,upi,False,ecommerce_one_time
txn_317e91208d,cust_133535cc20,484.44,INR,insufficient_funds,False,2024-03-14 08:55:40,netbanking,False,ecommerce_one_time
txn_84d0d77837,cust_dbad6f5469,1434.55,INR,insufficient_funds,False,2024-03-06 09:21:33,card,False,saas
txn_409e7cca73,cust_f5f5739f65,789.9,INR,do_not_honor,False,2024-03-09 18:38:24,card,True,d2c_subscription
txn_51f220241d,cust_b367134a54,1311.41,INR,processing_error,False,2024-03-05 23:22:24,upi,False,ecommerce_one_time
txn_28f0ec32d2,cust_a1c0839636,8475.64,INR,issuer_declined,False,2024-03-08 06:52:49,netbanking,True,d2c_subscription
txn_dd5c3b9305,cust_fe14d75211,1414.05,INR,insufficient_funds,False,2024-03-01 19:33:40,card,True,saas
txn_4bf23f578e,cust_76d4fba047,386.83,INR,insufficient_funds,False,2024-03-14 08:14:14,upi,True,saas
txn_3cb232d2ec,cust_76d4fba047,941.4,INR,do_not_honor,False,2024-03-08 14:21:31,card,True,d2c_subscription
txn_c9a284ebb4,cust_a84849ae75,1173.47,INR,processing_error,False,2024-03-07 23:48:35,card,False,ecommerce_one_time
txn_28a73824fc,cust_ac834a0a50,1085.88,INR,insufficient_funds,False,2024-03-12 00:09:23,netbanking,False,ecommerce_one_time
txn_a411dff554,cust_259bbb3ed2,1568.72,INR,insufficient_funds,False,2024-03-06 02:05:02,card,False,ecommerce_one_time
txn_037b3581b5,cust_f9bff62549,10166.57,INR,insufficient_funds,False,2024-03-10 10:18:13,card,False,saas
txn_df9cee5eda,cust_f5f5739f65,1699.49,INR,insufficient_funds,False,2024-03-04 19:27:18,upi,False,d2c_subscription
txn_eb70f711cc,cust_2b5bd14d7c,1996.81,INR,do_not_honor,False,2024-03-02 14:03:33,card,True,saas
txn_418594760a,cust_5aba48d47b,120.88,INR,insufficient_funds,False,2024-03-03 13:10:38,card,False,saas
txn_b990328a6e,cust_cb42952c10,225.42,INR,processing_error,False,2024-03-06 15:24:35,upi,True,saas
txn_b73ed8426e,cust_8ebf3a8a9e,4299.58,INR,processing_error,False,2024-03-05 10:46:08,card,True,ecommerce_one_time
txn_ffc5053d6b,cust_f920981b84,1595.47,INR,card_stolen,True,2024-03-03 09:36:42,upi,False,saas
txn_efa8c79a6b,cust_4121053ea5,457.93,INR,card_expired,True,2024-03-01 18:30:10,card,True,d2c_subscription
txn_ffe9d95541,cust_7b92ced64c,435.95,INR,insufficient_funds,False,2024-03-05 08:42:27,card,True,d2c_subscription
txn_22fde85640,cust_34c1fdef31,2938.06,INR,insufficient_funds,False,2024-03-02 17:14:13,upi,False,saas
txn_84f6de0dd6,cust_0a63b124cb,1884.45,INR,issuer_declined,False,2024-03-01 23:36:56,card,True,d2c_subscription
txn_7e293ea2ac,cust_c072af19ea,117.34,INR,processing_error,False,2024-03-13 00:53:55,netbanking,True,saas
txn_e17d7d66c3,cust_a7bf0e9454,1596.57,INR,insufficient_funds,False,2024-03-08 11:35:13,netbanking,True,saas
txn_0d793fa12a,cust_37999bbd6b,1094.4,INR,issuer_declined,False,2024-03-10 11:54:42,netbanking,True,d2c_subscription
txn_07d2d4b4f0,cust_048126f050,577.85,INR,issuer_declined,False,2024-03-02 04:49:55,card,True,ecommerce_one_time
txn_d70293cb88,cust_3a7e08085e,174.74,INR,insufficient_funds,False,2024-03-05 02:00:24,card,True,d2c_subscription
txn_41a08803e5,cust_7209af5872,3481.84,INR,processing_error,False,2024-03-03 02:20:28,netbanking,False,ecommerce_one_time
txn_af9df28a6b,cust_59ca3d8ab6,7510.92,INR,processing_error,False,2024-03-10 14:32:19,card,True,saas
txn_8f869ce374,cust_fd96f66e31,1088.75,INR,do_not_honor,False,2024-03-03 16:43:13,upi,True,saas
txn_12980688e0,cust_b097092b16,2329.43,INR,card_expired,True,2024-03-14 08:42:47,upi,True,d2c_subscription
txn_cb5ef1a480,cust_eb4ff5b760,350.98,INR,insufficient_funds,False,2024-03-02 08:27:53,card,False,ecommerce_one_time
txn_28d6e41e75,cust_e80cf72167,204.96,INR,insufficient_funds,False,2024-03-12 06:45:04,card,True,saas
txn_a4dec5634b,cust_6f21fd00cc,694.14,INR,issuer_declined,False,2024-03-08 03:25:10,upi,True,saas
txn_3e3235e8bd,cust_b993dd01a6,242.82,INR,processing_error,False,2024-03-05 11:18:40,upi,False,ecommerce_one_time
txn_34f4306399,cust_ac9a5c8cef,71.74,INR,do_not_honor,False,2024-03-05 02:24:34,card,False,ecommerce_one_time
txn_9a492fd096,cust_74660b9cab,457.25,INR,insufficient_funds,False,2024-03-12 12:41:50,upi,True,saas
txn_327e1ef969,cust_c9c73c9345,12161.35,INR,card_stolen,True,2024-03-07 17:24:26,upi,True,ecommerce_one_time
txn_747fb2f73e,cust_afd1f89b7f,393.55,INR,issuer_declined,False,2024-03-08 01:44:50,card,True,d2c_subscription
txn_5f37396859,cust_1438a24939,1610.22,INR,issuer_declined,False,2024-03-04 15:10:35,card,True,d2c_subscription
txn_b0a39dffb2,cust_6444da814f,3397.03,INR,do_not_honor,False,2024-03-11 00:11:11,upi,True,d2c_subscription
txn_31c350e3fa,cust_5f0e710ee0,3520.2,INR,card_expired,True,2024-03-04 19:22:45,upi,True,ecommerce_one_time
txn_a2f83aca65,cust_d6530d3860,5503.71,INR,processing_error,False,2024-03-06 20:55:47,netbanking,False,saas
txn_3c9797458d,cust_fdaab0f3e6,446.76,INR,card_stolen,True,2024-03-04 21:10:35,card,False,ecommerce_one_time
txn_a5bc253dc0,cust_32ad247268,239.87,INR,insufficient_funds,False,2024-03-03 05:55:47,netbanking,True,saas
txn_0b5604cc9f,cust_b0a5e8bed8,807.95,INR,do_not_honor,False,2024-03-09 12:02:28,upi,True,d2c_subscription
txn_becb44c03f,cust_0187b7a7ed,1107.05,INR,network_timeout,False,2024-03-09 10:46:57,upi,True,d2c_subscription
txn_9d4b51a815,cust_eec1643b01,573.26,INR,do_not_honor,False,2024-03-04 08:26:51,card,False,ecommerce_one_time
txn_1985cacf8f,cust_6d45897997,488.77,INR,issuer_declined,False,2024-03-04 13:17:33,card,False,ecommerce_one_time
txn_181a5fcecb,cust_2cb21b4bd4,1275.59,INR,account_closed,True,2024-03-03 05:29:59,card,False,ecommerce_one_time
txn_e029f36338,cust_bd65c4e738,363.89,INR,insufficient_funds,False,2024-03-07 19:03:28,card,True,d2c_subscription
txn_9030119623,cust_4ec834cdd4,180.71,INR,issuer_declined,False,2024-03-06 14:13:06,card,True,saas
txn_6295f7f3e5,cust_a62c691459,376.02,INR,network_timeout,False,2024-03-14 16:08:14,netbanking,False,ecommerce_one_time
txn_11c3985031,cust_cc90f86455,377.01,INR,card_expired,True,2024-03-09 03:14:12,card,True,d2c_subscription
txn_6850d91905,cust_76712b6c57,2698.86,INR,account_closed,True,2024-03-12 01:14:57,netbanking,True,d2c_subscription
txn_945cd3e63a,cust_7a9b8cbf54,186.26,INR,network_timeout,False,2024-03-03 13:18:31,card,False,d2c_subscription
txn_71da8e5bd7,cust_0ca0f75d70,1842.58,INR,insufficient_funds,False,2024-03-13 18:51:45,netbanking,True,saas
txn_b3cc0e0d5d,cust_51124e03df,265.61,INR,card_expired,True,2024-03-04 14:26:27,card,True,d2c_subscription
txn_4d6f960f04,cust_ab6af8fcc6,372.13,INR,issuer_declined,False,2024-03-03 18:49:27,upi,True,saas
txn_9d8a623635,cust_9d359b2f09,2525.74,INR,processing_error,False,2024-03-08 22:12:52,upi,False,saas
txn_b0385d2172,cust_9122f26456,4368.8,INR,issuer_declined,False,2024-03-06 03:29:16,netbanking,False,ecommerce_one_time
txn_fb025685ed,cust_518b519ad5,538.45,INR,network_timeout,False,2024-03-07 09:09:51,card,False,ecommerce_one_time
txn_bd7a6ef610,cust_14a3fee109,1251.49,INR,do_not_honor,False,2024-03-05 20:26:42,card,True,d2c_subscription
txn_0bd819dd6d,cust_7ea519a5d3,1369.39,INR,network_timeout,False,2024-03-05 21:33:46,netbanking,False,ecommerce_one_time
txn_f69e89231d,cust_38270fc594,467.17,INR,insufficient_funds,False,2024-03-11 22:58:20,card,True,d2c_subscription
txn_08a1d4edfa,cust_f9be23bf5d,1766.58,INR,insufficient_funds,False,2024-03-05 20:43:27,upi,True,saas
txn_b93920c7c4,cust_d101da83a0,865.62,INR,issuer_declined,False,2024-03-02 21:00:22,card,False,ecommerce_one_time
txn_9e08c20831,cust_f944cf24db,187.25,INR,insufficient_funds,False,2024-03-11 03:29:30,card,True,d2c_subscription
txn_1bca882563,cust_f2fa29f515,248.11,INR,processing_error,False,2024-03-11 05:00:07,upi,False,ecommerce_one_time
txn_e994064739,cust_83e163d826,670.75,INR,issuer_declined,False,2024-03-11 09:39:21,upi,True,d2c_subscription
txn_c7c9ed7407,cust_5aba48d47b,139.65,INR,do_not_honor,False,2024-03-02 17:39:22,upi,True,d2c_subscription
txn_b24b35104a,cust_88437fd42b,1092.04,INR,insufficient_funds,False,2024-03-03 01:51:06,card,True,saas
txn_bbad38b797,cust_75e806b532,296.54,INR,insufficient_funds,False,2024-03-10 15:08:43,upi,False,ecommerce_one_time
txn_984b65be9d,cust_71cbac631b,823.21,INR,do_not_honor,False,2024-03-02 09:09:52,netbanking,True,saas
txn_f96288c60b,cust_49d35faa68,361.05,INR,issuer_declined,False,2024-03-04 20:08:51,card,True,d2c_subscription
txn_53ff7091e6,cust_9c52eece68,1817.23,INR,insufficient_funds,False,2024-03-09 20:54:23,card,True,saas
txn_7cd0d70f08,cust_b1b15f13f1,2591.32,INR,insufficient_funds,False,2024-03-03 22:45:02,card,True,d2c_subscription
txn_97981ba597,cust_5f43b85dc6,1360.11,INR,insufficient_funds,False,2024-03-02 17:06:20,upi,True,saas
txn_895752bf60,cust_5b571b4898,511.88,INR,do_not_honor,False,2024-03-03 08:10:52,card,True,ecommerce_one_time
txn_c8136b16fe,cust_14e2a88747,1845.23,INR,insufficient_funds,False,2024-03-08 21:50:51,upi,True,d2c_subscription
txn_02f0727964,cust_fa385feb0b,263.73,INR,issuer_declined,False,2024-03-12 11:11:54,card,True,saas
txn_93f9dc5acc,cust_fd9257287d,1985.71,INR,processing_error,False,2024-03-13 03:49:13,upi,True,saas
txn_1bc9ce916a,cust_9ace8e1ce6,526.46,INR,do_not_honor,False,2024-03-03 22:00:17,upi,True,saas
txn_e8d9ec6eef,cust_840a839632,828.05,INR,do_not_honor,False,2024-03-05 05:45:08,card,True,d2c_subscription
txn_6a57f7c19e,cust_e4863fcd03,764.97,INR,insufficient_funds,False,2024-03-05 13:49:46,card,False,ecommerce_one_time
txn_ba9adc55dd,cust_33ea4c11f9,7467.87,INR,card_expired,True,2024-03-14 20:34:58,card,True,saas
txn_9cc456aedd,cust_6bba92fa49,1558.85,INR,issuer_declined,False,2024-03-01 23:38:46,card,True,d2c_subscription
txn_9bf010e2d3,cust_4f13989d7d,1205.61,INR,issuer_declined,False,2024-03-13 21:43:27,card,True,saas
txn_0b3dbff24a,cust_99cb8a6a54,234.11,INR,card_expired,True,2024-03-07 08:57:02,netbanking,False,ecommerce_one_time
txn_7aecc5d4b0,cust_2e898f2822,138.36,INR,processing_error,False,2024-03-02 07:49:20,card,False,ecommerce_one_time
txn_f804151f37,cust_2b6b4cd71c,1070.02,INR,do_not_honor,False,2024-03-12 02:39:17,card,False,ecommerce_one_time
txn_011c56016a,cust_fcff00bb53,508.54,INR,network_timeout,False,2024-03-08 06:04:45,card,False,saas
txn_45fc0f8716,cust_ec13538a6f,559.46,INR,insufficient_funds,False,2024-03-03 17:41:45,card,False,d2c_subscription
txn_633ca9a11c,cust_bd65c4e738,19014.86,INR,network_timeout,False,2024-03-11 18:29:52,netbanking,False,ecommerce_one_time
txn_11ef8a9c6a,cust_9859ad8a52,220.3,INR,processing_error,False,2024-03-14 01:49:41,card,True,saas
txn_882b0b17bf,cust_b143ef2197,349.21,INR,issuer_declined,False,2024-03-08 18:34:57,card,True,d2c_subscription
txn_a9cdf69cf7,cust_0a88dfeea0,1446.3,INR,insufficient_funds,False,2024-03-04 08:52:13,card,True,ecommerce_one_time
txn_ccfbbb7a47,cust_b27664b149,264.62,INR,insufficient_funds,False,2024-03-07 09:43:57,netbanking,False,ecommerce_one_time
txn_b1c3b73857,cust_3ad494e676,5717.2,INR,card_expired,True,2024-03-09 07:16:26,netbanking,False,d2c_subscription
txn_b5834df690,cust_74447c355f,182.74,INR,insufficient_funds,False,2024-03-06 13:19:28,card,True,d2c_subscription
txn_aa97805bc9,cust_0c9badd052,2350.21,INR,insufficient_funds,False,2024-03-14 18:35:46,upi,True,ecommerce_one_time
txn_46c9752d8a,cust_a1c0839636,375.93,INR,processing_error,False,2024-03-10 14:59:51,upi,True,saas
txn_9044bc3546,cust_0068a9b979,2752.25,INR,processing_error,False,2024-03-03 04:59:58,upi,True,ecommerce_one_time
txn_8f6558d348,cust_5c76848c0a,684.57,INR,insufficient_funds,False,2024-03-10 01:49:58,card,True,d2c_subscription
txn_a1a91ef2b2,cust_bb2b76234d,579.47,INR,network_timeout,False,2024-03-01 23:42:21,upi,False,ecommerce_one_time
txn_d1441e545b,cust_5b658ffe88,388.14,INR,do_not_honor,False,2024-03-07 19:16:47,upi,False,ecommerce_one_time
txn_a0232ac934,cust_5c76848c0a,290.13,INR,network_timeout,False,2024-03-02 10:12:42,card,True,d2c_subscription
txn_9d71179af8,cust_f10f44d9d8,1868.36,INR,insufficient_funds,False,2024-03-06 17:26:27,card,True,saas
txn_d9aa0b2e4f,cust_4bc12a28e6,1593.58,INR,insufficient_funds,False,2024-03-09 15:15:32,card,True,saas
txn_fd888399cf,cust_080dfe1de9,250.68,INR,processing_error,False,2024-03-02 14:25:28,card,True,ecommerce_one_time
txn_8da290f914,cust_cd40ac727d,792.7,INR,insufficient_funds,False,2024-03-11 17:17:03,card,True,d2c_subscription
txn_e3a5842e9d,cust_b890f6eee6,245.68,INR,do_not_honor,False,2024-03-10 00:11:43,upi,True,saas
txn_55a21c0466,cust_5ed1f1f251,553.79,INR,insufficient_funds,False,2024-03-05 09:15:16,netbanking,True,ecommerce_one_time
txn_c0af6bf25e,cust_7566735ea6,738.55,INR,processing_error,False,2024-03-03 06:06:19,card,False,ecommerce_one_time
txn_ae0cbcafa3,cust_2be02d4184,480.68,INR,network_timeout,False,2024-03-12 19:03:08,card,False,ecommerce_one_time
txn_2fd01690f2,cust_1e21fdf824,429.63,INR,network_timeout,False,2024-03-01 14:16:44,upi,True,d2c_subscription
txn_baec4eebe2,cust_dba1c395de,1616.88,INR,card_stolen,True,2024-03-09 11:18:57,card,False,ecommerce_one_time
txn_3d81164422,cust_b79b41a7fb,277.69,INR,card_expired,True,2024-03-10 18:05:42,card,True,ecommerce_one_time
txn_77e9cc8f68,cust_bb2b76234d,279.8,INR,issuer_declined,False,2024-03-13 16:48:27,upi,True,saas
txn_e7d324d964,cust_6ec410a8ac,743.29,INR,issuer_declined,False,2024-03-15 02:49:57,card,False,ecommerce_one_time
txn_59b3ec4b29,cust_7209af5872,1681.4,INR,network_timeout,False,2024-03-07 16:42:56,card,True,d2c_subscription
txn_c9d3a840c0,cust_d6dea2a4cd,409.42,INR,card_expired,True,2024-03-07 00:55:53,upi,False,ecommerce_one_time
txn_a5766f10ae,cust_9201acab85,162.19,INR,card_stolen,True,2024-03-14 04:27:52,upi,False,ecommerce_one_time
txn_f7adf06b36,cust_044d3c3c92,1574.88,INR,processing_error,False,2024-03-02 20:22:28,card,False,d2c_subscription
txn_c6e5fde80d,cust_8ebf3a8a9e,548.86,INR,insufficient_funds,False,2024-03-07 21:15:08,upi,False,saas
txn_56d4aaaf5c,cust_10f26a8a75,1286.43,INR,card_expired,True,2024-03-14 18:03:41,netbanking,True,saas
txn_217d1748dc,cust_74447c355f,1238.7,INR,card_expired,True,2024-03-03 17:17:56,card,True,saas
txn_6980de0f6e,cust_34f259ec4a,2144.95,INR,processing_error,False,2024-03-12 17:45:28,upi,True,d2c_subscription
txn_26caf9d6ba,cust_72c05afd42,4209.57,INR,network_timeout,False,2024-03-06 01:54:27,card,False,ecommerce_one_time
txn_ad1596379d,cust_fc2526c8f7,1673.01,INR,do_not_honor,False,2024-03-06 00:48:49,card,True,saas
txn_02f52862c4,cust_5c76848c0a,6554.65,INR,card_expired,True,2024-03-04 03:42:41,card,True,saas
txn_e03f988acb,cust_8beadbcbca,383.25,INR,insufficient_funds,False,2024-03-04 03:57:24,card,True,d2c_subscription
txn_25a5fcbcce,cust_69ac884a82,1197.82,INR,network_timeout,False,2024-03-01 16:49:35,card,True,saas
txn_0c33fa99a2,cust_a9f58e31af,436.77,INR,insufficient_funds,False,2024-03-14 06:53:20,upi,True,saas
txn_2ad6b9fad1,cust_4d3fdca34c,8116.77,INR,issuer_declined,False,2024-03-10 09:23:30,card,True,saas
txn_92218d7f01,cust_32793a43b9,287.58,INR,insufficient_funds,False,2024-03-10 09:47:03,netbanking,True,d2c_subscription
txn_13ff88252f,cust_603ee4eadc,883.13,INR,issuer_declined,False,2024-03-10 05:35:11,card,False,d2c_subscription
txn_3f4755f493,cust_5bc1bd9c28,1215.08,INR,insufficient_funds,False,2024-03-12 03:47:02,netbanking,False,ecommerce_one_time
txn_629e976373,cust_d2d058cf17,248.74,INR,card_stolen,True,2024-03-12 05:25:13,card,True,saas
txn_9a74f8ab0a,cust_8a88577df5,811.44,INR,do_not_honor,False,2024-03-01 23:48:06,card,False,saas
txn_4752480573,cust_077251b505,1159.24,INR,network_timeout,False,2024-03-02 21:58:49,upi,True,ecommerce_one_time
txn_58e5780025,cust_ceb15a0109,846.69,INR,insufficient_funds,False,2024-03-05 22:41:26,upi,False,ecommerce_one_time
txn_4de24604b2,cust_07fcbb9e6a,1333.43,INR,insufficient_funds,False,2024-03-07 17:31:51,card,True,saas
txn_60c8cb2837,cust_fd5e73d04c,1863.82,INR,processing_error,False,2024-03-08 20:11:08,card,True,ecommerce_one_time
txn_659b035282,cust_cc95e44014,559.98,INR,processing_error,False,2024-03-05 22:48:55,upi,False,ecommerce_one_time
txn_1b14e9e1fd,cust_3a7b7ab325,1230.16,INR,do_not_honor,False,2024-03-03 10:14:59,upi,False,ecommerce_one_time
txn_92a478cd52,cust_320604fb0e,265.81,INR,network_timeout,False,2024-03-09 12:46:34,card,True,d2c_subscription
txn_e8a980d16e,cust_5efc7db0af,1133.96,INR,network_timeout,False,2024-03-07 23:20:44,upi,True,saas
txn_f9b53a12a6,cust_25de995a00,1557.31,INR,do_not_honor,False,2024-03-02 17:31:39,card,False,saas
txn_e2a6bf1fbb,cust_8ebf3a8a9e,1184.68,INR,card_stolen,True,2024-03-02 17:47:31,card,False,ecommerce_one_time
txn_5fdaae7c5a,cust_46c6dd4b0f,524.98,INR,processing_error,False,2024-03-12 06:45:07,upi,True,ecommerce_one_time
txn_8455891422,cust_a6781a34e3,6796.19,INR,processing_error,False,2024-03-12 03:45:38,netbanking,False,d2c_subscription
txn_003459b7d3,cust_2e4663676c,1204.58,INR,issuer_declined,False,2024-03-12 15:21:40,card,True,saas
txn_cee342d90d,cust_25de995a00,204.82,INR,insufficient_funds,False,2024-03-15 02:48:52,card,True,saas
txn_d55d458a8a,cust_2b46763a31,141.0,INR,insufficient_funds,False,2024-03-05 18:39:54,card,True,d2c_subscription
txn_5c7db5bcc5,cust_4121053ea5,2231.2,INR,processing_error,False,2024-03-09 11:56:38,upi,True,ecommerce_one_time
txn_11a469ef26,cust_9e66aa5f07,408.45,INR,processing_error,False,2024-03-15 01:20:44,card,True,saas
txn_a8db245b43,cust_70544834c2,561.28,INR,issuer_declined,False,2024-03-12 15:21:47,card,True,d2c_subscription
txn_276eee2020,cust_f5ce731952,1668.61,INR,do_not_honor,False,2024-03-08 01:11:48,card,True,d2c_subscription
txn_f31de9f756,cust_0a16b1db39,139.6,INR,insufficient_funds,False,2024-03-03 19:11:40,netbanking,False,ecommerce_one_time
txn_a11a2b89e2,cust_8fe2648fdd,152.1,INR,insufficient_funds,False,2024-03-06 05:15:23,card,False,ecommerce_one_time
txn_a47e6eeef5,cust_12cb051fce,497.08,INR,card_expired,True,2024-03-08 00:56:16,upi,True,saas
txn_e7aedd8a82,cust_f7448e222b,246.99,INR,issuer_declined,False,2024-03-12 21:21:12,card,True,d2c_subscription
txn_20fe99af53,cust_ea33a2faa1,318.28,INR,insufficient_funds,False,2024-03-11 11:00:33,card,False,ecommerce_one_time
txn_2d3cd8ef9a,cust_ce95e3a6f8,405.81,INR,do_not_honor,False,2024-03-04 13:16:44,card,False,ecommerce_one_time
txn_400708b7ae,cust_fa385feb0b,547.88,INR,issuer_declined,False,2024-03-04 16:04:46,card,True,d2c_subscription
txn_24fd9674f7,cust_c5e84ec3c8,170.52,INR,processing_error,False,2024-03-03 08:17:31,card,True,saas
txn_713f6d0044,cust_246cf9b521,1055.95,INR,card_stolen,True,2024-03-08 02:58:00,card,True,d2c_subscription
txn_6a7cdb415e,cust_52f961f395,397.22,INR,do_not_honor,False,2024-03-11 16:15:03,card,True,d2c_subscription
txn_33690757a2,cust_f46014b6a5,1234.31,INR,do_not_honor,False,2024-03-08 11:03:40,card,False,saas
txn_b9a7f5a459,cust_0d0e53d3b7,3933.11,INR,issuer_declined,False,2024-03-02 22:52:13,card,False,ecommerce_one_time
txn_c093d46fb3,cust_c790ea5bc5,1789.0,INR,do_not_honor,False,2024-03-12 23:15:17,card,True,saas
txn_acd7e727ff,cust_2c3769f0c6,300.98,INR,issuer_declined,False,2024-03-03 15:25:49,card,True,ecommerce_one_time
txn_89438c08a2,cust_1856bb1307,583.2,INR,insufficient_funds,False,2024-03-01 13:36:28,card,True,d2c_subscription
txn_6e30826922,cust_b993dd01a6,766.17,INR,network_timeout,False,2024-03-04 00:31:40,upi,True,saas
txn_7e26a573b9,cust_27e51a34aa,232.61,INR,issuer_declined,False,2024-03-06 06:34:12,netbanking,False,d2c_subscription
txn_a2ddbde501,cust_e7a1193f5a,1752.89,INR,do_not_honor,False,2024-03-09 18:30:34,upi,True,d2c_subscription
txn_9c97e15a18,cust_74447c355f,205.12,INR,insufficient_funds,False,2024-03-03 12:46:46,card,True,ecommerce_one_time
txn_1f01c2649c,cust_1636812b1a,126.77,INR,network_timeout,False,2024-03-13 05:58:05,netbanking,True,d2c_subscription
txn_f2af20e6f8,cust_99b0ab100e,489.07,INR,insufficient_funds,False,2024-03-04 20:43:48,netbanking,True,saas
txn_97e1940383,cust_2e12a5e96a,1840.57,INR,issuer_declined,False,2024-03-09 21:02:07,card,False,ecommerce_one_time
txn_9c968be5a6,cust_2b6b4cd71c,1128.47,INR,network_timeout,False,2024-03-08 11:00:52,card,True,d2c_subscription
txn_77ec1c158e,cust_39615d0288,525.94,INR,issuer_declined,False,2024-03-09 00:22:00,upi,False,saas
txn_0554322b61,cust_d41e7c295a,709.36,INR,card_expired,True,2024-03-15 08:43:49,netbanking,False,ecommerce_one_time
txn_1b7832a1a1,cust_d358871ae2,1019.03,INR,insufficient_funds,False,2024-03-01 16:29:00,upi,False,saas
txn_53149e1e80,cust_103f9d1fae,329.13,INR,processing_error,False,2024-03-06 03:59:56,upi,True,saas
txn_eaa8d9c290,cust_215f7407c0,843.0,INR,card_stolen,True,2024-03-07 02:23:29,upi,True,d2c_subscription
txn_3c2eff0bff,cust_9fc3625ac6,523.92,INR,do_not_honor,False,2024-03-14 02:09:00,netbanking,False,d2c_subscription
txn_e3c3868f4d,cust_75839729b4,455.62,INR,processing_error,False,2024-03-04 14:19:15,card,True,d2c_subscription
txn_c07b37684d,cust_25de995a00,1058.24,INR,issuer_declined,False,2024-03-02 00:56:52,card,False,ecommerce_one_time
txn_ef35164548,cust_a6e5b76727,768.66,INR,processing_error,False,2024-03-04 02:16:47,netbanking,False,saas
txn_0b9d066241,cust_2f2e4e162a,531.97,INR,card_expired,True,2024-03-12 00:14:50,card,False,ecommerce_one_time
txn_9d78d296a5,cust_26bf705543,72.09,INR,processing_error,False,2024-03-12 23:02:43,card,False,saas
txn_b0e44a6b44,cust_c632a2b4ea,1427.23,INR,card_expired,True,2024-03-10 08:34:35,card,True,saas
txn_37d2292171,cust_ac19ceff73,2189.96,INR,do_not_honor,False,2024-03-15 04:24:21,card,True,saas
txn_b9433228b9,cust_04cc7ee53a,2109.34,INR,do_not_honor,False,2024-03-07 18:40:34,card,True,saas
txn_d4a4717e55,cust_5331bf0581,175.37,INR,issuer_declined,False,2024-03-09 02:02:00,upi,True,d2c_subscription
txn_111db2f0b8,cust_a9f58e31af,1466.25,INR,processing_error,False,2024-03-08 11:07:18,card,True,ecommerce_one_time
txn_bf3d0c9b9a,cust_2514eddfd1,1128.14,INR,network_timeout,False,2024-03-01 15:21:49,upi,False,ecommerce_one_time
txn_74c4cf1010,cust_e22e2fb41e,1872.08,INR,processing_error,False,2024-03-06 07:52:14,card,True,d2c_subscription
txn_2dc4132034,cust_848333691f,1706.89,INR,insufficient_funds,False,2024-03-09 15:56:07,netbanking,True,saas
txn_7ba57267a4,cust_f978f7050b,4857.04,INR,do_not_honor,False,2024-03-04 12:45:42,upi,False,ecommerce_one_time
txn_d850e47fa9,cust_6076256083,448.78,INR,processing_error,False,2024-03-10 07:46:06,netbanking,True,saas
txn_8952807712,cust_2a226bbb32,210.46,INR,card_expired,True,2024-03-04 21:25:54,card,True,d2c_subscription
txn_96fc4c0a83,cust_dd6a2b4e3a,367.76,INR,insufficient_funds,False,2024-03-02 10:35:47,card,True,d2c_subscription
txn_81ebdc888c,cust_632d1a7255,330.62,INR,insufficient_funds,False,2024-03-02 18:53:00,upi,True,saas
txn_bf748e40bf,cust_d09b620e7e,656.32,INR,issuer_declined,False,2024-03-08 05:39:19,upi,True,d2c_subscription
txn_387ee3b050,cust_26d48d7e29,173.64,INR,insufficient_funds,False,2024-03-08 22:06:30,card,True,ecommerce_one_time
txn_1c5321d4ed,cust_3a9b10c115,494.26,INR,account_closed,True,2024-03-09 22:24:57,upi,True,saas
txn_21003aec94,cust_9476e662a6,528.56,INR,issuer_declined,False,2024-03-08 00:31:05,upi,True,d2c_subscription
txn_2c63d6140b,cust_25d91349a5,456.98,INR,do_not_honor,False,2024-03-02 09:26:12,card,False,ecommerce_one_time
txn_7013d139d5,cust_4231cbff6b,1497.78,INR,insufficient_funds,False,2024-03-03 06:18:37,upi,True,saas
txn_e16f23ab1e,cust_2b613635cd,5288.09,INR,issuer_declined,False,2024-03-07 00:13:25,card,True,saas
txn_a63d4c146d,cust_25de995a00,749.55,INR,account_closed,True,2024-03-11 13:08:13,card,True,d2c_subscription
txn_c465c5b9d4,cust_e1b8a4e49f,528.23,INR,do_not_honor,False,2024-03-10 05:29:08,netbanking,False,ecommerce_one_time
txn_c917e15461,cust_3a65c3a679,273.17,INR,insufficient_funds,False,2024-03-12 01:22:15,card,False,d2c_subscription
txn_8f88b09b87,cust_cf58dcc951,368.83,INR,insufficient_funds,False,2024-03-12 21:19:53,upi,False,d2c_subscription
txn_e78dbd52f0,cust_ce7e12b24f,4640.34,INR,card_stolen,True,2024-03-15 08:56:05,upi,True,saas
txn_3a3f0bb2b9,cust_31e1ce7f80,928.52,INR,account_closed,True,2024-03-04 15:58:35,netbanking,False,ecommerce_one_time
txn_5536d3bdda,cust_ce7e12b24f,318.71,INR,insufficient_funds,False,2024-03-05 03:52:14,card,False,ecommerce_one_time
txn_a17e5905a0,cust_10588e4627,1629.72,INR,do_not_honor,False,2024-03-12 23:49:34,card,True,d2c_subscription
txn_af7b8e814c,cust_2dbe5a771e,1168.1,INR,insufficient_funds,False,2024-03-05 20:58:17,card,False,ecommerce_one_time
txn_19d79ce036,cust_eec1643b01,1317.25,INR,do_not_honor,False,2024-03-13 04:25:46,upi,True,d2c_subscription
txn_58e4b13294,cust_9e676f60cf,1126.7,INR,insufficient_funds,False,2024-03-11 15:01:20,card,True,ecommerce_one_time
txn_def65b19d1,cust_a41839c128,939.63,INR,network_timeout,False,2024-03-11 21:07:43,upi,True,saas
txn_a247149a7c,cust_34c1fdef31,1400.71,INR,card_expired,True,2024-03-13 16:20:55,card,False,saas
txn_6b78d2a0e8,cust_0068a9b979,593.48,INR,insufficient_funds,False,2024-03-05 07:02:43,card,False,ecommerce_one_time
txn_ad961dcdff,cust_a7911ce6b8,271.0,INR,issuer_declined,False,2024-03-14 21:42:35,netbanking,True,d2c_subscription
txn_9f83924f5e,cust_33ea4c11f9,1256.39,INR,insufficient_funds,False,2024-03-09 19:47:47,upi,True,saas
txn_d617f8412c,cust_e60bf8fdcb,1566.71,INR,issuer_declined,False,2024-03-08 16:04:42,card,False,ecommerce_one_time
txn_bc113de5c6,cust_0f4053b23c,662.07,INR,insufficient_funds,False,2024-03-07 10:05:02,upi,True,d2c_subscription
txn_c06ce8d726,cust_fd4c0ff868,706.42,INR,insufficient_funds,False,2024-03-12 18:59:24,card,True,saas
txn_83635aca3f,cust_c46d69ef7e,679.41,INR,account_closed,True,2024-03-08 21:36:29,upi,True,saas
txn_57953673d5,cust_bbb898167b,134.02,INR,insufficient_funds,False,2024-03-04 09:25:07,card,True,d2c_subscription
txn_e58a035abe,cust_4467425139,605.41,INR,network_timeout,False,2024-03-10 06:14:03,card,False,saas
txn_462efedb4c,cust_74447c355f,4835.01,INR,insufficient_funds,False,2024-03-02 04:47:20,card,False,saas
txn_af4d7c4077,cust_8678f4cc81,3365.74,INR,do_not_honor,False,2024-03-09 11:35:16,card,True,d2c_subscription
txn_bd2dbd0d8b,cust_29b37ee190,791.3,INR,issuer_declined,False,2024-03-04 14:58:31,upi,False,ecommerce_one_time
txn_75cd282178,cust_4b1d6da473,2196.63,INR,card_expired,True,2024-03-13 21:38:43,card,True,d2c_subscription
txn_cb50ebb639,cust_fdbb86d28d,248.71,INR,insufficient_funds,False,2024-03-03 13:51:51,card,True,saas
txn_5e8175a38f,cust_4dd62229b5,296.32,INR,insufficient_funds,False,2024-03-08 18:48:34,card,True,d2c_subscription
txn_132cc46a30,cust_5a3d28ea4a,1183.26,INR,processing_error,False,2024-03-01 15:05:38,card,True,saas
txn_5029431426,cust_d8ad4d83eb,1781.03,INR,processing_error,False,2024-03-05 16:35:35,upi,True,saas
txn_ad9c18321b,cust_1fdcd88134,2719.79,INR,processing_error,False,2024-03-05 03:05:16,card,True,saas
txn_3564537505,cust_189a126936,1252.45,INR,insufficient_funds,False,2024-03-13 10:06:53,upi,True,d2c_subscription
txn_79ef33a875,cust_25ee63ebb6,257.21,INR,insufficient_funds,False,2024-03-07 13:22:46,netbanking,True,saas
txn_7282b0e50d,cust_f762f92535,2267.79,INR,network_timeout,False,2024-03-05 04:00:46,card,True,d2c_subscription
txn_800a16522d,cust_ba2e6156f6,1554.6,INR,do_not_honor,False,2024-03-04 03:50:11,upi,True,d2c_subscription
txn_ec55839a31,cust_f1566a2a39,1999.01,INR,do_not_honor,False,2024-03-10 05:32:54,card,True,ecommerce_one_time
txn_db533b4a28,cust_94d4ab9313,792.06,INR,issuer_declined,False,2024-03-07 14:32:46,card,True,d2c_subscription
txn_53ef8a8356,cust_c0990f3930,2534.57,INR,insufficient_funds,False,2024-03-13 01:44:31,card,False,ecommerce_one_time
txn_d6747658c5,cust_505f9433d0,1398.75,INR,card_expired,True,2024-03-09 10:40:30,card,True,d2c_subscription
txn_36bb81fde9,cust_a124550212,1332.14,INR,processing_error,False,2024-03-08 20:05:44,card,True,saas
txn_8c6e7a3263,cust_6f21fd00cc,129.02,INR,insufficient_funds,False,2024-03-15 01:04:42,card,True,saas
txn_542877a440,cust_2342beeb09,453.92,INR,card_expired,True,2024-03-02 16:01:15,netbanking,False,saas
txn_709557ee61,cust_9201acab85,2277.36,INR,do_not_honor,False,2024-03-06 11:57:31,card,False,saas
txn_cc08782787,cust_9476e662a6,635.97,INR,issuer_declined,False,2024-03-12 22:30:30,netbanking,True,saas
txn_596e3b024e,cust_7c9eed4d65,1036.64,INR,issuer_declined,False,2024-03-02 22:26:03,card,True,saas
txn_04ad266148,cust_3634127daa,275.43,INR,processing_error,False,2024-03-05 19:41:01,upi,True,d2c_subscription
txn_83848cbc27,cust_4e27ba769d,915.22,INR,issuer_declined,False,2024-03-05 19:06:04,card,False,d2c_subscription
txn_2cc9df81e8,cust_a1cd70f74e,2522.87,INR,do_not_honor,False,2024-03-02 10:31:58,card,True,saas
txn_f68631b94c,cust_52f961f395,2128.6,INR,processing_error,False,2024-03-09 20:12:25,card,True,d2c_subscription
txn_c4a00e6286,cust_7457adeaa5,2606.88,INR,insufficient_funds,False,2024-03-10 12:40:25,netbanking,True,saas
txn_e2d05b5c5f,cust_c56dfc09e0,629.45,INR,card_expired,True,2024-03-06 20:43:19,netbanking,True,d2c_subscription
txn_6410eaa1cf,cust_2684c3fe7d,1061.24,INR,issuer_declined,False,2024-03-03 01:27:25,card,True,d2c_subscription
txn_0fb762101b,cust_dfb839035d,157.52,INR,issuer_declined,False,2024-03-04 02:50:49,upi,True,saas
txn_5c79d4917d,cust_4731536e86,340.47,INR,processing_error,False,2024-03-04 11:41:08,upi,True,saas
txn_067daafc6e,cust_c0990f3930,598.11,INR,do_not_honor,False,2024-03-04 19:12:56,upi,False,ecommerce_one_time
txn_776a59116c,cust_4b1d6da473,423.46,INR,issuer_declined,False,2024-03-15 00:14:32,card,True,d2c_subscription
txn_50b5898578,cust_5a3d28ea4a,915.69,INR,processing_error,False,2024-03-08 14:57:51,upi,False,d2c_subscription
txn_56d6be8b82,cust_69fa4d05b5,3125.26,INR,card_expired,True,2024-03-10 12:29:05,upi,True,saas
txn_1e19690213,cust_9e66aa5f07,513.39,INR,network_timeout,False,2024-03-10 10:28:36,card,True,saas
txn_9951d6715e,cust_eae1bace0b,299.98,INR,network_timeout,False,2024-03-03 12:23:09,card,True,saas
txn_b96821e378,cust_ae632f63fb,408.5,INR,insufficient_funds,False,2024-03-09 22:39:14,card,False,ecommerce_one_time
txn_aa8395400b,cust_a5f0655b65,100.15,INR,issuer_declined,False,2024-03-03 18:49:55,netbanking,True,saas
txn_5d462a16d4,cust_46600d490f,1406.82,INR,do_not_honor,False,2024-03-02 18:56:34,card,True,saas
txn_667829a0d1,cust_7baf31816c,1180.68,INR,insufficient_funds,False,2024-03-09 03:04:32,card,True,ecommerce_one_time
txn_88198077ec,cust_6aeaa52a0b,810.25,INR,processing_error,False,2024-03-13 02:55:45,card,True,d2c_subscription
txn_75eed98af9,cust_5d8589d891,433.17,INR,issuer_declined,False,2024-03-05 17:19:42,upi,True,saas
txn_38bde440c6,cust_e1b8a4e49f,4821.43,INR,issuer_declined,False,2024-03-03 10:02:20,upi,True,d2c_subscription
txn_b2e6cde026,cust_134d222d9c,3255.81,INR,insufficient_funds,False,2024-03-09 19:33:23,card,True,d2c_subscription
txn_2fb7d93582,cust_bbb224702d,501.91,INR,issuer_declined,False,2024-03-12 18:23:05,card,False,ecommerce_one_time
txn_6eb8d04170,cust_94f7ade4a3,1626.24,INR,issuer_declined,False,2024-03-08 05:05:28,upi,True,saas
txn_6d0698c156,cust_5331bf0581,192.2,INR,do_not_honor,False,2024-03-01 18:25:16,card,False,ecommerce_one_time
txn_edd59c3250,cust_08955f6b7a,186.25,INR,do_not_honor,False,2024-03-08 06:15:50,card,True,saas
txn_1f146ec3a4,cust_2580246e0a,489.82,INR,insufficient_funds,False,2024-03-09 05:21:25,netbanking,False,ecommerce_one_time
txn_7010afe037,cust_f284c22bdf,8138.56,INR,insufficient_funds,False,2024-03-09 08:10:27,card,False,ecommerce_one_time
txn_91e4b89db2,cust_609f77bd1a,97.61,INR,network_timeout,False,2024-03-05 05:34:03,card,False,ecommerce_one_time
txn_bf61f1014e,cust_2e89d74b40,883.11,INR,insufficient_funds,False,2024-03-10 17:26:02,card,False,ecommerce_one_time
txn_c5a23cd841,cust_08955f6b7a,200.51,INR,do_not_honor,False,2024-03-05 06:55:49,upi,True,d2c_subscription
txn_6d0cd9cb86,cust_8d8ceacf17,362.28,INR,do_not_honor,False,2024-03-01 16:31:29,upi,False,saas
txn_3ca946565f,cust_a5f0655b65,1347.2,INR,do_not_honor,False,2024-03-04 16:25:47,card,True,saas
txn_5709ab2c9e,cust_32feac6637,942.34,INR,network_timeout,False,2024-03-02 11:58:24,upi,False,saas
txn_07b3656b87,cust_c56dfc09e0,1740.98,INR,do_not_honor,False,2024-03-04 10:45:47,netbanking,True,d2c_subscription
txn_53fb007592,cust_49d35faa68,794.27,INR,card_stolen,True,2024-03-03 16:31:55,upi,False,saas
txn_da0a9b32bd,cust_b65ae7dfe6,340.52,INR,network_timeout,False,2024-03-14 22:52:16,card,True,d2c_subscription
txn_4fff7deed4,cust_ce12251237,780.14,INR,insufficient_funds,False,2024-03-10 13:24:06,card,True,d2c_subscription
txn_2eee183f47,cust_634a2d6056,449.8,INR,insufficient_funds,False,2024-03-11 16:09:35,netbanking,False,ecommerce_one_time
txn_18b4178462,cust_23ab9c7226,695.62,INR,issuer_declined,False,2024-03-03 09:57:47,card,True,d2c_subscription
txn_8e15fff5e6,cust_d101da83a0,623.26,INR,issuer_declined,False,2024-03-12 06:49:04,card,False,ecommerce_one_time
txn_f7d1addc19,cust_0a16b1db39,172.41,INR,do_not_honor,False,2024-03-01 22:49:31,card,True,d2c_subscription
txn_c9e6503d83,cust_4121053ea5,976.72,INR,insufficient_funds,False,2024-03-05 17:16:22,upi,False,ecommerce_one_time
txn_ea96e7d312,cust_ec6308fdd2,1136.82,INR,insufficient_funds,False,2024-03-13 18:21:09,card,False,ecommerce_one_time
txn_1e8e0aab82,cust_f097620412,509.37,INR,issuer_declined,False,2024-03-05 22:24:20,card,True,saas
txn_513b81effe,cust_12f623a299,2610.48,INR,processing_error,False,2024-03-10 16:52:58,upi,True,saas
txn_93e7f8029e,cust_312d2a25bd,493.49,INR,processing_error,False,2024-03-11 08:11:49,card,False,ecommerce_one_time
txn_cc2d280cba,cust_0d39c90db5,2204.74,INR,card_stolen,True,2024-03-01 13:59:43,card,True,d2c_subscription
txn_306bd3ffde,cust_bca8f946f6,2288.27,INR,insufficient_funds,False,2024-03-04 09:22:12,card,True,ecommerce_one_time
txn_2253c79544,cust_8d3a9dc941,1942.44,INR,issuer_declined,False,2024-03-04 19:30:37,card,False,ecommerce_one_time
txn_8ab7577ef1,cust_4b83d351a2,256.48,INR,card_stolen,True,2024-03-11 03:17:44,netbanking,True,d2c_subscription
txn_5b5776e0db,cust_de14fffec7,764.63,INR,processing_error,False,2024-03-06 05:22:52,card,False,ecommerce_one_time
txn_2c9588ed02,cust_29ca5f7712,291.49,INR,do_not_honor,False,2024-03-10 16:46:26,netbanking,False,ecommerce_one_time
txn_54fcda454d,cust_9a359bb0b1,268.72,INR,do_not_honor,False,2024-03-07 01:23:45,card,False,ecommerce_one_time
txn_99fa090c3e,cust_92b84e163f,1686.8,INR,insufficient_funds,False,2024-03-09 21:59:11,card,True,saas
txn_e4cb8216f4,cust_bbc0afb250,867.21,INR,network_timeout,False,2024-03-06 23:11:55,card,False,saas
txn_406dbf4f67,cust_fc18fb46ee,748.65,INR,do_not_honor,False,2024-03-05 01:49:05,card,True,saas
txn_840f88f1fb,cust_c27f4ab716,1892.51,INR,do_not_honor,False,2024-03-11 02:06:44,card,True,d2c_subscription
txn_b99fd0b443,cust_c2d2c04d93,1300.14,INR,do_not_honor,False,2024-03-15 08:02:34,card,False,ecommerce_one_time
txn_c341c448f4,cust_c6fbac5484,2231.53,INR,issuer_declined,False,2024-03-14 03:28:26,netbanking,False,ecommerce_one_time
txn_a9784d2742,cust_a65fa84c79,5103.17,INR,insufficient_funds,False,2024-03-02 19:25:40,card,True,d2c_subscription
txn_513c3cadad,cust_e22e2fb41e,1397.98,INR,processing_error,False,2024-03-02 01:38:37,netbanking,True,saas
txn_c0c8f5bca2,cust_94d4ab9313,1044.52,INR,do_not_honor,False,2024-03-05 19:28:11,card,True,d2c_subscription
txn_791e653042,cust_46253caba4,814.07,INR,insufficient_funds,False,2024-03-14 00:01:55,card,False,ecommerce_one_time
txn_5f7e18e1ec,cust_1e1e92754a,734.1,INR,issuer_declined,False,2024-03-07 06:54:11,upi,True,d2c_subscription
txn_de7f4781f0,cust_4453efebb7,296.21,INR,card_expired,True,2024-03-09 10:41:47,card,True,saas
txn_3769353778,cust_299aea3756,910.78,INR,issuer_declined,False,2024-03-12 04:15:24,card,True,saas
txn_e7e2f692ff,cust_24a912e937,221.72,INR,issuer_declined,False,2024-03-10 04:33:47,card,True,d2c_subscription
txn_b8cfb8c334,cust_845816ba33,345.76,INR,do_not_honor,False,2024-03-04 12:04:04,card,True,d2c_subscription
txn_c411ceeea7,cust_7c234829f9,1136.51,INR,network_timeout,False,2024-03-01 13:13:15,upi,False,ecommerce_one_time
txn_fc7cf36e38,cust_91519d9fbc,300.89,INR,processing_error,False,2024-03-03 06:44:36,card,False,ecommerce_one_time
txn_7b0b651bff,cust_6282ee4485,3166.73,INR,network_timeout,False,2024-03-12 15:31:11,netbanking,True,saas
txn_fb1e361cad,cust_5f6ff6e155,558.7,INR,insufficient_funds,False,2024-03-08 11:28:50,card,True,saas
txn_5786f5f379,cust_f978f7050b,76.71,INR,card_expired,True,2024-03-08 02:31:39,card,True,saas
txn_0c1efa34ff,cust_044d3c3c92,3566.49,INR,card_expired,True,2024-03-11 09:44:00,card,True,saas
txn_26aa0c2865,cust_9af033d022,856.07,INR,do_not_honor,False,2024-03-09 09:49:02,card,True,d2c_subscription
txn_3623d5c1aa,cust_335254c045,280.67,INR,do_not_honor,False,2024-03-10 04:08:03,netbanking,True,saas
txn_689d8f978e,cust_f739cdc599,1074.27,INR,insufficient_funds,False,2024-03-14 12:37:13,netbanking,True,saas
txn_2672f5150c,cust_57ed0ba85a,496.99,INR,issuer_declined,False,2024-03-09 16:08:23,card,False,ecommerce_one_time
txn_f1b6831b05,cust_cbe4135972,4861.94,INR,insufficient_funds,False,2024-03-10 09:38:33,card,True,saas
txn_bf27634369,cust_b18f479106,2120.41,INR,insufficient_funds,False,2024-03-11 05:12:45,upi,False,ecommerce_one_time
txn_14fb45d915,cust_5c68a0ef84,93.38,INR,account_closed,True,2024-03-06 21:46:26,card,True,saas
txn_78f6d8f6a7,cust_c67a5d4e3b,316.16,INR,insufficient_funds,False,2024-03-05 12:42:17,card,True,saas
txn_52df4c7cd0,cust_189a126936,736.48,INR,do_not_honor,False,2024-03-14 20:13:41,card,True,saas
txn_52cd17d8c4,cust_82a7891a3f,218.93,INR,issuer_declined,False,2024-03-10 17:01:46,card,False,saas
txn_29726fed5a,cust_5ed1f1f251,1160.65,INR,issuer_declined,False,2024-03-15 01:37:46,card,True,saas
txn_7d431780f3,cust_0a16b1db39,131.29,INR,issuer_declined,False,2024-03-04 00:04:16,card,False,ecommerce_one_time
txn_e8ed924449,cust_f08bf06ab2,382.34,INR,issuer_declined,False,2024-03-02 12:27:33,netbanking,False,ecommerce_one_time
txn_ecfcdf7bd0,cust_ca9cda794b,507.56,INR,processing_error,False,2024-03-09 00:12:00,card,False,saas
txn_bd78b104ba,cust_d81e739e9e,2848.34,INR,card_stolen,True,2024-03-02 06:28:32,netbanking,False,saas
txn_a1d6346ebe,cust_bad8700600,657.11,INR,issuer_declined,False,2024-03-06 16:40:10,upi,True,saas
txn_4b169faf31,cust_eec1643b01,6227.35,INR,card_stolen,True,2024-03-03 08:00:19,card,False,ecommerce_one_time
txn_3c2f1a768f,cust_17e0be3b11,681.14,INR,processing_error,False,2024-03-02 05:29:17,card,True,saas
txn_85293199db,cust_956447e87c,205.99,INR,do_not_honor,False,2024-03-07 06:45:22,card,True,saas
txn_24cb405a17,cust_19dcd8f6c4,597.73,INR,insufficient_funds,False,2024-03-09 06:07:34,upi,False,ecommerce_one_time
txn_5d1c3d516e,cust_588edd5f2e,1530.64,INR,insufficient_funds,False,2024-03-05 02:42:17,card,False,ecommerce_one_time
txn_45669747fc,cust_28a7fe6a58,152.23,INR,network_timeout,False,2024-03-13 02:45:50,netbanking,True,d2c_subscription
txn_e3e774c3a1,cust_8d3a9dc941,3088.68,INR,do_not_honor,False,2024-03-11 08:19:19,upi,False,saas
txn_fa6f46784b,cust_af1ab4d2d9,4179.52,INR,issuer_declined,False,2024-03-07 19:13:34,upi,False,saas
txn_17098f45e3,cust_afd6cd5509,1092.83,INR,network_timeout,False,2024-03-12 16:20:55,card,True,saas
txn_fe3e0d277f,cust_44f1f9b886,2020.15,INR,issuer_declined,False,2024-03-08 13:07:02,upi,True,d2c_subscription
txn_78ccf24178,cust_baeea2cf3c,2656.64,INR,network_timeout,False,2024-03-03 12:25:30,upi,False,ecommerce_one_time
txn_c155b42417,cust_c96647335f,600.86,INR,issuer_declined,False,2024-03-04 13:03:08,upi,True,saas
txn_c47edef170,cust_abac6e55f5,877.6,INR,card_expired,True,2024-03-03 00:31:42,card,False,ecommerce_one_time
txn_a812facc11,cust_932df53c1e,2274.47,INR,insufficient_funds,False,2024-03-03 10:58:23,upi,True,d2c_subscription
txn_48693115cf,cust_80e1559027,23540.26,INR,insufficient_funds,False,2024-03-10 20:19:23,card,False,ecommerce_one_time
txn_5ef981bc9d,cust_6b5fef9fb3,691.02,INR,processing_error,False,2024-03-05 12:33:36,upi,True,saas
txn_482c8a608c,cust_3634127daa,1877.73,INR,insufficient_funds,False,2024-03-10 06:59:59,card,True,saas
txn_cd265a2ec9,cust_caf004b8f6,76.02,INR,card_expired,True,2024-03-01 21:35:29,card,False,saas
txn_6b350b7d4e,cust_1c1535c911,46.85,INR,processing_error,False,2024-03-13 00:36:35,upi,True,d2c_subscription
txn_4fed0b8000,cust_26bf705543,1126.17,INR,insufficient_funds,False,2024-03-11 17:33:03,card,True,saas
txn_87af42f26c,cust_fb971a75d8,361.34,INR,insufficient_funds,False,2024-03-02 07:37:41,upi,True,saas
txn_e044cb1833,cust_9ace8e1ce6,2352.21,INR,card_expired,True,2024-03-12 03:37:50,upi,False,ecommerce_one_time
txn_ff1b8de2c7,cust_609f77bd1a,473.38,INR,do_not_honor,False,2024-03-06 19:52:10,upi,True,d2c_subscription
txn_0c3056da7f,cust_f978f7050b,908.51,INR,network_timeout,False,2024-03-11 10:07:40,upi,True,d2c_subscription
txn_893463ecf9,cust_4121053ea5,534.37,INR,insufficient_funds,False,2024-03-11 12:24:51,card,True,d2c_subscription
txn_15f66fba7d,cust_b35bcfadc7,1441.78,INR,card_expired,True,2024-03-06 02:34:31,card,False,d2c_subscription
txn_0f189d6492,cust_8fe2648fdd,239.66,INR,do_not_honor,False,2024-03-04 08:55:36,upi,True,d2c_subscription
txn_8de4b9f196,cust_1e1e92754a,705.09,INR,processing_error,False,2024-03-12 05:51:59,card,False,saas
txn_269ebe1688,cust_b11ac9f39e,351.13,INR,issuer_declined,False,2024-03-01 17:45:14,card,True,saas
txn_feeae96513,cust_7baf31816c,595.14,INR,insufficient_funds,False,2024-03-14 06:17:31,card,False,d2c_subscription
txn_ed7e05779f,cust_8d60ef06f7,129.49,INR,card_stolen,True,2024-03-14 02:22:52,card,True,saas
txn_8604b2661c,cust_04cc7ee53a,198.49,INR,account_closed,True,2024-03-01 19:29:08,netbanking,True,d2c_subscription
txn_b3a2652f81,cust_2ccc066ff3,286.92,INR,issuer_declined,False,2024-03-14 17:22:39,card,True,d2c_subscription
txn_edebddeb38,cust_70544834c2,1962.82,INR,card_expired,True,2024-03-11 02:17:27,card,True,saas
txn_102a9a7e71,cust_6db426c83e,2483.93,INR,insufficient_funds,False,2024-03-13 19:17:34,netbanking,False,ecommerce_one_time
txn_6c4886d36e,cust_39db5f3558,2779.95,INR,insufficient_funds,False,2024-03-12 09:16:32,netbanking,True,d2c_subscription
txn_e22140082c,cust_8e0ace3935,759.67,INR,insufficient_funds,False,2024-03-14 11:08:09,card,False,d2c_subscription
txn_aafb50cb38,cust_2c3769f0c6,1136.36,INR,issuer_declined,False,2024-03-10 11:27:38,netbanking,False,ecommerce_one_time
txn_07ee620066,cust_b503c92272,1023.88,INR,insufficient_funds,False,2024-03-11 08:39:26,card,False,saas
txn_b37f880224,cust_ab6af8fcc6,1278.65,INR,issuer_declined,False,2024-03-13 06:46:09,upi,True,saas
txn_e7e0dc0647,cust_0187b7a7ed,209.43,INR,insufficient_funds,False,2024-03-05 10:31:26,card,False,saas
txn_c2cb597363,cust_6678eae6f7,281.94,INR,processing_error,False,2024-03-14 23:58:56,card,True,d2c_subscription
txn_b51bce9e5d,cust_ec1c27fa06,2504.7,INR,network_timeout,False,2024-03-08 20:38:20,card,True,saas
txn_898ebff8e4,cust_52f961f395,906.74,INR,processing_error,False,2024-03-11 05:23:29,upi,True,ecommerce_one_time
txn_6a787c2726,cust_588edd5f2e,1842.27,INR,insufficient_funds,False,2024-03-06 09:30:46,card,True,saas
txn_77b6b8a538,cust_d50e07d6e7,1589.52,INR,processing_error,False,2024-03-10 18:28:41,card,True,d2c_subscription
txn_92c4b646bf,cust_1b4a536b10,811.25,INR,insufficient_funds,False,2024-03-08 21:10:48,upi,False,d2c_subscription
txn_c0f003b3a7,cust_99cb8a6a54,2213.12,INR,processing_error,False,2024-03-04 03:29:55,card,False,saas
txn_b25caf2126,cust_5b571b4898,1782.96,INR,do_not_honor,False,2024-03-13 11:28:44,netbanking,True,d2c_subscription
txn_22a0288bab,cust_102a161570,120.79,INR,issuer_declined,False,2024-03-09 09:37:34,card,False,d2c_subscription
txn_1c84d21a7f,cust_f2bfdf2b1c,766.17,INR,insufficient_funds,False,2024-03-07 15:07:00,card,False,ecommerce_one_time
txn_343a72d046,cust_2953fd5d4f,1603.21,INR,network_timeout,False,2024-03-05 04:27:05,card,True,d2c_subscription
txn_bc7d7421a9,cust_4c0cbb0b98,379.01,INR,card_expired,True,2024-03-07 23:42:37,card,True,d2c_subscription
txn_e76f288b36,cust_2b613635cd,298.54,INR,processing_error,False,2024-03-05 04:48:03,card,True,d2c_subscription
txn_e9b0865556,cust_4731536e86,1054.33,INR,card_stolen,True,2024-03-04 08:35:19,card,True,d2c_subscription
txn_a1259555bd,cust_29b37ee190,1317.71,INR,card_expired,True,2024-03-04 10:53:56,upi,True,saas
txn_4c10e7ba15,cust_5bc1bd9c28,921.29,INR,insufficient_funds,False,2024-03-06 21:12:37,card,True,d2c_subscription
txn_c4578c0ae2,cust_9c52eece68,1040.18,INR,processing_error,False,2024-03-02 15:22:52,card,True,saas
txn_945b3e516f,cust_064f80bb8c,260.56,INR,issuer_declined,False,2024-03-15 04:22:36,upi,False,d2c_subscription
txn_afb519f833,cust_2b5bd14d7c,574.76,INR,do_not_honor,False,2024-03-08 12:27:36,card,True,saas
txn_c3789569ee,cust_848333691f,309.84,INR,insufficient_funds,False,2024-03-04 06:30:39,upi,False,ecommerce_one_time
txn_9e6c3417b8,cust_9201acab85,1677.85,INR,card_stolen,True,2024-03-14 01:04:19,netbanking,False,saas
txn_a51ea97af8,cust_39615d0288,1645.24,INR,processing_error,False,2024-03-04 01:05:10,card,True,saas
txn_120e42e78c,cust_84370e49e0,561.81,INR,insufficient_funds,False,2024-03-14 23:00:34,upi,True,saas
txn_22481fcf36,cust_b1b15f13f1,2508.91,INR,issuer_declined,False,2024-03-04 11:43:37,netbanking,True,saas
txn_dcc99201dd,cust_2d31e0daee,835.5,INR,issuer_declined,False,2024-03-12 21:11:55,card,False,saas
txn_a7e51c2268,cust_1222fef81b,203.92,INR,processing_error,False,2024-03-06 03:42:47,netbanking,True,d2c_subscription
txn_612b333c80,cust_246897ffd4,1820.05,INR,card_expired,True,2024-03-03 21:23:06,card,False,saas
txn_00cd0fa2ee,cust_31e1ce7f80,392.02,INR,issuer_declined,False,2024-03-04 02:25:43,upi,True,saas
txn_125b6df86f,cust_7bba6f6c06,2057.29,INR,issuer_declined,False,2024-03-07 11:01:07,card,True,saas
txn_24aeb03038,cust_a7911ce6b8,511.5,INR,do_not_honor,False,2024-03-02 18:46:25,card,True,saas
txn_3b523db165,cust_f5bfae49a8,687.43,INR,issuer_declined,False,2024-03-13 12:55:13,netbanking,False,ecommerce_one_time
txn_85c37478e5,cust_24162972b6,4440.53,INR,do_not_honor,False,2024-03-12 04:32:31,card,True,saas
txn_fcf30bd003,cust_1f1cce45eb,1903.33,INR,insufficient_funds,False,2024-03-13 15:26:04,netbanking,True,ecommerce_one_time
txn_e0454b6590,cust_56dc7e6d9a,448.24,INR,insufficient_funds,False,2024-03-05 10:17:01,upi,True,d2c_subscription
txn_3c195dc7e7,cust_8f4760b8c3,85.8,INR,issuer_declined,False,2024-03-03 00:27:19,netbanking,True,d2c_subscription
txn_ee91c82041,cust_92cb473a15,930.91,INR,card_expired,True,2024-03-02 11:22:44,netbanking,True,ecommerce_one_time
txn_524296a788,cust_b11ac9f39e,2278.07,INR,issuer_declined,False,2024-03-08 05:16:12,upi,True,saas
txn_c39a250395,cust_246897ffd4,1454.63,INR,insufficient_funds,False,2024-03-13 15:37:57,netbanking,True,ecommerce_one_time
txn_854f2017f4,cust_4b1d6da473,443.73,INR,processing_error,False,2024-03-13 02:14:33,upi,True,d2c_subscription
txn_162006dbb2,cust_02f695fb79,623.33,INR,card_expired,True,2024-03-06 17:33:13,card,True,saas
txn_4c0a293cea,cust_f2bfdf2b1c,618.78,INR,issuer_declined,False,2024-03-02 22:41:35,upi,False,ecommerce_one_time
txn_95448ff389,cust_baeea2cf3c,2478.55,INR,insufficient_funds,False,2024-03-01 16:02:12,card,True,saas
txn_2299c23355,cust_c6de4e197a,772.45,INR,processing_error,False,2024-03-05 09:50:09,card,True,ecommerce_one_time
txn_1bc06e1901,cust_88437fd42b,259.54,INR,issuer_declined,False,2024-03-03 04:02:29,card,False,ecommerce_one_time
txn_42ed6413b5,cust_f99950209e,823.18,INR,processing_error,False,2024-03-08 19:28:11,card,True,saas
txn_dfb7e2c86a,cust_1c1535c911,1765.9,INR,insufficient_funds,False,2024-03-12 18:06:42,card,True,saas
txn_987a89990a,cust_6ec410a8ac,1492.53,INR,insufficient_funds,False,2024-03-08 23:44:17,card,False,ecommerce_one_time
txn_c120a5708d,cust_6bba92fa49,549.44,INR,issuer_declined,False,2024-03-14 02:35:40,upi,False,saas
txn_4878086dd5,cust_b37c10af15,735.26,INR,processing_error,False,2024-03-06 01:59:21,upi,True,d2c_subscription
txn_9e4c0de1d6,cust_f978f7050b,560.12,INR,issuer_declined,False,2024-03-10 21:18:05,netbanking,False,saas
txn_cdc1658172,cust_d7f88c1c85,289.76,INR,insufficient_funds,False,2024-03-10 18:19:42,netbanking,True,saas
txn_32763ccc56,cust_4792fba58f,690.63,INR,issuer_declined,False,2024-03-15 10:59:19,netbanking,True,d2c_subscription
txn_11554feb31,cust_39db5f3558,289.58,INR,processing_error,False,2024-03-01 12:01:49,upi,True,d2c_subscription
txn_9a126013de,cust_d358871ae2,769.33,INR,insufficient_funds,False,2024-03-09 12:23:48,card,True,d2c_subscription
txn_c0ea655b65,cust_0337cfb953,597.41,INR,processing_error,False,2024-03-04 12:23:23,netbanking,True,d2c_subscription
txn_3c16baa47b,cust_f7e074cbd6,4726.76,INR,processing_error,False,2024-03-08 05:25:21,card,True,saas
txn_acd0b2ae49,cust_afb9a0bfe8,2476.67,INR,issuer_declined,False,2024-03-06 12:38:15,card,False,d2c_subscription
txn_0bd17fcbb5,cust_03e0b8bc5d,145.42,INR,card_stolen,True,2024-03-08 22:46:40,card,True,saas
txn_b9714eae7f,cust_2b7d8be0c7,228.64,INR,network_timeout,False,2024-03-05 21:00:58,upi,True,saas
txn_ad9f1187b5,cust_b6c9a0a708,365.08,INR,issuer_declined,False,2024-03-12 16:51:32,upi,True,saas
txn_d64d8af83a,cust_3c5ea7168e,1906.47,INR,insufficient_funds,False,2024-03-01 13:18:57,card,True,d2c_subscription
txn_8b058d19dc,cust_5038017d73,1478.01,INR,issuer_declined,False,2024-03-09 12:14:32,upi,True,saas
txn_bd346aac8a,cust_cce2e13141,791.95,INR,insufficient_funds,False,2024-03-15 08:22:39,card,False,saas
txn_f7186b30eb,cust_2d31e0daee,658.57,INR,do_not_honor,False,2024-03-02 03:57:21,card,True,d2c_subscription
txn_8297fc59a5,cust_4bc12a28e6,592.87,INR,card_expired,True,2024-03-15 04:19:52,card,True,saas
txn_14cd6da1f3,cust_f1dd7ac087,6655.51,INR,network_timeout,False,2024-03-08 21:18:27,card,False,ecommerce_one_time
txn_3ed9fff594,cust_a57dc78ff9,858.17,INR,issuer_declined,False,2024-03-04 12:13:51,upi,True,saas
txn_b3734352eb,cust_1228f453fa,1041.98,INR,issuer_declined,False,2024-03-10 07:31:25,card,True,saas
txn_a69ae8d515,cust_2dbe5a771e,2051.4,INR,insufficient_funds,False,2024-03-12 13:38:40,card,False,ecommerce_one_time
txn_2324d694db,cust_8d3a9dc941,394.32,INR,do_not_honor,False,2024-03-12 03:11:25,card,True,d2c_subscription
txn_422f7c0f7a,cust_cfd6030fae,536.1,INR,insufficient_funds,False,2024-03-05 21:47:03,upi,True,ecommerce_one_time
txn_559d55ce87,cust_ce58ab213c,112.78,INR,card_expired,True,2024-03-07 11:12:43,netbanking,True,d2c_subscription
txn_6583e9f45c,cust_e30b02867a,111.71,INR,network_timeout,False,2024-03-08 10:52:40,upi,True,saas
txn_7dd66285f4,cust_00e15f4a76,559.83,INR,insufficient_funds,False,2024-03-08 07:12:31,upi,True,d2c_subscription
txn_de9446a824,cust_4ec834cdd4,1168.83,INR,processing_error,False,2024-03-11 00:55:37,netbanking,False,d2c_subscription
txn_89a6dc07a8,cust_f77df130f0,670.82,INR,do_not_honor,False,2024-03-02 09:48:54,card,True,d2c_subscription
txn_a813075995,cust_e7a1193f5a,238.86,INR,network_timeout,False,2024-03-12 06:16:12,card,True,saas
txn_eb39cf4db1,cust_9a359bb0b1,8734.82,INR,issuer_declined,False,2024-03-03 18:35:12,card,False,saas
txn_b9036c12eb,cust_a2e1354a64,4736.54,INR,insufficient_funds,False,2024-03-04 15:00:49,card,True,saas
txn_27e698c445,cust_fcff00bb53,1787.04,INR,processing_error,False,2024-03-15 09:44:32,card,False,ecommerce_one_time
txn_332390c844,cust_c3b5ed25e8,886.64,INR,insufficient_funds,False,2024-03-13 02:33:01,card,True,saas
txn_01ff76a09d,cust_848333691f,440.47,INR,do_not_honor,False,2024-03-07 18:26:04,card,False,ecommerce_one_time
txn_20dbad3ff3,cust_8fb2446202,101.99,INR,insufficient_funds,False,2024-03-13 06:40:12,card,True,saas
txn_7065f5b762,cust_67eeaad87d,91.57,INR,processing_error,False,2024-03-03 13:33:15,card,True,d2c_subscription
txn_d8c5015e43,cust_5afa2d5e25,410.56,INR,network_timeout,False,2024-03-09 07:30:39,card,False,saas
txn_0be4fd8b3d,cust_39615d0288,8271.86,INR,insufficient_funds,False,2024-03-03 18:49:21,netbanking,True,d2c_subscription
txn_6f3ea5ba68,cust_61254bbb92,1537.22,INR,issuer_declined,False,2024-03-13 19:55:23,upi,False,ecommerce_one_time
txn_5351777ce0,cust_2dbe5a771e,165.36,INR,processing_error,False,2024-03-15 03:56:01,card,False,d2c_subscription
txn_3e7693098a,cust_e3395c456e,473.23,INR,insufficient_funds,False,2024-03-06 12:27:08,card,True,saas
txn_5732989acf,cust_067bcf80f0,1868.7,INR,do_not_honor,False,2024-03-04 06:30:16,card,True,d2c_subscription
txn_2710616d68,cust_c475b9b83b,1128.73,INR,processing_error,False,2024-03-01 14:41:53,card,True,saas
txn_448da67ea2,cust_63c3da41c1,671.07,INR,issuer_declined,False,2024-03-04 11:22:36,card,True,d2c_subscription
txn_0d779d6d4e,cust_eae1bace0b,764.53,INR,network_timeout,False,2024-03-05 00:42:05,card,True,d2c_subscription
txn_4400a56f72,cust_fc18fb46ee,1259.93,INR,do_not_honor,False,2024-03-14 16:31:35,netbanking,False,saas
txn_486c3e3c4d,cust_603ee4eadc,499.17,INR,do_not_honor,False,2024-03-07 01:18:47,upi,True,d2c_subscription
txn_cb5fc874b3,cust_d874bb29e6,756.57,INR,insufficient_funds,False,2024-03-05 12:13:42,upi,False,d2c_subscription
txn_8b2593b890,cust_526cf928b1,368.63,INR,insufficient_funds,False,2024-03-09 23:24:06,upi,True,saas
txn_d4a72d8e66,cust_75839729b4,258.46,INR,insufficient_funds,False,2024-03-01 12:16:34,upi,True,saas
txn_bd8d642c69,cust_79686500c8,1089.32,INR,card_expired,True,2024-03-01 16:02:08,upi,True,d2c_subscription
txn_589e377bbd,cust_5f6ff6e155,213.04,INR,network_timeout,False,2024-03-03 12:21:53,netbanking,True,ecommerce_one_time
txn_f7fee3befd,cust_bf58fa2512,394.17,INR,network_timeout,False,2024-03-03 04:20:21,upi,True,d2c_subscription
txn_3150000582,cust_e80cf72167,2456.39,INR,insufficient_funds,False,2024-03-07 13:08:33,upi,True,d2c_subscription
txn_4e3850ea02,cust_9d58d87865,185.37,INR,do_not_honor,False,2024-03-04 00:16:54,upi,False,saas
txn_af6062c55d,cust_33ddd488bb,2893.81,INR,network_timeout,False,2024-03-14 12:03:42,upi,True,saas
txn_5141cc72ae,cust_080dfe1de9,183.67,INR,processing_error,False,2024-03-12 06:43:04,card,True,saas
txn_0d58a491ee,cust_0a88dfeea0,4371.51,INR,insufficient_funds,False,2024-03-06 04:54:44,card,True,saas
txn_7820a68fdb,cust_c5c1258002,1077.7,INR,network_timeout,False,2024-03-13 18:28:37,card,True,saas
txn_329a8ca0e5,cust_a1d85f156e,136.88,INR,insufficient_funds,False,2024-03-04 02:50:42,card,True,saas
txn_cc380285ca,cust_d1f3878581,1480.84,INR,insufficient_funds,False,2024-03-13 00:12:43,card,True,d2c_subscription
txn_d6333e2970,cust_39615d0288,1194.3,INR,card_expired,True,2024-03-10 14:39:57,card,False,d2c_subscription
txn_0ca4097811,cust_9b4fc8a68b,988.98,INR,do_not_honor,False,2024-03-11 21:04:50,card,True,saas
txn_a239006f42,cust_06618c194b,191.21,INR,issuer_declined,False,2024-03-07 22:08:52,netbanking,False,d2c_subscription
txn_a3660162a8,cust_1d0e883f8a,48.5,INR,do_not_honor,False,2024-03-14 08:32:58,card,True,saas
txn_adf010fff4,cust_c5c1258002,288.69,INR,account_closed,True,2024-03-04 03:06:13,card,False,saas
txn_3a3d8cecf7,cust_d9da3d5bae,550.55,INR,insufficient_funds,False,2024-03-03 01:29:25,card,False,ecommerce_one_time
txn_29bda4e588,cust_1fdcd88134,1070.3,INR,processing_error,False,2024-03-05 00:59:25,card,True,d2c_subscription
txn_cb66bd8480,cust_be1430bb07,1827.86,INR,issuer_declined,False,2024-03-12 21:46:21,upi,False,saas
txn_616b226f5e,cust_99289f7111,1150.13,INR,insufficient_funds,False,2024-03-11 10:22:11,upi,True,saas
txn_d1c6c903c6,cust_8d912fc5c8,396.48,INR,issuer_declined,False,2024-03-12 07:51:34,card,True,d2c_subscription
txn_d4eefce4cc,cust_5f16544e2b,6673.6,INR,do_not_honor,False,2024-03-07 01:41:57,card,True,saas
txn_8a67ada435,cust_76516c21f7,191.55,INR,insufficient_funds,False,2024-03-03 01:34:44,card,False,ecommerce_one_time
txn_64b017900f,cust_7209af5872,1975.67,INR,issuer_declined,False,2024-03-03 04:35:01,upi,True,d2c_subscription
txn_0c577d4f59,cust_a9f58e31af,1351.41,INR,processing_error,False,2024-03-02 02:03:50,netbanking,True,saas
txn_591b3822a7,cust_8fb2446202,215.26,INR,do_not_honor,False,2024-03-05 20:19:03,netbanking,True,d2c_subscription
txn_247d3c0f7f,cust_bad8700600,400.36,INR,processing_error,False,2024-03-12 09:28:54,card,False,d2c_subscription
txn_3c6713ff13,cust_69081fc84d,174.38,INR,network_timeout,False,2024-03-09 22:12:58,upi,True,d2c_subscription
txn_0911639f4b,cust_73e016317c,3048.25,INR,issuer_declined,False,2024-03-11 09:09:15,upi,False,ecommerce_one_time
txn_0f8023d37c,cust_1e1e92754a,294.91,INR,issuer_declined,False,2024-03-14 14:37:37,netbanking,False,ecommerce_one_time
txn_94bdebbb18,cust_12f345a3b8,3377.86,INR,do_not_honor,False,2024-03-04 07:09:56,card,True,saas
txn_20870aea23,cust_dee5d70f02,197.51,INR,do_not_honor,False,2024-03-07 09:45:56,card,False,saas
txn_13b3814683,cust_d98589cf8a,5646.08,INR,insufficient_funds,False,2024-03-01 21:59:29,card,True,saas
txn_8baef56a23,cust_2d34242e61,592.88,INR,issuer_declined,False,2024-03-03 17:20:28,card,True,d2c_subscription
txn_702b39e806,cust_34c1fdef31,915.78,INR,insufficient_funds,False,2024-03-06 09:42:32,upi,False,d2c_subscription
txn_e734bd941f,cust_39db5f3558,1298.96,INR,issuer_declined,False,2024-03-14 21:18:39,card,True,saas
txn_61e232a133,cust_a6e5b76727,445.9,INR,card_stolen,True,2024-03-09 07:17:30,card,False,ecommerce_one_time
txn_1d44a24a44,cust_86267708a7,1920.75,INR,do_not_honor,False,2024-03-08 20:26:11,netbanking,True,saas
txn_97bbc24dba,cust_8a3d242b97,463.86,INR,issuer_declined,False,2024-03-06 01:20:29,card,False,ecommerce_one_time
txn_9b0cf28384,cust_7c9eed4d65,5278.05,INR,do_not_honor,False,2024-03-07 13:29:10,netbanking,False,ecommerce_one_time
txn_a6acf3762d,cust_3a7f33da15,1146.59,INR,processing_error,False,2024-03-04 13:49:30,upi,True,saas
txn_9ecf852bbc,cust_c632a2b4ea,146.5,INR,issuer_declined,False,2024-03-15 04:35:20,netbanking,True,saas
txn_e2b4c2b24a,cust_7c9eed4d65,109.06,INR,issuer_declined,False,2024-03-13 22:08:52,upi,True,saas
txn_de5e47500b,cust_c56dfc09e0,613.12,INR,processing_error,False,2024-03-02 03:53:43,card,True,ecommerce_one_time
txn_c18617c776,cust_0baea7d55b,688.87,INR,insufficient_funds,False,2024-03-09 09:44:24,card,True,saas
txn_30e0566e96,cust_cedbeb64bf,58.0,INR,do_not_honor,False,2024-03-03 23:34:32,netbanking,False,ecommerce_one_time
txn_3fe1c7c433,cust_133535cc20,6899.5,INR,do_not_honor,False,2024-03-03 11:56:48,card,True,d2c_subscription
txn_23de72734d,cust_fd4c0ff868,440.33,INR,processing_error,False,2024-03-13 19:28:41,card,True,d2c_subscription
txn_58cc11f8d0,cust_9a5f12bd0c,345.6,INR,account_closed,True,2024-03-05 14:58:39,upi,False,ecommerce_one_time
txn_fdda86617c,cust_064526623b,629.65,INR,network_timeout,False,2024-03-13 01:34:36,card,True,d2c_subscription
txn_c1b0e31e0d,cust_f638108506,2316.86,INR,do_not_honor,False,2024-03-13 08:19:55,card,True,d2c_subscription
txn_239e915293,cust_c60ee296fa,543.04,INR,insufficient_funds,False,2024-03-12 01:55:10,card,False,d2c_subscription
txn_7d6eb3069b,cust_cce2e13141,1221.86,INR,do_not_honor,False,2024-03-04 22:14:55,card,True,saas
txn_7701f6cfb9,cust_518b519ad5,696.35,INR,network_timeout,False,2024-03-14 04:42:05,upi,False,saas
txn_60c925083a,cust_3c3d156b27,142.56,INR,card_expired,True,2024-03-06 03:44:24,card,True,saas
txn_3b43115587,cust_0e77c21f77,302.0,INR,network_timeout,False,2024-03-10 03:53:15,card,True,d2c_subscription
txn_e298077a53,cust_bbb898167b,2179.18,INR,insufficient_funds,False,2024-03-11 19:04:41,card,True,saas
txn_7f79fb4524,cust_caf004b8f6,5650.34,INR,processing_error,False,2024-03-12 03:24:00,upi,True,d2c_subscription
txn_5921962d22,cust_e6ae61fccd,179.68,INR,network_timeout,False,2024-03-10 16:24:55,card,True,saas
txn_c4ce2acb16,cust_a65fa84c79,986.68,INR,processing_error,False,2024-03-10 14:42:08,card,False,d2c_subscription
txn_b976c5b8b2,cust_932cccd89e,1207.06,INR,processing_error,False,2024-03-11 02:21:34,upi,False,ecommerce_one_time
txn_6df77c662b,cust_10588e4627,3492.73,INR,do_not_honor,False,2024-03-08 05:52:44,card,True,d2c_subscription
txn_47395dd203,cust_05a2eb14a0,2338.12,INR,processing_error,False,2024-03-01 14:16:07,upi,False,ecommerce_one_time
txn_8e931f21c4,cust_09c983f9ed,68.0,INR,issuer_declined,False,2024-03-09 04:17:14,card,True,saas
txn_26e058f80f,cust_5863e03a8b,1619.81,INR,insufficient_funds,False,2024-03-12 22:16:11,card,True,saas
txn_2d6f50c504,cust_4c1eac0ccc,5768.35,INR,network_timeout,False,2024-03-06 22:29:21,card,True,d2c_subscription
txn_ad8deb0911,cust_80e1559027,2361.44,INR,card_expired,True,2024-03-03 21:19:00,netbanking,True,saas
txn_aea538df06,cust_133535cc20,1241.19,INR,network_timeout,False,2024-03-07 02:30:29,card,True,d2c_subscription
txn_66194c9c58,cust_2ccc9b0c1b,1495.42,INR,issuer_declined,False,2024-03-08 01:42:24,card,False,ecommerce_one_time
txn_5500250414,cust_85d91d5af2,2051.87,INR,insufficient_funds,False,2024-03-06 03:12:33,card,True,saas
txn_571aec4ad8,cust_25ee63ebb6,961.59,INR,issuer_declined,False,2024-03-03 04:08:41,card,True,ecommerce_one_time
txn_08e4c5f4ea,cust_3c3e6522c6,1268.82,INR,network_timeout,False,2024-03-14 10:16:36,upi,True,saas
txn_46f92d1582,cust_e7a1193f5a,1558.11,INR,processing_error,False,2024-03-01 18:05:41,netbanking,True,d2c_subscription
txn_3526a3e6c2,cust_2d31e0daee,277.85,INR,card_stolen,True,2024-03-02 23:53:12,card,True,saas
txn_9799061b32,cust_0cb85ac574,99.69,INR,issuer_declined,False,2024-03-02 01:04:34,card,False,d2c_subscription
txn_e3b89b664d,cust_91c93b3619,4569.75,INR,do_not_honor,False,2024-03-08 12:34:55,card,True,saas
txn_031e25abf1,cust_0ca182a1b6,2083.88,INR,network_timeout,False,2024-03-03 12:58:16,netbanking,True,ecommerce_one_time
txn_6896d659ad,cust_560afec802,613.91,INR,insufficient_funds,False,2024-03-14 08:30:35,card,True,ecommerce_one_time
txn_fd5a9f77a7,cust_a6329270db,3912.8,INR,card_stolen,True,2024-03-09 17:02:24,card,True,d2c_subscription
txn_cb51e7fc24,cust_2e89d74b40,243.79,INR,do_not_honor,False,2024-03-03 04:28:04,netbanking,True,d2c_subscription
txn_7068e1af50,cust_9859ad8a52,514.61,INR,insufficient_funds,False,2024-03-11 16:51:10,netbanking,True,d2c_subscription
txn_ed5ae0394d,cust_3a3bafc95e,3055.54,INR,insufficient_funds,False,2024-03-04 19:26:36,card,True,d2c_subscription
txn_0d9a58d6e4,cust_8e0ec567a4,577.0,INR,network_timeout,False,2024-03-11 00:38:56,card,False,d2c_subscription
txn_e778a80bda,cust_cab6d0d54f,1763.93,INR,processing_error,False,2024-03-07 06:02:43,upi,True,d2c_subscription
txn_dae74ad09b,cust_4c0cbb0b98,1338.73,INR,processing_error,False,2024-03-06 08:32:45,upi,False,ecommerce_one_time
txn_96ec326049,cust_c3f928ab01,199.6,INR,network_timeout,False,2024-03-03 05:01:20,card,True,d2c_subscription
txn_4af4220147,cust_39db5f3558,2100.33,INR,issuer_declined,False,2024-03-10 17:08:06,card,True,saas
txn_59a4f9a23d,cust_3c94a86a6a,1749.19,INR,network_timeout,False,2024-03-04 11:24:01,card,False,ecommerce_one_time
txn_5a3d8a8697,cust_a1c0839636,877.87,INR,card_expired,True,2024-03-09 09:52:39,card,True,saas
txn_619f69ee82,cust_5928173912,86.71,INR,insufficient_funds,False,2024-03-09 23:49:45,card,True,saas
txn_19dbd04ac9,cust_63c3da41c1,1240.27,INR,processing_error,False,2024-03-14 09:12:31,upi,False,ecommerce_one_time
txn_4908f9a08f,cust_27709d7f16,2016.9,INR,issuer_declined,False,2024-03-14 10:21:14,card,True,saas
txn_d6906cab66,cust_8e2b15aa73,801.12,INR,issuer_declined,False,2024-03-04 16:56:25,card,False,saas
txn_1711a42180,cust_5f0e710ee0,5163.72,INR,issuer_declined,False,2024-03-14 00:51:06,netbanking,True,d2c_subscription
txn_ed5b92c1a5,cust_7e106cee29,2838.71,INR,network_timeout,False,2024-03-13 22:32:47,card,True,ecommerce_one_time
txn_ed57b96ced,cust_103f9d1fae,6590.72,INR,insufficient_funds,False,2024-03-12 21:42:54,card,True,saas
txn_c1585b07e8,cust_29ca5f7712,400.67,INR,issuer_declined,False,2024-03-10 18:45:33,netbanking,True,d2c_subscription
txn_813bee69e4,cust_80b0a82a23,57.16,INR,processing_error,False,2024-03-13 05:19:01,card,True,saas
txn_b4630279c5,cust_07fcbb9e6a,673.0,INR,insufficient_funds,False,2024-03-07 05:36:52,netbanking,True,d2c_subscription
txn_d60c91f339,cust_7f7c499178,306.29,INR,network_timeout,False,2024-03-03 23:46:49,card,True,saas
txn_4584ff2326,cust_8fe2648fdd,168.68,INR,card_expired,True,2024-03-08 01:31:31,card,True,saas
txn_a76af4c502,cust_6a991255c7,722.79,INR,insufficient_funds,False,2024-03-06 04:31:37,upi,True,ecommerce_one_time
txn_7c3663f350,cust_4384d7c9f5,4149.91,INR,insufficient_funds,False,2024-03-02 23:54:30,card,True,d2c_subscription
txn_4fd9ba875f,cust_dfcd0376ac,327.09,INR,card_stolen,True,2024-03-02 23:26:34,card,False,ecommerce_one_time
txn_a872d8b759,cust_32a26d2ab9,2599.77,INR,insufficient_funds,False,2024-03-06 06:40:51,card,False,ecommerce_one_time
txn_c46b8bb81a,cust_97b7d9ddd5,151.01,INR,insufficient_funds,False,2024-03-14 13:05:22,upi,False,ecommerce_one_time
txn_5cf5a5b9b0,cust_23b2ced574,1607.62,INR,card_stolen,True,2024-03-04 10:52:52,card,True,d2c_subscription
txn_583a4f1c6c,cust_c7f17803e6,1772.06,INR,network_timeout,False,2024-03-04 21:26:31,upi,True,saas
txn_419b70b3d0,cust_69ac884a82,638.65,INR,processing_error,False,2024-03-11 06:02:32,upi,True,ecommerce_one_time
txn_e9501c14a0,cust_4384d7c9f5,78.48,INR,do_not_honor,False,2024-03-13 05:28:17,card,False,d2c_subscription
txn_ee42a71c86,cust_f0af68e2d4,254.16,INR,card_expired,True,2024-03-13 15:33:42,card,True,saas
txn_31d3aba85a,cust_cab6d0d54f,825.03,INR,processing_error,False,2024-03-11 15:09:36,card,False,saas
txn_0261735252,cust_c27f4ab716,11648.98,INR,processing_error,False,2024-03-05 02:14:29,upi,True,saas
txn_fb6ce4643b,cust_9dcf2cffc0,488.87,INR,network_timeout,False,2024-03-02 06:09:06,card,True,d2c_subscription
txn_14095794a7,cust_b5fbccca6b,1071.66,INR,processing_error,False,2024-03-13 08:23:51,upi,False,ecommerce_one_time
txn_fc6e0d91da,cust_b83f4b7cab,285.22,INR,do_not_honor,False,2024-03-09 16:36:26,card,False,d2c_subscription
txn_93b6548df3,cust_e26dfac9a2,678.32,INR,issuer_declined,False,2024-03-03 19:43:13,card,True,saas
txn_de309cb0bf,cust_5b571b4898,337.31,INR,do_not_honor,False,2024-03-14 07:08:46,upi,False,saas
txn_0f7e5dc33a,cust_a65fa84c79,224.38,INR,do_not_honor,False,2024-03-02 07:08:47,card,False,ecommerce_one_time
txn_35760b1d47,cust_845816ba33,1199.93,INR,issuer_declined,False,2024-03-15 05:52:55,card,True,d2c_subscription
txn_7c2ebbcab9,cust_00f80789cd,1317.09,INR,issuer_declined,False,2024-03-11 12:56:11,upi,True,d2c_subscription
txn_609239eae4,cust_09304a5971,455.02,INR,network_timeout,False,2024-03-15 01:05:17,upi,False,ecommerce_one_time
txn_48464f33ec,cust_138677055e,4413.7,INR,issuer_declined,False,2024-03-04 20:18:09,card,False,ecommerce_one_time
txn_6865943759,cust_72f047d5a3,545.53,INR,insufficient_funds,False,2024-03-09 12:31:31,card,False,d2c_subscription
txn_d84a352400,cust_46c6dd4b0f,380.76,INR,issuer_declined,False,2024-03-09 09:03:16,card,True,d2c_subscription
txn_a94e67e759,cust_6282ee4485,21279.35,INR,insufficient_funds,False,2024-03-07 20:20:48,upi,True,saas
txn_f08fd481ec,cust_4b1d6da473,742.47,INR,network_timeout,False,2024-03-11 07:32:13,card,True,ecommerce_one_time
txn_bbd9c2d11d,cust_3db5419d1e,427.11,INR,issuer_declined,False,2024-03-04 21:38:27,upi,True,d2c_subscription
txn_608f194465,cust_5c03ad418b,98.58,INR,issuer_declined,False,2024-03-09 11:08:10,upi,True,d2c_subscription
txn_b5448cc92d,cust_8139c445fe,6761.48,INR,network_timeout,False,2024-03-04 08:33:30,netbanking,False,saas
txn_457c0f2d1c,cust_27709d7f16,1229.3,INR,insufficient_funds,False,2024-03-06 10:41:11,card,True,d2c_subscription
txn_0c2d5c243b,cust_4e27ba769d,801.43,INR,insufficient_funds,False,2024-03-06 01:13:01,card,False,saas
txn_69a1b8fb9b,cust_8139c445fe,4718.47,INR,network_timeout,False,2024-03-01 16:00:33,card,False,d2c_subscription
txn_66a75c77e8,cust_775efc16d2,2322.24,INR,do_not_honor,False,2024-03-08 09:47:56,card,True,d2c_subscription
txn_52ac1e28bb,cust_e700a18bc1,400.03,INR,processing_error,False,2024-03-11 07:11:08,card,False,ecommerce_one_time
txn_7bfeea821a,cust_c2e5b10a6d,3174.05,INR,network_timeout,False,2024-03-05 07:25:07,netbanking,True,saas
txn_07be52bd9a,cust_ccc01d96e3,1908.77,INR,card_expired,True,2024-03-05 14:48:12,card,False,ecommerce_one_time
txn_594a19a9d4,cust_1856bb1307,970.81,INR,insufficient_funds,False,2024-03-08 17:33:27,card,True,saas
txn_78af7ceea7,cust_4e2373543a,3473.24,INR,network_timeout,False,2024-03-10 19:29:02,card,True,d2c_subscription
txn_281746ef0a,cust_9ef31e8cf5,1915.26,INR,processing_error,False,2024-03-02 11:25:19,netbanking,True,saas
txn_3fe529c9aa,cust_97d95a6bea,380.11,INR,insufficient_funds,False,2024-03-11 23:31:54,card,False,saas
txn_6ad19b0d13,cust_aa71e5c132,2494.27,INR,card_expired,True,2024-03-14 09:30:18,upi,False,ecommerce_one_time
txn_acb79ce4b3,cust_2cb21b4bd4,1586.66,INR,issuer_declined,False,2024-03-06 15:42:04,upi,True,saas
txn_592217c5d4,cust_845816ba33,858.84,INR,network_timeout,False,2024-03-14 08:40:57,card,False,ecommerce_one_time
txn_34624e51dd,cust_947b18f766,4341.83,INR,do_not_honor,False,2024-03-04 20:12:26,upi,True,saas
txn_b365b75836,cust_de45ce6e64,6545.78,INR,do_not_honor,False,2024-03-03 17:01:24,card,True,d2c_subscription
txn_2238c88aa5,cust_bbb224702d,203.58,INR,insufficient_funds,False,2024-03-05 10:57:30,card,True,saas
txn_37f1e1454c,cust_a1d852b436,1351.79,INR,card_expired,True,2024-03-12 04:39:24,card,True,d2c_subscription
txn_fb7a8374f4,cust_9af033d022,1623.87,INR,do_not_honor,False,2024-03-02 07:17:29,card,False,ecommerce_one_time
txn_3ab6d8266f,cust_8fe2648fdd,799.42,INR,insufficient_funds,False,2024-03-14 06:14:28,upi,True,d2c_subscription
txn_159e18e595,cust_ce7e12b24f,730.9,INR,insufficient_funds,False,2024-03-13 23:55:27,upi,True,saas
txn_181e87d003,cust_4453efebb7,719.63,INR,processing_error,False,2024-03-11 05:49:35,card,False,ecommerce_one_time
txn_10c4febb96,cust_156ceb881a,274.52,INR,insufficient_funds,False,2024-03-07 22:20:14,upi,True,d2c_subscription
txn_b460da8b89,cust_1b4a536b10,1305.84,INR,do_not_honor,False,2024-03-05 13:20:16,card,True,saas
txn_a9289710a7,cust_d101da83a0,793.74,INR,processing_error,False,2024-03-11 10:16:36,card,False,d2c_subscription
txn_e4b21a8926,cust_b9af09dc9c,801.79,INR,insufficient_funds,False,2024-03-02 16:23:17,upi,True,d2c_subscription
txn_62249161c1,cust_e94856e331,435.41,INR,do_not_honor,False,2024-03-04 01:30:09,card,False,ecommerce_one_time
txn_bc520d5e13,cust_f6a1f9efdd,315.19,INR,insufficient_funds,False,2024-03-12 06:27:20,upi,True,saas
txn_6a63cbe617,cust_c56dfc09e0,1376.46,INR,card_expired,True,2024-03-14 15:09:33,card,True,d2c_subscription
txn_e1035c1b69,cust_5acb2d8275,505.3,INR,network_timeout,False,2024-03-05 16:10:57,upi,False,ecommerce_one_time
txn_40fca76ce0,cust_dfb839035d,10276.37,INR,issuer_declined,False,2024-03-13 00:55:49,card,False,d2c_subscription
txn_03d970e3cc,cust_d96871f559,636.95,INR,do_not_honor,False,2024-03-11 13:18:33,card,True,d2c_subscription
txn_3005edafff,cust_58ff0700e8,949.51,INR,do_not_honor,False,2024-03-04 16:35:55,upi,False,ecommerce_one_time
txn_0039769f24,cust_d358871ae2,443.24,INR,card_stolen,True,2024-03-12 20:27:08,card,True,saas
txn_6ed2b7163f,cust_5a3d28ea4a,1952.06,INR,issuer_declined,False,2024-03-10 12:50:26,card,True,saas
txn_3fcf5362cc,cust_a362fbad92,462.02,INR,do_not_honor,False,2024-03-02 12:23:34,netbanking,True,ecommerce_one_time
txn_dfef39f0d5,cust_13a8fa0f56,1569.79,INR,card_expired,True,2024-03-05 22:54:55,card,True,d2c_subscription
txn_55eab73883,cust_fc2526c8f7,1118.02,INR,insufficient_funds,False,2024-03-06 19:40:24,card,True,ecommerce_one_time
txn_183694b244,cust_26bf705543,505.93,INR,do_not_honor,False,2024-03-01 12:30:08,card,True,d2c_subscription
txn_9cd4ad4659,cust_3c3e6522c6,3758.41,INR,insufficient_funds,False,2024-03-04 17:06:09,upi,True,saas
txn_9cf2d9427b,cust_0057f8a858,10008.88,INR,do_not_honor,False,2024-03-09 01:29:27,upi,True,saas
txn_fc9e38b567,cust_5a0d857766,460.95,INR,issuer_declined,False,2024-03-06 04:43:17,netbanking,True,saas
txn_3e9f7fc36b,cust_f04c1dfe86,1027.49,INR,card_stolen,True,2024-03-08 00:55:03,card,False,ecommerce_one_time
txn_6b4af80275,cust_c5bc19071c,2638.2,INR,issuer_declined,False,2024-03-10 09:51:40,card,True,saas
txn_100c60c5c9,cust_296d843199,1034.91,INR,insufficient_funds,False,2024-03-01 20:17:24,card,False,d2c_subscription
txn_ffaa019257,cust_5bc1bd9c28,1414.8,INR,network_timeout,False,2024-03-07 04:38:26,card,True,d2c_subscription
txn_d3c741ed02,cust_0baea7d55b,562.69,INR,network_timeout,False,2024-03-05 01:12:43,upi,False,saas
txn_127d53c084,cust_13a8fa0f56,790.66,INR,processing_error,False,2024-03-09 18:14:31,card,True,saas
txn_9d4c75f87c,cust_5331bf0581,10382.62,INR,processing_error,False,2024-03-12 17:53:23,upi,True,d2c_subscription
txn_352d0f79dd,cust_f762f92535,1079.65,INR,insufficient_funds,False,2024-03-13 18:50:59,upi,True,saas
txn_9f7b874835,cust_cb18c1661c,1455.5,INR,processing_error,False,2024-03-04 05:45:19,upi,False,ecommerce_one_time
txn_45ed9637f8,cust_08955f6b7a,134.03,INR,insufficient_funds,False,2024-03-08 04:54:35,card,False,ecommerce_one_time
txn_6beb66800d,cust_246cf9b521,146.4,INR,insufficient_funds,False,2024-03-08 06:40:18,card,True,saas
txn_cfe9347bc8,cust_ec6308fdd2,322.94,INR,card_expired,True,2024-03-13 19:18:21,netbanking,False,ecommerce_one_time
txn_b9cb8fc31c,cust_8f92f6b08d,918.0,INR,processing_error,False,2024-03-04 11:26:38,upi,False,saas
txn_b5d0ed0d1b,cust_6f182c5551,124.41,INR,insufficient_funds,False,2024-03-11 19:25:35,card,True,saas
txn_ccaa991985,cust_1aad49e94d,447.22,INR,insufficient_funds,False,2024-03-07 02:53:11,upi,True,saas
txn_335b30feab,cust_189a126936,668.9,INR,card_expired,True,2024-03-10 14:17:42,netbanking,True,ecommerce_one_time
txn_b1a8feb606,cust_9a6e893e15,445.42,INR,insufficient_funds,False,2024-03-12 07:37:00,card,False,d2c_subscription
txn_8e43fed327,cust_f5ce731952,355.46,INR,insufficient_funds,False,2024-03-13 05:09:26,netbanking,True,saas
txn_982014a2dc,cust_848333691f,381.21,INR,insufficient_funds,False,2024-03-04 02:20:54,card,False,d2c_subscription
txn_c9674d12f9,cust_2f94137b36,368.77,INR,insufficient_funds,False,2024-03-14 04:04:54,netbanking,True,d2c_subscription
txn_ff9f3cd1f5,cust_8e2b15aa73,259.77,INR,issuer_declined,False,2024-03-15 11:19:09,card,True,d2c_subscription
txn_302a1170c3,cust_eae1bace0b,641.59,INR,card_stolen,True,2024-03-11 04:58:10,card,False,d2c_subscription
txn_56c65c9a7f,cust_f944cf24db,5739.06,INR,issuer_declined,False,2024-03-03 01:37:19,card,False,ecommerce_one_time
txn_3c27873a94,cust_5580e8d228,302.04,INR,do_not_honor,False,2024-03-05 16:06:22,upi,True,d2c_subscription
txn_0ddaf33a98,cust_17527de511,273.49,INR,processing_error,False,2024-03-04 00:56:51,netbanking,True,saas
txn_a7d6cc3b49,cust_0ca182a1b6,596.58,INR,do_not_honor,False,2024-03-12 15:15:19,card,False,ecommerce_one_time
txn_d647f4224b,cust_b5fbccca6b,446.31,INR,processing_error,False,2024-03-01 22:01:59,card,True,saas
txn_9d268ff128,cust_19eac84e5f,529.25,INR,processing_error,False,2024-03-13 20:28:00,card,True,d2c_subscription
txn_1b37e250e5,cust_5ba67e50b4,1746.23,INR,do_not_honor,False,2024-03-15 00:03:34,card,True,d2c_subscription
txn_0d56804878,cust_4276252b27,2606.12,INR,processing_error,False,2024-03-08 19:41:47,upi,False,saas
txn_e533b11849,cust_1f784b2fff,1224.19,INR,network_timeout,False,2024-03-09 08:57:18,card,True,saas
txn_1266d0b40f,cust_f638108506,99.59,INR,processing_error,False,2024-03-11 10:10:59,netbanking,True,d2c_subscription
txn_73487023f1,cust_46253caba4,1518.8,INR,network_timeout,False,2024-03-13 03:10:19,netbanking,False,ecommerce_one_time
txn_f32d1392f9,cust_b9b95a7cfe,433.4,INR,insufficient_funds,False,2024-03-11 00:04:38,card,False,ecommerce_one_time
txn_5d795b31ad,cust_fa2ee49590,926.37,INR,processing_error,False,2024-03-10 06:20:23,card,True,d2c_subscription
txn_9e7b620c52,cust_ce7e12b24f,759.45,INR,processing_error,False,2024-03-07 01:56:11,netbanking,True,saas
txn_e82806502c,cust_bbc0afb250,203.43,INR,issuer_declined,False,2024-03-10 11:06:37,netbanking,True,saas
txn_04b0f7e7cb,cust_e5274da2ce,1167.94,INR,network_timeout,False,2024-03-12 01:54:21,upi,False,ecommerce_one_time
txn_1633dd207a,cust_71cbac631b,2089.55,INR,issuer_declined,False,2024-03-07 03:13:11,card,True,d2c_subscription
txn_a7b58097c3,cust_223a6a5a4d,326.71,INR,insufficient_funds,False,2024-03-07 08:14:58,card,False,d2c_subscription
txn_90ce339783,cust_781b4413d3,3672.18,INR,network_timeout,False,2024-03-09 09:01:25,upi,True,saas
txn_3a727a3605,cust_cfc398913d,5062.47,INR,insufficient_funds,False,2024-03-13 23:01:41,card,True,saas
txn_8ea3a6a93d,cust_c4fd780d1d,2498.3,INR,issuer_declined,False,2024-03-01 23:34:03,upi,False,d2c_subscription
txn_b0fe6e1406,cust_5f1485efa5,825.71,INR,issuer_declined,False,2024-03-08 05:23:34,upi,True,d2c_subscription
txn_1a3efb33a1,cust_d9931898cf,665.24,INR,network_timeout,False,2024-03-11 14:40:05,card,True,d2c_subscription
txn_bd44ad48e3,cust_a3144feb9e,3781.0,INR,issuer_declined,False,2024-03-05 08:07:59,card,True,saas
txn_8f35e6755e,cust_2b7d8be0c7,670.51,INR,processing_error,False,2024-03-09 15:18:00,card,True,ecommerce_one_time
txn_3094bca5c3,cust_a1c0839636,517.31,INR,network_timeout,False,2024-03-13 04:50:02,netbanking,True,d2c_subscription
txn_f683b2e55b,cust_2ccc9b0c1b,3684.86,INR,do_not_honor,False,2024-03-05 16:34:48,card,False,ecommerce_one_time
txn_36ad12cf2c,cust_bf58fa2512,636.44,INR,card_expired,True,2024-03-14 04:51:11,card,False,d2c_subscription
txn_be12eb0238,cust_aff4fc8467,773.18,INR,network_timeout,False,2024-03-11 15:04:54,netbanking,True,d2c_subscription
txn_0936b37951,cust_9ef31e8cf5,614.38,INR,issuer_declined,False,2024-03-06 05:19:59,upi,True,d2c_subscription
txn_ae0576b426,cust_bfe530159d,650.14,INR,card_stolen,True,2024-03-05 08:47:59,card,True,d2c_subscription
txn_5e5363cd98,cust_04cc7ee53a,2216.42,INR,do_not_honor,False,2024-03-01 14:56:57,upi,False,d2c_subscription
txn_58dbe1bd6d,cust_5863e03a8b,161.64,INR,insufficient_funds,False,2024-03-05 13:52:22,card,True,d2c_subscription
txn_c9abd87f5a,cust_12f345a3b8,235.69,INR,insufficient_funds,False,2024-03-12 06:08:13,netbanking,True,saas
txn_ab3d197295,cust_1ec701ae9e,5619.97,INR,do_not_honor,False,2024-03-05 12:41:17,netbanking,False,ecommerce_one_time
txn_13aeed8e8d,cust_e29765fdce,1371.45,INR,insufficient_funds,False,2024-03-04 23:28:49,card,True,saas
txn_8aca711fa0,cust_fa770f1ff8,158.25,INR,do_not_honor,False,2024-03-06 01:10:28,card,True,saas
txn_7bc26e59c6,cust_f638108506,438.74,INR,issuer_declined,False,2024-03-05 01:18:20,card,False,ecommerce_one_time
txn_fdeaf251d9,cust_a2e1354a64,619.18,INR,do_not_honor,False,2024-03-04 01:20:00,upi,True,saas
txn_9801b5ceb2,cust_e52eeedd70,1737.96,INR,insufficient_funds,False,2024-03-07 13:05:04,upi,False,ecommerce_one_time
txn_158537dee3,cust_df0c4b4dff,2201.4,INR,network_timeout,False,2024-03-01 13:42:11,card,True,d2c_subscription
txn_e2994ade49,cust_6c5398a911,13176.55,INR,issuer_declined,False,2024-03-06 11:28:48,netbanking,True,saas
txn_434363ec12,cust_b41d0c2a19,279.33,INR,insufficient_funds,False,2024-03-14 17:24:26,card,True,saas
txn_1c08bbf23c,cust_f9be23bf5d,620.27,INR,issuer_declined,False,2024-03-13 02:01:47,upi,True,saas
txn_3c98d6f6a0,cust_2b6b4cd71c,825.55,INR,do_not_honor,False,2024-03-08 12:57:32,upi,True,saas
txn_a707028891,cust_5afa2d5e25,1072.46,INR,processing_error,False,2024-03-09 09:42:57,card,True,saas
txn_67c233adae,cust_f6632cce44,3664.5,INR,do_not_honor,False,2024-03-04 02:48:18,card,True,saas
txn_ab723247df,cust_763ae91e8c,403.92,INR,insufficient_funds,False,2024-03-06 02:01:16,upi,True,saas
txn_b969c45f9d,cust_3b5f80c233,1441.69,INR,network_timeout,False,2024-03-15 11:59:03,upi,True,d2c_subscription
txn_a28d917a34,cust_1ce8b1dccc,286.6,INR,issuer_declined,False,2024-03-09 02:53:31,card,True,saas
txn_eb2d50c9e4,cust_826d36d52a,1371.52,INR,insufficient_funds,False,2024-03-07 20:49:43,upi,False,saas
txn_a7f6f0d40f,cust_eae1bace0b,1009.73,INR,processing_error,False,2024-03-01 18:27:32,card,True,saas
txn_6089ddb122,cust_2342beeb09,2545.09,INR,processing_error,False,2024-03-06 06:18:29,card,True,saas
txn_32ea2b0dc6,cust_d482901e28,1369.46,INR,processing_error,False,2024-03-12 23:23:36,upi,True,saas
txn_f6ec861e32,cust_8fe2648fdd,1138.07,INR,issuer_declined,False,2024-03-12 19:34:29,card,False,saas
txn_893381efce,cust_a362fbad92,683.46,INR,issuer_declined,False,2024-03-11 01:49:52,upi,True,saas
txn_7573e58249,cust_7f7defd2f4,259.18,INR,do_not_honor,False,2024-03-09 21:19:28,upi,False,ecommerce_one_time
txn_92e0626ca3,cust_b35bcfadc7,5287.31,INR,insufficient_funds,False,2024-03-13 23:29:41,card,True,saas
txn_6c4ecb779d,cust_485a67359b,314.1,INR,issuer_declined,False,2024-03-04 10:44:40,card,True,saas
txn_51bf917f46,cust_b869f1225e,510.21,INR,account_closed,True,2024-03-14 13:13:55,card,True,d2c_subscription
txn_8677acdee4,cust_78705dcdc5,2379.14,INR,processing_error,False,2024-03-14 13:35:41,card,True,d2c_subscription
txn_cd8900a06e,cust_6ec55b7410,2418.46,INR,issuer_declined,False,2024-03-13 17:14:49,upi,True,saas
txn_661bd5df83,cust_d2d058cf17,533.67,INR,insufficient_funds,False,2024-03-13 14:41:06,card,False,ecommerce_one_time
txn_41a2863041,cust_c0990f3930,548.29,INR,processing_error,False,2024-03-07 14:29:10,netbanking,True,d2c_subscription
txn_3801397103,cust_c7f17803e6,754.56,INR,insufficient_funds,False,2024-03-04 01:07:44,card,False,ecommerce_one_time
txn_984d02bc4e,cust_2338b9d562,2878.54,INR,insufficient_funds,False,2024-03-02 07:18:42,card,False,ecommerce_one_time
txn_970aace2f0,cust_826d36d52a,2244.87,INR,insufficient_funds,False,2024-03-04 04:06:26,netbanking,False,d2c_subscription
txn_6188261f62,cust_5bc1bd9c28,374.04,INR,processing_error,False,2024-03-05 21:35:16,card,True,d2c_subscription
txn_f65bc878cb,cust_da9959aad9,589.55,INR,processing_error,False,2024-03-07 05:37:29,upi,False,d2c_subscription
txn_ce16479d38,cust_8e2b15aa73,7597.22,INR,insufficient_funds,False,2024-03-11 04:02:00,upi,False,ecommerce_one_time
txn_d6d2382a3e,cust_ba2e6156f6,228.89,INR,insufficient_funds,False,2024-03-09 16:09:41,netbanking,False,d2c_subscription
txn_1c0f043717,cust_eface3a8b1,655.96,INR,processing_error,False,2024-03-03 06:51:20,card,True,saas
txn_3deb31a964,cust_f5ce731952,537.97,INR,do_not_honor,False,2024-03-14 00:30:04,card,True,saas
txn_0ef68406c1,cust_295034c5a8,561.62,INR,processing_error,False,2024-03-03 22:39:58,netbanking,False,d2c_subscription
txn_a4e86299af,cust_9ef31e8cf5,977.01,INR,insufficient_funds,False,2024-03-04 03:21:26,card,True,d2c_subscription
txn_72f0528df8,cust_8002902885,239.21,INR,processing_error,False,2024-03-14 16:40:15,upi,False,ecommerce_one_time
txn_d88758f08c,cust_6012e19ef0,2243.24,INR,card_expired,True,2024-03-12 02:46:25,upi,True,saas
txn_4171000000,cust_f50514a725,2492.16,INR,do_not_honor,False,2024-03-11 03:50:15,upi,True,ecommerce_one_time
txn_62348ec8db,cust_66de3568ff,840.38,INR,insufficient_funds,False,2024-03-02 17:10:05,upi,True,saas
txn_92daa6cef5,cust_5d00128618,1184.5,INR,processing_error,False,2024-03-09 08:33:05,netbanking,True,d2c_subscription
txn_9657dedd3c,cust_70f76fdaa4,673.41,INR,issuer_declined,False,2024-03-04 15:19:07,card,True,saas
txn_39423aca11,cust_9ef31e8cf5,1598.88,INR,insufficient_funds,False,2024-03-07 02:10:05,upi,False,saas
txn_537ed03995,cust_e6ae61fccd,405.95,INR,issuer_declined,False,2024-03-14 08:48:21,upi,True,d2c_subscription
txn_a09891750f,cust_5a8381e7d7,1537.38,INR,card_expired,True,2024-03-06 03:55:23,card,True,saas
txn_8280786c4f,cust_3f27f23764,1432.22,INR,issuer_declined,False,2024-03-06 14:28:28,netbanking,True,saas
txn_63c3bef7ba,cust_bca8f946f6,676.09,INR,network_timeout,False,2024-03-03 07:24:00,card,True,ecommerce_one_time
txn_b226179c8b,cust_1438a24939,2125.91,INR,do_not_honor,False,2024-03-02 14:40:11,card,True,saas
txn_0108ac9afc,cust_67eeaad87d,116.54,INR,do_not_honor,False,2024-03-07 06:37:58,netbanking,True,d2c_subscription
txn_310d1918c7,cust_4945298f92,497.06,INR,insufficient_funds,False,2024-03-03 04:35:59,netbanking,False,d2c_subscription
txn_8da546181d,cust_60536985d3,1779.23,INR,processing_error,False,2024-03-13 13:10:01,card,True,saas
txn_2b300cdf16,cust_588edd5f2e,339.9,INR,insufficient_funds,False,2024-03-06 21:54:49,upi,False,ecommerce_one_time
txn_281828a06f,cust_1d53882511,180.33,INR,issuer_declined,False,2024-03-07 09:57:13,card,False,ecommerce_one_time
txn_534dc5aa38,cust_259bbb3ed2,512.85,INR,insufficient_funds,False,2024-03-13 02:13:19,card,False,ecommerce_one_time
txn_e8002b0723,cust_5ce61c8bde,954.03,INR,issuer_declined,False,2024-03-05 23:26:20,card,False,ecommerce_one_time
txn_1d551cffba,cust_3c3d156b27,1194.81,INR,do_not_honor,False,2024-03-09 16:29:35,netbanking,True,d2c_subscription
txn_b8eb05b175,cust_392b2c7d6b,1481.22,INR,insufficient_funds,False,2024-03-06 04:10:35,card,False,ecommerce_one_time
txn_016eb0d4a2,cust_f8f8bcab95,2798.06,INR,issuer_declined,False,2024-03-05 01:37:08,card,True,saas
txn_82cf2ab0d7,cust_b90f845d3c,901.09,INR,account_closed,True,2024-03-07 06:11:07,upi,False,saas
txn_013440f8ba,cust_5d17fb3fb8,120.59,INR,insufficient_funds,False,2024-03-09 22:13:25,card,False,d2c_subscription
txn_a9fd5bb6f1,cust_2e898f2822,581.74,INR,issuer_declined,False,2024-03-11 18:42:38,card,True,saas
txn_f039b8f297,cust_29b37ee190,124.32,INR,issuer_declined,False,2024-03-06 05:58:34,card,True,d2c_subscription
txn_63d57529f1,cust_4bc12a28e6,515.93,INR,issuer_declined,False,2024-03-02 21:30:01,upi,True,saas
txn_54d054223b,cust_23ab9c7226,668.29,INR,processing_error,False,2024-03-09 00:49:19,upi,True,saas
txn_23c852ff60,cust_3cf5af94ce,3077.52,INR,insufficient_funds,False,2024-03-08 11:08:03,upi,False,ecommerce_one_time
txn_c524dacc35,cust_1e1e92754a,394.31,INR,issuer_declined,False,2024-03-02 17:31:38,card,True,saas
txn_cd41627e46,cust_bbb898167b,3511.17,INR,processing_error,False,2024-03-11 08:10:10,card,True,saas
txn_d825009976,cust_e4863fcd03,646.23,INR,issuer_declined,False,2024-03-04 04:38:37,upi,True,d2c_subscription
txn_fbe6e39195,cust_6bba92fa49,650.82,INR,card_expired,True,2024-03-11 22:14:44,card,False,ecommerce_one_time
txn_ba8678ca76,cust_82cd1edf28,278.4,INR,card_stolen,True,2024-03-11 21:19:49,card,False,ecommerce_one_time
txn_b1742aa92a,cust_81730c1a7d,609.98,INR,insufficient_funds,False,2024-03-11 13:34:41,card,True,saas
txn_a6d0726649,cust_e8118e67af,785.76,INR,issuer_declined,False,2024-03-14 18:18:57,card,False,ecommerce_one_time
txn_752f169e1c,cust_e51acc48ee,1824.47,INR,insufficient_funds,False,2024-03-09 01:04:21,card,True,d2c_subscription
txn_2da838523c,cust_abdc1ac395,3199.41,INR,insufficient_funds,False,2024-03-10 13:08:58,netbanking,False,ecommerce_one_time
txn_ce1111425d,cust_52a8884361,424.88,INR,do_not_honor,False,2024-03-12 06:26:03,card,True,saas
txn_baa6658c5c,cust_b65ae7dfe6,459.23,INR,do_not_honor,False,2024-03-04 21:47:02,upi,True,saas
txn_90694135d9,cust_30720e8d25,905.64,INR,issuer_declined,False,2024-03-08 06:08:56,card,True,d2c_subscription
txn_f1cf6e1424,cust_a9f58e31af,620.55,INR,insufficient_funds,False,2024-03-12 18:12:42,upi,False,d2c_subscription
txn_bc8c7d8e12,cust_f08bf06ab2,1972.91,INR,insufficient_funds,False,2024-03-12 19:28:49,upi,True,saas
txn_5693ba6083,cust_5ed1f1f251,411.53,INR,account_closed,True,2024-03-04 03:59:54,netbanking,True,d2c_subscription
txn_c815b2b981,cust_ac80a5c5d7,5008.59,INR,card_expired,True,2024-03-11 16:57:37,card,True,d2c_subscription
txn_f7e33896a3,cust_9e66aa5f07,700.78,INR,insufficient_funds,False,2024-03-09 23:20:48,upi,True,saas
txn_b010b60878,cust_b8fec98113,1310.28,INR,processing_error,False,2024-03-13 19:47:33,card,True,d2c_subscription
txn_a64901ffec,cust_bca8f946f6,2069.0,INR,issuer_declined,False,2024-03-04 05:46:59,upi,True,saas
txn_5bf9e6b6f9,cust_e727cc624b,757.28,INR,processing_error,False,2024-03-10 11:54:56,netbanking,False,ecommerce_one_time
txn_3d324ff07e,cust_eface3a8b1,625.83,INR,do_not_honor,False,2024-03-05 15:09:18,upi,True,d2c_subscription
txn_008828da9f,cust_52a8884361,1735.7,INR,network_timeout,False,2024-03-09 19:35:40,upi,True,d2c_subscription
txn_7145fe15ba,cust_f9bff62549,606.1,INR,insufficient_funds,False,2024-03-04 06:39:13,netbanking,False,ecommerce_one_time
txn_b070dfd3eb,cust_1e1e92754a,540.26,INR,issuer_declined,False,2024-03-09 20:21:04,netbanking,True,d2c_subscription
txn_d98a278f94,cust_a57dc78ff9,1579.12,INR,account_closed,True,2024-03-02 23:04:01,card,True,saas
txn_b78666875c,cust_aa71e5c132,2493.04,INR,insufficient_funds,False,2024-03-05 08:26:17,card,False,d2c_subscription
txn_2d61e454ba,cust_b143ef2197,1754.41,INR,insufficient_funds,False,2024-03-08 18:25:36,upi,False,ecommerce_one_time
txn_db029b2204,cust_4e2373543a,3380.61,INR,processing_error,False,2024-03-08 17:35:27,netbanking,True,saas
txn_bb2741d042,cust_3c5ea7168e,1769.33,INR,processing_error,False,2024-03-06 19:34:10,card,True,d2c_subscription
txn_817809b6b4,cust_f1dd7ac087,153.52,INR,processing_error,False,2024-03-05 19:09:01,card,True,saas
txn_d869c8a02b,cust_1e21fdf824,3030.4,INR,processing_error,False,2024-03-05 14:35:42,card,True,ecommerce_one_time
txn_7e0d4ba1ff,cust_69fa4d05b5,336.58,INR,processing_error,False,2024-03-15 00:51:54,card,True,d2c_subscription
txn_6d89470711,cust_1636812b1a,3288.26,INR,insufficient_funds,False,2024-03-11 18:59:26,card,False,ecommerce_one_time
txn_d2f38745ac,cust_156ceb881a,1304.58,INR,do_not_honor,False,2024-03-09 09:18:23,card,True,d2c_subscription
txn_f4387c4098,cust_4e2373543a,249.92,INR,processing_error,False,2024-03-07 23:34:27,card,True,saas
txn_fe55449602,cust_4c0cbb0b98,927.11,INR,network_timeout,False,2024-03-14 05:49:41,upi,True,d2c_subscription
txn_bfc7580c0e,cust_2338b9d562,319.05,INR,insufficient_funds,False,2024-03-12 16:54:37,card,False,ecommerce_one_time
txn_723f6fc921,cust_25d91349a5,141.54,INR,insufficient_funds,False,2024-03-09 00:44:02,card,True,saas
txn_e94fc49dbc,cust_932df53c1e,2108.09,INR,network_timeout,False,2024-03-09 05:47:46,card,False,saas
txn_cb173fd035,cust_afd1f89b7f,130.87,INR,insufficient_funds,False,2024-03-06 21:17:35,card,True,d2c_subscription
txn_149c2ac8e7,cust_51124e03df,4255.73,INR,insufficient_funds,False,2024-03-14 12:36:11,card,False,d2c_subscription
txn_b453c7aa73,cust_d101da83a0,2307.02,INR,network_timeout,False,2024-03-04 08:17:45,card,True,saas
txn_134c698e5a,cust_d070da4706,1035.79,INR,do_not_honor,False,2024-03-11 06:48:08,card,True,saas
txn_ab360e2c47,cust_ee2490814b,1199.11,INR,issuer_declined,False,2024-03-07 19:07:35,upi,True,saas
txn_8e77bbb583,cust_5bd63c21d6,3873.93,INR,insufficient_funds,False,2024-03-02 05:41:47,card,True,d2c_subscription
txn_f45ed4e14e,cust_fd96f66e31,1021.82,INR,insufficient_funds,False,2024-03-10 04:29:15,card,True,d2c_subscription
txn_42a33a928d,cust_603ee4eadc,1095.68,INR,network_timeout,False,2024-03-11 02:38:51,card,True,d2c_subscription
txn_0702b35759,cust_634a2d6056,227.69,INR,do_not_honor,False,2024-03-11 19:08:27,card,False,ecommerce_one_time
txn_46ff292cc0,cust_4b4d26a3fb,2366.36,INR,insufficient_funds,False,2024-03-06 08:47:32,card,True,saas
txn_f80a6ee024,cust_38270fc594,2738.88,INR,issuer_declined,False,2024-03-02 02:17:58,card,True,d2c_subscription
txn_52f4fc2437,cust_fb1dcea7e1,7018.94,INR,insufficient_funds,False,2024-03-07 15:54:28,card,True,saas
txn_16131047c7,cust_2713e10c7a,2136.75,INR,insufficient_funds,False,2024-03-12 17:22:34,card,True,d2c_subscription
txn_81c9bf805d,cust_6097213761,602.61,INR,insufficient_funds,False,2024-03-02 06:06:27,netbanking,True,d2c_subscription
txn_4beec7eb0a,cust_d81e739e9e,2065.94,INR,do_not_honor,False,2024-03-14 21:44:54,card,True,d2c_subscription
txn_ad5afa4a93,cust_41209dd100,1378.24,INR,insufficient_funds,False,2024-03-09 18:07:33,card,False,ecommerce_one_time
txn_0b791dc6b1,cust_2d31e0daee,374.99,INR,issuer_declined,False,2024-03-13 17:42:17,card,True,saas
txn_4e68252184,cust_b01783c041,24963.7,INR,issuer_declined,False,2024-03-15 00:50:24,card,True,saas
txn_651e9f4a93,cust_6f8f889f9c,228.96,INR,issuer_declined,False,2024-03-01 12:50:18,upi,True,d2c_subscription
txn_ae42934562,cust_6fde3282eb,656.89,INR,insufficient_funds,False,2024-03-14 07:26:23,card,True,d2c_subscription
txn_e7279ea217,cust_b18f479106,1612.78,INR,insufficient_funds,False,2024-03-02 19:32:38,card,True,saas
txn_aaf1faff07,cust_f978f7050b,2717.66,INR,insufficient_funds,False,2024-03-07 20:53:16,netbanking,False,ecommerce_one_time
txn_cebb6f7f39,cust_16e537a621,5329.49,INR,issuer_declined,False,2024-03-11 00:23:37,card,False,ecommerce_one_time
txn_12bf532fe6,cust_11e4f36196,290.5,INR,processing_error,False,2024-03-03 10:04:35,card,True,d2c_subscription
txn_a54eae421a,cust_a3998353a8,3299.25,INR,insufficient_funds,False,2024-03-15 10:42:25,upi,True,d2c_subscription
txn_e50ba35736,cust_c0990f3930,2315.65,INR,network_timeout,False,2024-03-05 20:02:41,netbanking,True,saas
txn_071df1c35f,cust_46198e4f35,196.44,INR,processing_error,False,2024-03-04 18:13:08,card,False,d2c_subscription
txn_f03c44d6c7,cust_296d843199,1121.15,INR,insufficient_funds,False,2024-03-10 09:42:35,upi,True,d2c_subscription
txn_6c808845a5,cust_2c1e7f9832,1349.86,INR,insufficient_funds,False,2024-03-11 07:01:12,card,True,ecommerce_one_time
txn_e477a402c7,cust_64256c014a,1937.5,INR,insufficient_funds,False,2024-03-15 08:55:38,upi,True,d2c_subscription
txn_3f14e7688c,cust_19dcd8f6c4,362.3,INR,insufficient_funds,False,2024-03-15 04:33:29,card,False,saas
txn_13dab79614,cust_694edde581,1155.19,INR,do_not_honor,False,2024-03-14 21:13:38,upi,True,saas
txn_f62398e9c5,cust_c475b9b83b,317.93,INR,insufficient_funds,False,2024-03-09 02:34:52,card,True,saas
txn_70359509db,cust_99cb8a6a54,1327.09,INR,network_timeout,False,2024-03-08 01:39:12,card,False,ecommerce_one_time
txn_c26b9253a9,cust_763ae91e8c,622.15,INR,do_not_honor,False,2024-03-09 13:29:01,card,False,ecommerce_one_time
txn_5b8a865125,cust_c46d69ef7e,88.52,INR,processing_error,False,2024-03-05 15:57:25,upi,False,ecommerce_one_time
txn_6e5c3277da,cust_1c24ec4f8a,1214.26,INR,processing_error,False,2024-03-10 10:26:57,upi,False,ecommerce_one_time
txn_4d06b93384,cust_9122f26456,4528.17,INR,do_not_honor,False,2024-03-04 10:25:59,netbanking,False,saas
txn_c16e74594b,cust_94f7ade4a3,1292.52,INR,card_expired,True,2024-03-06 08:28:07,netbanking,True,d2c_subscription
txn_873413ca0a,cust_3c3d156b27,453.94,INR,account_closed,True,2024-03-02 09:09:51,card,True,d2c_subscription
txn_dca2becdec,cust_8d60ef06f7,1339.79,INR,issuer_declined,False,2024-03-05 08:03:34,upi,True,saas
txn_e4a10c18cc,cust_560afec802,1137.43,INR,insufficient_funds,False,2024-03-13 16:59:38,card,True,d2c_subscription
txn_cb455bd7f1,cust_72c05afd42,152.24,INR,issuer_declined,False,2024-03-07 16:06:52,netbanking,True,d2c_subscription
txn_de5a2975a6,cust_afd1f89b7f,319.25,INR,insufficient_funds,False,2024-03-06 07:08:34,upi,False,ecommerce_one_time
txn_b95e784ae1,cust_30720e8d25,607.06,INR,do_not_honor,False,2024-03-15 07:18:02,card,True,saas
txn_037399b2bb,cust_4d7c953ae4,543.9,INR,issuer_declined,False,2024-03-14 21:12:45,card,False,ecommerce_one_time
txn_17924b67c2,cust_5928173912,452.14,INR,do_not_honor,False,2024-03-15 04:28:06,upi,False,ecommerce_one_time
txn_d7e44f1caa,cust_7347576cb5,1941.43,INR,processing_error,False,2024-03-13 02:24:20,netbanking,False,ecommerce_one_time
txn_bbe50e3815,cust_632d1a7255,156.59,INR,insufficient_funds,False,2024-03-03 03:44:03,upi,True,saas
txn_f910a28f57,cust_4c0cbb0b98,367.19,INR,do_not_honor,False,2024-03-12 03:18:17,card,False,saas
txn_12ddab7c56,cust_8d12043d0a,894.74,INR,issuer_declined,False,2024-03-12 21:21:19,card,True,d2c_subscription
txn_dc8f0af4a2,cust_7c9eed4d65,7254.51,INR,network_timeout,False,2024-03-09 06:06:18,netbanking,True,saas
txn_f2655b9d18,cust_a84849ae75,438.78,INR,processing_error,False,2024-03-09 22:15:02,upi,True,saas
txn_308c461b14,cust_2f39b91868,1302.03,INR,insufficient_funds,False,2024-03-01 14:14:19,card,False,ecommerce_one_time
txn_cc41868d8b,cust_0068a9b979,856.36,INR,processing_error,False,2024-03-14 01:12:54,upi,False,saas
txn_fcb547839c,cust_31e1ce7f80,251.34,INR,insufficient_funds,False,2024-03-03 17:28:49,upi,True,d2c_subscription
txn_087932bca4,cust_3d2fbe6387,811.04,INR,processing_error,False,2024-03-12 06:57:18,upi,True,ecommerce_one_time
txn_5d6e3d3d64,cust_54c2dde01a,483.79,INR,do_not_honor,False,2024-03-11 03:51:20,upi,True,d2c_subscription
txn_7e45fe6131,cust_e70407c108,527.68,INR,issuer_declined,False,2024-03-08 16:55:17,netbanking,False,ecommerce_one_time
txn_a373854e7f,cust_2c1e7f9832,387.42,INR,processing_error,False,2024-03-01 20:15:37,netbanking,True,d2c_subscription
txn_bb44e68c7b,cust_3df301ec08,357.95,INR,network_timeout,False,2024-03-12 04:51:23,card,True,saas
txn_9c166da67f,cust_6186a93a37,110.98,INR,processing_error,False,2024-03-10 16:26:09,card,True,saas
txn_6606b9c934,cust_caf004b8f6,633.37,INR,do_not_honor,False,2024-03-06 06:32:54,upi,True,saas
txn_bf784f803e,cust_fdaab0f3e6,111.12,INR,processing_error,False,2024-03-06 02:51:45,upi,False,saas
txn_90c9d0263b,cust_4e6aa8f9a3,5375.78,INR,issuer_declined,False,2024-03-10 08:35:04,card,True,ecommerce_one_time
txn_c7cf67b2e5,cust_00e15f4a76,514.63,INR,network_timeout,False,2024-03-13 15:53:39,netbanking,False,ecommerce_one_time
txn_704a5c8a1f,cust_eae3e35589,251.05,INR,network_timeout,False,2024-03-04 11:04:31,card,True,saas
txn_3a1e785a0c,cust_e6ae61fccd,2830.81,INR,insufficient_funds,False,2024-03-02 21:26:49,card,True,saas
txn_a7f24141c9,cust_6d3c457946,300.67,INR,insufficient_funds,False,2024-03-07 01:44:41,netbanking,False,d2c_subscription
txn_78b1eabe48,cust_2881ab6ca8,1447.62,INR,insufficient_funds,False,2024-03-03 06:44:08,netbanking,True,d2c_subscription
txn_fd8af7bf7f,cust_0a63b124cb,137.97,INR,insufficient_funds,False,2024-03-11 22:40:04,card,True,saas
txn_13d394e9ea,cust_45a34b8f55,1472.34,INR,issuer_declined,False,2024-03-03 09:41:06,card,True,saas
txn_1237d4df74,cust_05fe5f1b27,1512.84,INR,insufficient_funds,False,2024-03-04 04:23:00,card,False,saas
txn_0edb37e709,cust_ebb75e3130,418.45,INR,do_not_honor,False,2024-03-02 20:48:18,card,True,d2c_subscription
txn_8ab34cdae2,cust_f638108506,927.34,INR,insufficient_funds,False,2024-03-02 10:49:08,card,True,saas
txn_5637a8aa95,cust_7347576cb5,1028.31,INR,insufficient_funds,False,2024-03-10 15:57:06,card,True,d2c_subscription
txn_1715ca9f8c,cust_fdbb86d28d,5592.48,INR,processing_error,False,2024-03-13 19:39:55,card,True,saas
txn_403bd50e62,cust_8af4826399,7635.81,INR,issuer_declined,False,2024-03-05 00:19:58,upi,True,d2c_subscription
txn_bfe4b754e0,cust_e22e2fb41e,447.93,INR,issuer_declined,False,2024-03-06 02:59:36,upi,False,d2c_subscription
txn_3b40252411,cust_098197b1c4,66.99,INR,network_timeout,False,2024-03-06 10:23:21,upi,True,saas
txn_c994d9d1a2,cust_518b519ad5,1960.9,INR,account_closed,True,2024-03-06 16:03:10,card,False,ecommerce_one_time
txn_70e0e19887,cust_f7e074cbd6,457.66,INR,do_not_honor,False,2024-03-14 22:16:53,card,True,d2c_subscription
txn_ea459b2957,cust_400b29a45b,3940.62,INR,insufficient_funds,False,2024-03-06 02:58:36,card,False,ecommerce_one_time
txn_9622ca262a,cust_46c6dd4b0f,3837.57,INR,insufficient_funds,False,2024-03-08 17:19:17,netbanking,True,d2c_subscription
txn_8cbd799982,cust_048126f050,978.79,INR,card_stolen,True,2024-03-15 01:31:18,card,True,d2c_subscription
txn_8a83c1cc2a,cust_7566735ea6,3324.16,INR,processing_error,False,2024-03-03 12:32:35,upi,True,saas
txn_725d7f5ff0,cust_cd3b0da2ef,195.92,INR,processing_error,False,2024-03-15 02:32:59,card,True,d2c_subscription
txn_fdb88f8681,cust_739e7bfb08,279.45,INR,processing_error,False,2024-03-12 05:32:23,netbanking,True,d2c_subscription
txn_db2df8ca2b,cust_89bccb5af0,2582.34,INR,insufficient_funds,False,2024-03-11 08:56:37,card,True,d2c_subscription
txn_aa39140798,cust_6186a93a37,273.07,INR,issuer_declined,False,2024-03-04 12:57:41,card,True,saas
txn_cd69067104,cust_8d60ef06f7,36.3,INR,network_timeout,False,2024-03-14 09:02:31,netbanking,True,saas
txn_eded19cb5c,cust_07fcbb9e6a,569.71,INR,network_timeout,False,2024-03-10 02:50:34,card,True,saas
txn_3ef66739e5,cust_92b84e163f,590.97,INR,insufficient_funds,False,2024-03-10 08:59:53,upi,True,saas
txn_b60db32956,cust_29b37ee190,1433.99,INR,do_not_honor,False,2024-03-09 16:38:18,card,True,d2c_subscription
txn_d96a519665,cust_7d8a68d21b,575.72,INR,insufficient_funds,False,2024-03-03 06:52:00,netbanking,True,ecommerce_one_time
txn_f23791d8a6,cust_1acd54ac3e,565.82,INR,card_stolen,True,2024-03-10 22:41:24,upi,True,saas
txn_39361e0289,cust_2f2e4e162a,1621.59,INR,insufficient_funds,False,2024-03-10 12:54:34,card,False,saas
txn_efcbe29606,cust_d482901e28,98.79,INR,processing_error,False,2024-03-09 18:37:41,netbanking,True,saas
txn_246448dc0d,cust_1228f453fa,3340.46,INR,insufficient_funds,False,2024-03-10 00:00:14,upi,True,saas
txn_3acfcd1e0f,cust_2d34242e61,770.46,INR,do_not_honor,False,2024-03-02 03:25:15,upi,True,d2c_subscription
txn_29d53b124f,cust_e582b68840,73.91,INR,processing_error,False,2024-03-11 18:06:46,card,False,saas
txn_cb19fbcf52,cust_2a1b82ca92,3382.26,INR,issuer_declined,False,2024-03-13 21:51:51,card,True,ecommerce_one_time
txn_12b29187e9,cust_97b7d9ddd5,1018.64,INR,network_timeout,False,2024-03-09 14:20:29,upi,True,ecommerce_one_time
txn_3bdb122c3d,cust_603ee4eadc,6237.98,INR,network_timeout,False,2024-03-14 07:55:06,card,False,d2c_subscription
txn_6a829c1c92,cust_9e9982a198,390.49,INR,network_timeout,False,2024-03-04 08:02:10,netbanking,True,ecommerce_one_time
txn_33dba112c6,cust_0e77c21f77,428.76,INR,issuer_declined,False,2024-03-03 00:13:16,card,True,d2c_subscription
txn_b9b0b2fbfd,cust_b890f6eee6,1274.34,INR,processing_error,False,2024-03-03 20:49:14,upi,True,ecommerce_one_time
txn_7b8cace5c3,cust_7bba6f6c06,2364.37,INR,do_not_honor,False,2024-03-04 05:33:46,card,True,saas
txn_8855abf774,cust_ea33a2faa1,790.67,INR,do_not_honor,False,2024-03-09 14:31:28,upi,False,ecommerce_one_time
txn_775ddbc39c,cust_25de995a00,727.61,INR,issuer_declined,False,2024-03-05 17:20:37,card,True,saas
txn_135c75121b,cust_4b4d26a3fb,431.05,INR,do_not_honor,False,2024-03-09 22:39:18,card,True,saas
txn_044f0470b5,cust_d101da83a0,1139.53,INR,insufficient_funds,False,2024-03-03 12:52:46,card,True,ecommerce_one_time
txn_448141a160,cust_2338b9d562,3990.23,INR,issuer_declined,False,2024-03-12 18:27:29,upi,True,saas
txn_83e4296840,cust_fdbb86d28d,529.47,INR,insufficient_funds,False,2024-03-13 12:43:52,card,True,saas
txn_d79234b3fe,cust_971245b04b,2067.03,INR,issuer_declined,False,2024-03-01 20:11:53,upi,True,saas
txn_2049faf70c,cust_770d4f30b5,622.22,INR,insufficient_funds,False,2024-03-10 10:52:17,card,True,saas
txn_c628a04eb1,cust_09c983f9ed,3542.14,INR,insufficient_funds,False,2024-03-11 03:30:21,upi,True,saas
txn_a91226f332,cust_8b934a426c,922.18,INR,network_timeout,False,2024-03-06 03:24:16,upi,True,d2c_subscription
txn_a0000dac14,cust_609f77bd1a,1175.91,INR,do_not_honor,False,2024-03-10 16:52:20,card,True,d2c_subscription
txn_06c86f1f52,cust_0cb85ac574,329.44,INR,insufficient_funds,False,2024-03-05 00:52:36,card,False,ecommerce_one_time
txn_60e9cad0f2,cust_0d39c90db5,683.69,INR,network_timeout,False,2024-03-09 11:34:06,card,True,saas
txn_6167b9cfd6,cust_79686500c8,1266.72,INR,card_expired,True,2024-03-04 12:34:44,upi,True,ecommerce_one_time
txn_2d384da842,cust_1aad49e94d,292.96,INR,network_timeout,False,2024-03-14 08:58:28,netbanking,False,d2c_subscription
txn_68d3c49503,cust_c7f5c33551,5192.74,INR,network_timeout,False,2024-03-05 07:31:59,card,True,ecommerce_one_time
txn_fa0df85d8a,cust_fd4c0ff868,695.08,INR,account_closed,True,2024-03-10 21:36:41,upi,False,ecommerce_one_time
txn_b8ed2dfe00,cust_5ce61c8bde,275.91,INR,do_not_honor,False,2024-03-09 13:53:36,upi,True,ecommerce_one_time
txn_a1c23041cf,cust_ee2490814b,7917.74,INR,card_stolen,True,2024-03-02 11:19:25,upi,True,saas
txn_ccfe1008e0,cust_5acb2d8275,136.6,INR,card_expired,True,2024-03-08 17:58:02,card,True,d2c_subscription
txn_56b1aac815,cust_e6515caff1,435.27,INR,issuer_declined,False,2024-03-14 10:59:28,netbanking,True,ecommerce_one_time
txn_c701137f67,cust_70f76fdaa4,1263.27,INR,network_timeout,False,2024-03-09 01:58:48,card,True,d2c_subscription
txn_16a378be2a,cust_eae3e35589,614.3,INR,network_timeout,False,2024-03-12 03:11:50,netbanking,True,saas
txn_acf04436d4,cust_e242d3321d,313.93,INR,processing_error,False,2024-03-08 20:29:11,card,True,d2c_subscription
txn_a277c174b1,cust_8c9d2e7266,2153.35,INR,network_timeout,False,2024-03-12 10:50:09,upi,False,ecommerce_one_time
txn_f9d2f4ddf4,cust_3ea5cf185e,801.0,INR,issuer_declined,False,2024-03-06 11:56:14,netbanking,True,saas
txn_ad038df376,cust_29546c3c32,67.29,INR,issuer_declined,False,2024-03-12 05:01:00,netbanking,True,d2c_subscription
txn_560f740f27,cust_636d4c11c7,763.91,INR,processing_error,False,2024-03-08 23:38:23,card,False,ecommerce_one_time
txn_965dd59fac,cust_2713e10c7a,375.55,INR,processing_error,False,2024-03-02 03:14:57,netbanking,True,d2c_subscription
txn_6a3c1c9f9e,cust_74660b9cab,1267.29,INR,network_timeout,False,2024-03-06 13:41:24,card,False,saas
txn_04a83d4f9a,cust_39615d0288,1723.49,INR,network_timeout,False,2024-03-05 13:55:32,upi,True,d2c_subscription
txn_18e6fa2b32,cust_fc32e5fcda,2927.74,INR,processing_error,False,2024-03-04 16:29:32,card,True,d2c_subscription
txn_5be2b6e835,cust_d070da4706,364.92,INR,card_stolen,True,2024-03-02 14:57:00,upi,True,d2c_subscription
txn_592e4fabb7,cust_5331bf0581,703.63,INR,insufficient_funds,False,2024-03-03 02:15:33,card,True,d2c_subscription
txn_ef38277f30,cust_845816ba33,11776.51,INR,card_stolen,True,2024-03-03 11:50:35,card,True,d2c_subscription
txn_0039bdbd07,cust_0068a9b979,297.51,INR,insufficient_funds,False,2024-03-10 17:24:26,card,True,ecommerce_one_time
txn_2c4d7f82dc,cust_e2afe59876,790.99,INR,do_not_honor,False,2024-03-06 18:05:08,card,False,ecommerce_one_time
txn_c3fd786854,cust_7d2abe0fba,1290.26,INR,insufficient_funds,False,2024-03-04 01:07:15,card,False,ecommerce_one_time
txn_6f2397b28a,cust_93bad37ad1,644.69,INR,do_not_honor,False,2024-03-07 15:54:16,netbanking,True,d2c_subscription
txn_fee5e21f41,cust_ceb15a0109,1171.64,INR,issuer_declined,False,2024-03-13 17:16:02,upi,True,saas
txn_3980cf0e44,cust_4b4d26a3fb,1321.82,INR,insufficient_funds,False,2024-03-08 08:56:33,upi,True,d2c_subscription
txn_e900bb6436,cust_923699b8a4,5745.19,INR,processing_error,False,2024-03-12 11:22:00,upi,True,saas
txn_4c073e91e0,cust_976e03b3c2,402.34,INR,processing_error,False,2024-03-05 20:19:01,card,True,d2c_subscription
txn_3e8111f2b5,cust_33dccff21a,1572.32,INR,insufficient_funds,False,2024-03-03 11:09:42,card,True,saas
txn_66e8b028f5,cust_d6dea2a4cd,5802.16,INR,processing_error,False,2024-03-05 16:11:13,card,True,d2c_subscription
txn_b60a029522,cust_6a3b6dd610,10051.7,INR,insufficient_funds,False,2024-03-07 18:53:21,card,True,d2c_subscription
txn_b3043ae561,cust_9a9221b4e6,1083.7,INR,insufficient_funds,False,2024-03-07 02:34:57,upi,True,d2c_subscription
txn_299b661db6,cust_d9d4338065,342.28,INR,insufficient_funds,False,2024-03-07 23:03:17,upi,True,d2c_subscription
txn_a74db185a3,cust_58ff0700e8,549.29,INR,do_not_honor,False,2024-03-09 05:09:21,upi,False,saas
txn_9ddc4a931f,cust_e3342c8850,609.0,INR,processing_error,False,2024-03-12 07:44:14,upi,True,saas
txn_40124fd52d,cust_5fbda5ef8a,1523.43,INR,do_not_honor,False,2024-03-06 01:04:41,card,True,d2c_subscription
txn_bf1c34f77b,cust_ac834a0a50,232.72,INR,network_timeout,False,2024-03-10 14:34:04,upi,False,ecommerce_one_time
txn_02b8e413a9,cust_66de3568ff,686.46,INR,do_not_honor,False,2024-03-13 07:21:15,card,True,ecommerce_one_time
txn_757b7fffaf,cust_c27f4ab716,936.03,INR,network_timeout,False,2024-03-04 07:08:05,netbanking,False,ecommerce_one_time
txn_bfd2144f2d,cust_42476447bb,285.04,INR,card_stolen,True,2024-03-07 18:41:05,card,True,saas
txn_35ca83a265,cust_5d90ad9982,2197.38,INR,issuer_declined,False,2024-03-08 05:09:26,card,True,saas
txn_a7b3d6431a,cust_e4863fcd03,352.29,INR,insufficient_funds,False,2024-03-08 05:30:55,card,True,d2c_subscription
txn_bf6f3d8330,cust_4e2373543a,144.48,INR,insufficient_funds,False,2024-03-14 09:51:42,card,True,d2c_subscription
txn_aa6b6f3958,cust_60536985d3,184.06,INR,do_not_honor,False,2024-03-08 00:20:58,card,True,d2c_subscription
txn_8e6f37d460,cust_831fa237d7,379.98,INR,do_not_honor,False,2024-03-07 21:20:52,card,True,ecommerce_one_time
txn_291690009f,cust_505f9433d0,577.0,INR,insufficient_funds,False,2024-03-08 08:21:54,upi,True,d2c_subscription
txn_a2ff91e9fd,cust_e3342c8850,1667.45,INR,network_timeout,False,2024-03-15 09:38:53,netbanking,True,d2c_subscription
txn_835c86cf20,cust_259bbb3ed2,1359.04,INR,card_stolen,True,2024-03-04 23:54:42,card,False,ecommerce_one_time
txn_c4eb65a53d,cust_09304a5971,2686.5,INR,insufficient_funds,False,2024-03-06 21:40:34,card,True,saas
txn_cd3a270751,cust_f237f63575,4531.82,INR,insufficient_funds,False,2024-03-04 21:28:57,netbanking,False,ecommerce_one_time
txn_4b99b50281,cust_763ae91e8c,1312.96,INR,insufficient_funds,False,2024-03-08 10:42:25,card,True,d2c_subscription
txn_064dc33b68,cust_80b0a82a23,1585.13,INR,issuer_declined,False,2024-03-10 21:15:37,netbanking,True,saas
txn_d843128c04,cust_a1c0839636,2719.45,INR,network_timeout,False,2024-03-03 20:02:53,card,False,ecommerce_one_time
txn_aea9a4c740,cust_91c93b3619,537.9,INR,do_not_honor,False,2024-03-10 14:08:50,card,False,ecommerce_one_time
txn_4da5ae0d2e,cust_a6781a34e3,825.03,INR,insufficient_funds,False,2024-03-09 03:42:09,card,False,ecommerce_one_time
txn_29639c8f95,cust_42450d3899,62.38,INR,issuer_declined,False,2024-03-15 06:27:39,card,True,saas
txn_e3221caec4,cust_fd4c0ff868,2206.69,INR,insufficient_funds,False,2024-03-13 05:17:40,upi,True,saas
txn_1904f3aaa3,cust_400b29a45b,751.4,INR,issuer_declined,False,2024-03-13 21:55:58,upi,True,d2c_subscription
txn_0ca56997dc,cust_d8b95d6127,466.71,INR,issuer_declined,False,2024-03-09 13:42:06,card,True,saas
txn_0d891ab244,cust_92cb473a15,499.7,INR,processing_error,False,2024-03-11 19:51:32,netbanking,True,saas
txn_ecb8a781a0,cust_6f182c5551,5471.74,INR,do_not_honor,False,2024-03-10 20:17:48,card,True,d2c_subscription
txn_bcbfbb298a,cust_768008ad9e,180.0,INR,network_timeout,False,2024-03-04 18:43:17,card,True,saas
txn_1cebfd8120,cust_07fcbb9e6a,425.32,INR,insufficient_funds,False,2024-03-05 22:30:53,netbanking,False,d2c_subscription
txn_0eef43f274,cust_70f76fdaa4,836.88,INR,processing_error,False,2024-03-04 07:54:34,netbanking,True,d2c_subscription
txn_893aacc020,cust_ebb75e3130,864.41,INR,insufficient_funds,False,2024-03-04 01:52:12,card,True,saas
txn_629a0d9d72,cust_7d2abe0fba,792.57,INR,issuer_declined,False,2024-03-12 00:40:01,card,False,d2c_subscription
txn_cfc2da1c68,cust_9859ad8a52,256.59,INR,network_timeout,False,2024-03-06 21:09:21,card,False,saas
txn_f793ebcf14,cust_546e640d5a,102.02,INR,processing_error,False,2024-03-03 07:45:45,card,False,saas
txn_404d92bce6,cust_6076256083,433.24,INR,insufficient_funds,False,2024-03-11 05:35:40,upi,True,d2c_subscription
txn_63fb2d4885,cust_ed965a0600,423.57,INR,do_not_honor,False,2024-03-10 05:45:56,card,False,d2c_subscription
txn_de68b69052,cust_252fb524ef,347.61,INR,processing_error,False,2024-03-08 01:26:02,upi,True,saas
txn_a5f354ea7a,cust_ac9a5c8cef,6863.45,INR,card_expired,True,2024-03-04 07:51:17,card,True,d2c_subscription
txn_6e5218660d,cust_0c9badd052,5562.34,INR,processing_error,False,2024-03-13 10:31:10,card,True,saas
txn_5ff6d8b4a6,cust_8678f4cc81,3475.01,INR,insufficient_funds,False,2024-03-08 23:08:14,card,True,d2c_subscription
txn_d8ff3e91b4,cust_603ee4eadc,218.4,INR,do_not_honor,False,2024-03-12 02:33:49,card,False,saas
txn_badd389b5f,cust_609f77bd1a,306.09,INR,insufficient_funds,False,2024-03-05 12:33:59,upi,True,d2c_subscription
txn_af673920dd,cust_a09d2ee39b,3790.82,INR,insufficient_funds,False,2024-03-12 02:42:57,netbanking,True,d2c_subscription
txn_8be3515ba3,cust_653a16e3ba,811.14,INR,do_not_honor,False,2024-03-10 12:16:44,netbanking,True,saas
txn_6d98721acd,cust_6ea2fac2b9,985.61,INR,processing_error,False,2024-03-10 15:36:56,upi,True,d2c_subscription
txn_5d4b1df386,cust_b90f845d3c,932.15,INR,insufficient_funds,False,2024-03-14 12:16:35,card,True,ecommerce_one_time
txn_db080bdb54,cust_8e79ab16a1,295.87,INR,network_timeout,False,2024-03-06 03:30:55,netbanking,True,saas
txn_35b640f30c,cust_956447e87c,1332.11,INR,processing_error,False,2024-03-11 22:38:20,netbanking,True,d2c_subscription
txn_aa10db4092,cust_276530d98b,2915.14,INR,processing_error,False,2024-03-08 15:04:54,netbanking,False,ecommerce_one_time
txn_1237dd8570,cust_337f7129d0,673.1,INR,insufficient_funds,False,2024-03-05 17:46:42,card,True,saas
txn_4b6c732ea6,cust_20752c8647,355.21,INR,issuer_declined,False,2024-03-04 11:36:41,card,False,ecommerce_one_time
txn_4c4bbcf625,cust_0187b7a7ed,423.77,INR,insufficient_funds,False,2024-03-02 15:34:00,upi,True,d2c_subscription
txn_dc32516c95,cust_c475b9b83b,3581.27,INR,insufficient_funds,False,2024-03-13 17:37:51,card,False,d2c_subscription
txn_6eddaca515,cust_f1566a2a39,1261.04,INR,issuer_declined,False,2024-03-06 16:53:39,card,False,ecommerce_one_time
txn_6fb09308c1,cust_f920981b84,88.05,INR,issuer_declined,False,2024-03-10 21:41:12,card,False,ecommerce_one_time
txn_04b7821d1c,cust_caf004b8f6,275.3,INR,insufficient_funds,False,2024-03-04 17:37:54,upi,True,d2c_subscription
txn_cd703de3ca,cust_2b6b4cd71c,515.06,INR,insufficient_funds,False,2024-03-10 01:22:56,card,True,d2c_subscription
txn_0888a6eb3d,cust_c6fbac5484,537.12,INR,card_expired,True,2024-03-15 07:15:17,upi,True,saas
txn_f7f379bf13,cust_20752c8647,2000.85,INR,network_timeout,False,2024-03-03 12:22:43,upi,True,saas
txn_c07f1bf0cb,cust_fc18fb46ee,3249.97,INR,issuer_declined,False,2024-03-04 20:37:08,card,False,ecommerce_one_time
txn_d5b1475b63,cust_0d0e53d3b7,164.95,INR,card_expired,True,2024-03-10 20:58:43,card,False,saas
txn_6a0142e01e,cust_833f2824f1,775.71,INR,insufficient_funds,False,2024-03-03 19:15:34,netbanking,False,ecommerce_one_time
txn_c0291094e5,cust_e727cc624b,1171.63,INR,issuer_declined,False,2024-03-09 18:05:34,card,True,saas
txn_1f35fcebfd,cust_9c328517ce,1563.5,INR,network_timeout,False,2024-03-09 17:20:58,card,False,saas
txn_2dcf8b2155,cust_99cb8a6a54,279.69,INR,issuer_declined,False,2024-03-11 07:13:41,card,True,saas
txn_74d22f4075,cust_2f3aac4682,1046.0,INR,insufficient_funds,False,2024-03-08 14:03:10,card,False,d2c_subscription
txn_60b41fb4f5,cust_89bccb5af0,157.69,INR,issuer_declined,False,2024-03-01 13:51:10,upi,False,saas
txn_1c3f9c7d97,cust_8e79ab16a1,2812.71,INR,do_not_honor,False,2024-03-14 18:24:10,card,False,saas
txn_6254698544,cust_fa2ee49590,2589.02,INR,do_not_honor,False,2024-03-07 04:38:06,netbanking,False,ecommerce_one_time
txn_4dc220273a,cust_5d00128618,4277.64,INR,issuer_declined,False,2024-03-13 01:19:21,card,False,ecommerce_one_time
txn_60ba648c81,cust_6ea2fac2b9,2942.88,INR,issuer_declined,False,2024-03-13 18:23:52,netbanking,False,ecommerce_one_time
txn_00bd17f51d,cust_4f13989d7d,906.07,INR,insufficient_funds,False,2024-03-14 17:01:26,upi,False,saas
txn_c2b8d6c162,cust_a3998353a8,1047.85,INR,do_not_honor,False,2024-03-11 16:11:21,card,True,saas
txn_6d03fb9c14,cust_a772b7e1f5,154.14,INR,insufficient_funds,False,2024-03-05 06:15:37,upi,True,d2c_subscription
txn_0b6261cac1,cust_7583bac233,875.48,INR,network_timeout,False,2024-03-05 04:37:59,card,True,saas
txn_c87e4f00fc,cust_537cd718ce,1134.47,INR,processing_error,False,2024-03-04 07:14:45,netbanking,True,d2c_subscription
txn_a207243bcc,cust_dac33d334b,1466.05,INR,issuer_declined,False,2024-03-13 11:09:35,upi,True,ecommerce_one_time
txn_05748be387,cust_2b613635cd,144.25,INR,processing_error,False,2024-03-13 23:29:17,card,False,saas
txn_51fd7ffa51,cust_2be02d4184,2140.45,INR,insufficient_funds,False,2024-03-01 18:01:32,card,False,ecommerce_one_time
txn_3361184d30,cust_133535cc20,2842.53,INR,issuer_declined,False,2024-03-02 14:20:38,netbanking,True,saas
txn_8a6e086dc7,cust_a6781a34e3,920.95,INR,issuer_declined,False,2024-03-05 16:47:11,upi,True,saas
txn_85ada37873,cust_7620bb757d,1779.41,INR,issuer_declined,False,2024-03-03 17:55:09,card,True,saas
txn_eb4ee1b06d,cust_2580246e0a,2557.73,INR,processing_error,False,2024-03-04 05:43:33,card,False,ecommerce_one_time
txn_f1c5e4e116,cust_eec1643b01,508.09,INR,card_stolen,True,2024-03-07 10:22:06,card,False,d2c_subscription
txn_1f9051c6c2,cust_41209dd100,560.83,INR,issuer_declined,False,2024-03-08 20:10:19,upi,False,ecommerce_one_time
txn_c31d1715c6,cust_22b114a736,881.69,INR,issuer_declined,False,2024-03-01 19:17:43,upi,True,saas
txn_e3cd0634ca,cust_653a16e3ba,1932.12,INR,do_not_honor,False,2024-03-06 00:46:17,netbanking,False,ecommerce_one_time
txn_066fb45e5e,cust_5ed1f1f251,4130.68,INR,issuer_declined,False,2024-03-03 03:29:28,upi,True,d2c_subscription
txn_768a50749e,cust_f0af68e2d4,116.46,INR,insufficient_funds,False,2024-03-12 14:23:43,upi,True,d2c_subscription
txn_d423757abd,cust_603ee4eadc,1811.73,INR,card_stolen,True,2024-03-12 09:11:33,card,False,ecommerce_one_time
txn_8f30f7511a,cust_45a34b8f55,1069.52,INR,network_timeout,False,2024-03-06 16:24:23,upi,False,ecommerce_one_time
txn_cd7dd89dd9,cust_77a7833ae7,2035.52,INR,card_stolen,True,2024-03-02 03:26:39,card,True,d2c_subscription
txn_fff8573f11,cust_4384d7c9f5,684.38,INR,insufficient_funds,False,2024-03-06 19:29:15,netbanking,True,saas
txn_db3c7c7a14,cust_8a88577df5,435.31,INR,insufficient_funds,False,2024-03-09 07:09:57,card,False,ecommerce_one_time
txn_6ea786a709,cust_360a2a7239,1340.67,INR,issuer_declined,False,2024-03-15 03:39:05,upi,True,saas
txn_55b98057f5,cust_bca8f946f6,365.03,INR,card_expired,True,2024-03-13 07:57:55,netbanking,False,ecommerce_one_time
txn_867d152586,cust_c481783d10,80.43,INR,insufficient_funds,False,2024-03-12 06:26:21,upi,True,saas
txn_72c5b11df7,cust_a57dc78ff9,1006.51,INR,insufficient_funds,False,2024-03-12 16:46:12,card,False,saas
txn_fc5c63ef69,cust_ca9cda794b,304.88,INR,insufficient_funds,False,2024-03-05 16:01:06,upi,True,saas
txn_c2bc990e07,cust_6f600342f4,215.11,INR,processing_error,False,2024-03-05 22:06:39,card,True,d2c_subscription
txn_2874b84dbb,cust_28aaccdc65,2732.98,INR,network_timeout,False,2024-03-10 04:26:27,card,True,saas
txn_5f02d2778c,cust_6186a93a37,1239.8,INR,processing_error,False,2024-03-01 16:10:50,upi,True,ecommerce_one_time
txn_58d4945953,cust_0a88dfeea0,1537.69,INR,insufficient_funds,False,2024-03-09 23:44:16,upi,True,d2c_subscription
txn_b2771447d5,cust_fd5e73d04c,1108.69,INR,processing_error,False,2024-03-09 06:23:20,card,True,saas
txn_1d19440ad7,cust_ceb15a0109,2557.62,INR,issuer_declined,False,2024-03-08 03:11:19,netbanking,True,d2c_subscription
txn_e0e1095ce2,cust_e52eeedd70,982.7,INR,insufficient_funds,False,2024-03-07 11:25:37,card,False,ecommerce_one_time
txn_a936b3db71,cust_4e2373543a,1698.06,INR,issuer_declined,False,2024-03-12 19:46:35,netbanking,True,ecommerce_one_time
txn_7653f9dd59,cust_064f80bb8c,206.66,INR,do_not_honor,False,2024-03-11 07:07:11,upi,True,saas
txn_3bfaec5536,cust_e7a1193f5a,1663.37,INR,issuer_declined,False,2024-03-05 20:48:06,netbanking,False,ecommerce_one_time
txn_a3a47fc005,cust_07fcbb9e6a,47.33,INR,card_stolen,True,2024-03-03 15:55:35,netbanking,False,saas
txn_863926d534,cust_ac19ceff73,3303.71,INR,issuer_declined,False,2024-03-09 13:42:47,netbanking,True,d2c_subscription
txn_215d5c02c9,cust_97b7d9ddd5,665.3,INR,issuer_declined,False,2024-03-13 21:18:28,upi,False,ecommerce_one_time
txn_5ee8ad96b0,cust_1d53882511,200.32,INR,processing_error,False,2024-03-03 13:52:51,card,True,d2c_subscription
txn_9b763fdafd,cust_2357a5f167,1637.47,INR,processing_error,False,2024-03-07 08:21:54,card,True,saas
txn_828cff8268,cust_4c119274cf,573.08,INR,insufficient_funds,False,2024-03-09 09:25:11,upi,True,d2c_subscription
txn_cac938806c,cust_45a34b8f55,441.32,INR,do_not_honor,False,2024-03-07 07:01:48,card,True,saas
txn_396c280d71,cust_0927c692cc,3722.62,INR,insufficient_funds,False,2024-03-03 23:31:44,netbanking,True,saas
txn_a1181e34cd,cust_bb413035d2,916.88,INR,issuer_declined,False,2024-03-15 11:37:02,card,True,saas
txn_8424441e93,cust_7f3b2cb4fd,259.21,INR,processing_error,False,2024-03-10 10:59:44,netbanking,False,ecommerce_one_time
txn_07afaaf1a0,cust_36fb0749a3,588.45,INR,do_not_honor,False,2024-03-02 07:58:16,card,False,saas
txn_3e77e99b0c,cust_a349af0cf8,382.66,INR,issuer_declined,False,2024-03-11 06:56:15,netbanking,True,d2c_subscription
txn_c14a041ecb,cust_3cd2114fa0,1430.35,INR,insufficient_funds,False,2024-03-01 20:37:16,netbanking,False,ecommerce_one_time
txn_39f8b834e5,cust_4ec834cdd4,1418.47,INR,do_not_honor,False,2024-03-11 13:26:09,card,False,ecommerce_one_time
txn_8ca734a7e7,cust_ec13538a6f,619.19,INR,issuer_declined,False,2024-03-08 22:55:45,upi,True,d2c_subscription
txn_d8e9931ffb,cust_9a6e893e15,154.41,INR,card_expired,True,2024-03-14 12:29:15,card,True,d2c_subscription
txn_faa9920df7,cust_a1d85f156e,6328.03,INR,do_not_honor,False,2024-03-05 08:11:04,upi,True,saas
txn_fbb95acea4,cust_c15695a4fd,1838.19,INR,network_timeout,False,2024-03-12 03:32:43,upi,False,d2c_subscription
txn_aac9e8af58,cust_97b7d9ddd5,96.96,INR,issuer_declined,False,2024-03-03 14:49:59,card,True,saas
txn_61a5474b87,cust_40bb04658c,148.65,INR,network_timeout,False,2024-03-13 16:23:31,card,True,saas
txn_0284c8d8d3,cust_37cae23152,389.45,INR,insufficient_funds,False,2024-03-13 20:47:14,card,True,saas
txn_454cde84d8,cust_38270fc594,1488.72,INR,issuer_declined,False,2024-03-08 22:19:36,card,False,d2c_subscription
txn_206172daca,cust_b8fec98113,1131.2,INR,insufficient_funds,False,2024-03-14 07:34:05,upi,True,saas
txn_93210409bd,cust_95d7c94871,1379.16,INR,insufficient_funds,False,2024-03-10 21:23:20,card,False,saas
txn_348cf7982d,cust_5acb2d8275,198.45,INR,card_expired,True,2024-03-05 20:23:31,netbanking,True,ecommerce_one_time
txn_c100fcba1a,cust_b503c92272,353.48,INR,processing_error,False,2024-03-08 10:23:27,netbanking,True,saas
txn_5cf1833a57,cust_42476447bb,1186.37,INR,do_not_honor,False,2024-03-07 16:00:39,netbanking,False,d2c_subscription
txn_1c173a881d,cust_57ed0ba85a,50.35,INR,do_not_honor,False,2024-03-14 05:31:08,upi,True,d2c_subscription
txn_0ac2b2bef1,cust_cedbeb64bf,2404.36,INR,do_not_honor,False,2024-03-05 23:43:26,card,True,d2c_subscription
txn_200e775a05,cust_6d021d9f8f,68.83,INR,processing_error,False,2024-03-14 05:21:28,upi,True,saas
txn_3f49bf3c41,cust_5acb2d8275,1678.59,INR,network_timeout,False,2024-03-07 11:48:34,upi,False,saas
txn_092919e2a0,cust_d9da3d5bae,393.52,INR,do_not_honor,False,2024-03-04 10:18:07,netbanking,False,ecommerce_one_time
txn_3f7ea15416,cust_6a1a1bb91d,606.27,INR,processing_error,False,2024-03-05 07:55:57,card,True,d2c_subscription
txn_51af7f400c,cust_9122f26456,1541.15,INR,issuer_declined,False,2024-03-10 13:25:30,card,False,saas
txn_d2a657c129,cust_996a2e4eb9,794.52,INR,card_stolen,True,2024-03-13 07:57:02,netbanking,True,saas
txn_8718249951,cust_044d3c3c92,1091.13,INR,insufficient_funds,False,2024-03-03 20:54:20,netbanking,True,d2c_subscription
txn_ed75ace04f,cust_f55846fc6e,3439.27,INR,issuer_declined,False,2024-03-12 11:33:09,card,True,saas
txn_228285e675,cust_3c5ea7168e,2432.14,INR,network_timeout,False,2024-03-08 13:26:56,upi,True,d2c_subscription
txn_7f08ca2aa5,cust_33dccff21a,3505.26,INR,insufficient_funds,False,2024-03-12 04:21:37,card,True,d2c_subscription
txn_efa7d56eb4,cust_82709837aa,3002.47,INR,insufficient_funds,False,2024-03-15 01:59:31,upi,False,d2c_subscription
txn_01d662d5f7,cust_9201acab85,1175.11,INR,issuer_declined,False,2024-03-09 16:02:58,card,False,ecommerce_one_time
txn_dca31a14e0,cust_0cc1fee4ca,2709.19,INR,issuer_declined,False,2024-03-07 19:05:40,card,False,d2c_subscription
txn_fe98154b28,cust_26bf705543,5606.39,INR,card_expired,True,2024-03-04 20:47:16,card,True,ecommerce_one_time
txn_7774d1b38b,cust_4ce33fe900,808.37,INR,network_timeout,False,2024-03-05 08:08:04,card,True,d2c_subscription
txn_1de9c061c2,cust_ac19ceff73,278.03,INR,issuer_declined,False,2024-03-03 20:39:03,card,True,d2c_subscription
txn_7e8f0d492e,cust_1b52dc83e9,893.26,INR,card_stolen,True,2024-03-04 02:31:07,card,True,d2c_subscription
txn_ea2768e6c3,cust_bd65c4e738,1445.26,INR,processing_error,False,2024-03-09 21:09:52,card,True,d2c_subscription
txn_826ea86f10,cust_c7f17803e6,4308.83,INR,network_timeout,False,2024-03-10 17:22:19,upi,True,saas
txn_a3f64ba069,cust_b41d0c2a19,1721.6,INR,insufficient_funds,False,2024-03-07 01:42:41,upi,False,ecommerce_one_time
txn_427038aef0,cust_29ca5f7712,1770.43,INR,do_not_honor,False,2024-03-08 18:50:31,upi,True,ecommerce_one_time
txn_2ee654f5de,cust_ce95e3a6f8,2381.24,INR,insufficient_funds,False,2024-03-11 08:49:13,card,True,saas
txn_0da7b2f8f1,cust_d67faeb8e9,3634.12,INR,insufficient_funds,False,2024-03-15 01:18:59,card,True,d2c_subscription
txn_bec45a90d0,cust_d29f499418,177.11,INR,processing_error,False,2024-03-08 20:08:21,netbanking,False,ecommerce_one_time
txn_a6d0365471,cust_4384d7c9f5,4611.76,INR,insufficient_funds,False,2024-03-08 22:18:48,netbanking,True,ecommerce_one_time
txn_b17f91eb38,cust_ce7e12b24f,687.68,INR,do_not_honor,False,2024-03-02 07:51:15,netbanking,False,d2c_subscription
txn_be6363ffb5,cust_b9af09dc9c,242.4,INR,processing_error,False,2024-03-04 02:59:37,netbanking,True,saas
txn_fcc91e5401,cust_41073dcc5a,1103.03,INR,insufficient_funds,False,2024-03-11 17:31:12,upi,False,d2c_subscription
txn_4da42b70a2,cust_d1f3878581,1169.1,INR,issuer_declined,False,2024-03-13 22:55:16,netbanking,False,saas
txn_45573a3491,cust_fd4c0ff868,234.29,INR,processing_error,False,2024-03-04 11:15:04,card,True,d2c_subscription
txn_832063ac0f,cust_0fdf4b8de4,206.86,INR,network_timeout,False,2024-03-08 16:17:33,upi,False,d2c_subscription
txn_ad9b58d604,cust_9b4fc8a68b,2039.5,INR,issuer_declined,False,2024-03-14 21:49:22,netbanking,True,d2c_subscription
txn_f1763e8fcd,cust_fc26ba465d,690.09,INR,card_stolen,True,2024-03-04 22:43:05,upi,True,saas
txn_3e2404a953,cust_6fd815f8c2,366.76,INR,network_timeout,False,2024-03-10 15:59:55,card,False,d2c_subscription
txn_c2f62d7db6,cust_cf53d45b86,1964.4,INR,processing_error,False,2024-03-13 02:29:45,card,False,d2c_subscription
txn_c7edf02df0,cust_2f39b91868,351.54,INR,issuer_declined,False,2024-03-06 06:38:59,card,True,saas
txn_ea83844f00,cust_a24339bc70,238.83,INR,processing_error,False,2024-03-04 12:10:21,card,True,saas
txn_2bd5074232,cust_2684c3fe7d,4945.53,INR,network_timeout,False,2024-03-04 15:15:50,upi,True,saas
txn_4bbcc2f761,cust_a0f05a9fcf,639.86,INR,issuer_declined,False,2024-03-11 15:50:47,upi,False,ecommerce_one_time
txn_af59c372e9,cust_5d90ad9982,210.51,INR,account_closed,True,2024-03-07 05:01:33,card,True,d2c_subscription
txn_b00e8145bc,cust_05fe5f1b27,3779.98,INR,card_expired,True,2024-03-08 23:28:47,upi,True,d2c_subscription
txn_21f94c0c4b,cust_d98589cf8a,110.21,INR,do_not_honor,False,2024-03-03 07:56:29,card,True,d2c_subscription
txn_bc72d7587f,cust_4c0cbb0b98,1783.69,INR,processing_error,False,2024-03-12 20:14:56,upi,False,ecommerce_one_time
txn_470e1a0632,cust_1c1535c911,507.53,INR,do_not_honor,False,2024-03-04 00:12:58,card,True,d2c_subscription
txn_fdef675c72,cust_abdc1ac395,21366.77,INR,processing_error,False,2024-03-10 15:38:08,card,True,saas
txn_8aaffeb4f3,cust_f944cf24db,1098.92,INR,network_timeout,False,2024-03-06 20:31:06,upi,True,saas
txn_7765dc758a,cust_6f600342f4,401.14,INR,insufficient_funds,False,2024-03-08 11:16:10,upi,True,saas
txn_df12f5c068,cust_c96647335f,1055.19,INR,insufficient_funds,False,2024-03-10 15:01:51,upi,False,ecommerce_one_time
txn_356bab2763,cust_2b6b4cd71c,569.06,INR,issuer_declined,False,2024-03-12 06:13:54,card,True,d2c_subscription
txn_37d371ffb3,cust_14e2a88747,1186.78,INR,card_expired,True,2024-03-10 09:47:36,upi,False,ecommerce_one_time
txn_a1fd485637,cust_33ea4c11f9,827.77,INR,issuer_declined,False,2024-03-06 23:54:31,card,True,d2c_subscription
txn_489a704332,cust_df9b93993e,832.88,INR,network_timeout,False,2024-03-06 21:19:39,card,False,ecommerce_one_time
txn_4f5a0d5f2d,cust_2684c3fe7d,4052.18,INR,issuer_declined,False,2024-03-06 18:34:48,upi,False,ecommerce_one_time
txn_3e62601b57,cust_dfb839035d,8237.82,INR,issuer_declined,False,2024-03-06 07:23:56,upi,True,d2c_subscription
txn_3222f236f8,cust_0068a9b979,853.83,INR,card_expired,True,2024-03-14 18:48:57,netbanking,True,saas
txn_93922d857e,cust_3bbaf03ba1,6089.35,INR,do_not_honor,False,2024-03-09 23:25:08,card,False,saas
txn_45e6101258,cust_6f36a85733,3300.07,INR,issuer_declined,False,2024-03-11 02:09:39,netbanking,False,d2c_subscription
txn_4a555217f7,cust_781b4413d3,2536.57,INR,insufficient_funds,False,2024-03-09 22:26:03,card,False,ecommerce_one_time
txn_7da368300f,cust_8002902885,4141.73,INR,insufficient_funds,False,2024-03-10 03:33:33,upi,True,d2c_subscription
txn_42b679c162,cust_026d15c76a,2147.33,INR,insufficient_funds,False,2024-03-13 00:36:08,upi,True,saas
txn_b637d9454b,cust_12b918dc04,311.08,INR,issuer_declined,False,2024-03-01 23:48:06,upi,True,d2c_subscription
txn_80c4ebcbb8,cust_9dcf2cffc0,2804.56,INR,do_not_honor,False,2024-03-15 11:54:13,netbanking,True,d2c_subscription
txn_2e1b40409e,cust_048126f050,1180.41,INR,issuer_declined,False,2024-03-07 03:53:02,upi,False,saas
txn_03431fc055,cust_00e15f4a76,1117.05,INR,insufficient_funds,False,2024-03-09 00:56:20,card,True,ecommerce_one_time
txn_0449283aab,cust_1e55eb940e,373.34,INR,insufficient_funds,False,2024-03-05 15:38:51,netbanking,False,d2c_subscription
txn_edd73aba16,cust_11cf4389b6,381.3,INR,issuer_declined,False,2024-03-03 20:50:15,netbanking,True,saas
txn_c750412efb,cust_9163f72abc,161.37,INR,account_closed,True,2024-03-06 09:58:46,card,True,saas
txn_986b9f49af,cust_e70407c108,594.31,INR,issuer_declined,False,2024-03-04 18:26:32,card,True,d2c_subscription
txn_592a45ff6d,cust_e242d3321d,768.66,INR,insufficient_funds,False,2024-03-11 15:59:00,card,True,d2c_subscription
txn_ce253e602e,cust_8bd7450480,1052.51,INR,do_not_honor,False,2024-03-01 14:02:10,netbanking,False,saas
txn_61dbfabf37,cust_588edd5f2e,939.31,INR,card_expired,True,2024-03-14 06:40:38,netbanking,True,d2c_subscription
txn_4ee0eb3986,cust_71093068a9,1827.11,INR,network_timeout,False,2024-03-06 03:04:47,netbanking,True,d2c_subscription
txn_fdeaac7596,cust_ae632f63fb,838.28,INR,network_timeout,False,2024-03-13 10:45:06,card,False,saas
txn_a0caeb6647,cust_1457e6efc8,356.97,INR,card_expired,True,2024-03-12 05:24:19,card,True,d2c_subscription
txn_f34af68650,cust_c56faf17f2,162.0,INR,processing_error,False,2024-03-03 22:42:43,card,True,d2c_subscription
txn_4ced2d6563,cust_1c24ec4f8a,561.84,INR,account_closed,True,2024-03-06 00:24:39,card,True,saas
txn_6651d55af1,cust_b83f4b7cab,351.16,INR,insufficient_funds,False,2024-03-06 15:09:06,card,True,saas
txn_69c880b8a4,cust_f11b362a9c,1991.52,INR,network_timeout,False,2024-03-03 21:37:53,card,False,saas
txn_485c65959a,cust_d58f13c458,702.24,INR,network_timeout,False,2024-03-11 14:26:40,card,True,d2c_subscription
txn_b408923911,cust_f2fa29f515,865.35,INR,card_expired,True,2024-03-06 12:37:31,card,False,ecommerce_one_time
txn_da6a2d26d4,cust_8678f4cc81,284.97,INR,issuer_declined,False,2024-03-12 16:09:13,upi,True,d2c_subscription
txn_9864e21953,cust_5d17fb3fb8,575.94,INR,network_timeout,False,2024-03-08 18:08:27,card,False,ecommerce_one_time
txn_70ae63e7c0,cust_cfc398913d,2249.89,INR,insufficient_funds,False,2024-03-09 19:58:10,card,True,saas
txn_1f4df0b732,cust_45682f7f1e,162.89,INR,do_not_honor,False,2024-03-06 20:10:48,upi,True,d2c_subscription
txn_68a605aa42,cust_a3998353a8,1293.18,INR,issuer_declined,False,2024-03-14 14:10:25,netbanking,True,d2c_subscription
txn_e20959136a,cust_bbb224702d,720.71,INR,do_not_honor,False,2024-03-15 03:19:50,upi,False,ecommerce_one_time
txn_ca5826961a,cust_156ceb881a,2463.15,INR,processing_error,False,2024-03-15 01:22:25,upi,True,ecommerce_one_time
txn_5e5f6e254a,cust_b143ef2197,873.8,INR,issuer_declined,False,2024-03-11 18:55:20,upi,True,d2c_subscription
txn_d1077308b9,cust_dd53b36e82,1530.73,INR,insufficient_funds,False,2024-03-07 10:26:08,upi,True,d2c_subscription
txn_31bd85eea5,cust_8ca061fd5e,765.25,INR,issuer_declined,False,2024-03-13 07:00:01,upi,False,ecommerce_one_time
txn_ccaa3ca0e1,cust_b01783c041,695.22,INR,processing_error,False,2024-03-01 14:56:26,card,False,ecommerce_one_time
txn_0723cbb455,cust_acd734c13f,2073.94,INR,processing_error,False,2024-03-09 17:05:33,upi,False,ecommerce_one_time
txn_6b746e1616,cust_9201acab85,280.17,INR,processing_error,False,2024-03-11 06:07:35,card,True,saas
txn_a367007343,cust_c6fbac5484,2292.78,INR,insufficient_funds,False,2024-03-02 23:56:24,card,True,saas
txn_9dc0313a4f,cust_6b0876de42,733.71,INR,network_timeout,False,2024-03-13 01:07:45,card,True,d2c_subscription
txn_0f1c0521de,cust_9163f72abc,1977.46,INR,processing_error,False,2024-03-12 20:50:57,card,True,d2c_subscription
txn_03831cc8de,cust_4231cbff6b,168.85,INR,insufficient_funds,False,2024-03-10 04:03:18,card,True,saas
txn_d695232f47,cust_afd1f89b7f,729.14,INR,issuer_declined,False,2024-03-14 12:08:58,upi,True,saas
txn_012517ea5d,cust_6d021d9f8f,1891.63,INR,issuer_declined,False,2024-03-05 23:02:58,card,True,d2c_subscription
txn_66c241a501,cust_4ee1bfa6c8,458.28,INR,issuer_declined,False,2024-03-04 14:57:16,card,False,saas
txn_432a0c5411,cust_7e106cee29,2013.34,INR,insufficient_funds,False,2024-03-10 13:11:44,card,True,d2c_subscription
txn_dd86bfd17a,cust_cbe4135972,337.72,INR,insufficient_funds,False,2024-03-03 08:23:05,card,True,saas
txn_042a2c9904,cust_a6781a34e3,220.8,INR,insufficient_funds,False,2024-03-15 09:32:18,upi,False,ecommerce_one_time
txn_baafe02b4d,cust_13a8fa0f56,2208.85,INR,insufficient_funds,False,2024-03-08 01:27:05,card,True,saas
txn_63e7058978,cust_932cccd89e,1786.8,INR,insufficient_funds,False,2024-03-05 06:42:57,card,True,d2c_subscription
txn_81c69c232d,cust_7457adeaa5,451.71,INR,network_timeout,False,2024-03-10 05:28:26,card,True,d2c_subscription
txn_8d3e1eb87d,cust_5d8589d891,204.33,INR,do_not_honor,False,2024-03-02 05:56:01,card,True,saas
txn_deecc709db,cust_a7102f8089,1334.7,INR,issuer_declined,False,2024-03-09 11:20:25,card,True,d2c_subscription
txn_6a64873ee5,cust_fce65d5270,1259.64,INR,processing_error,False,2024-03-02 15:32:08,card,False,ecommerce_one_time
txn_684431bc38,cust_c04cc79786,1993.94,INR,do_not_honor,False,2024-03-06 06:34:44,upi,False,d2c_subscription
txn_026cdb6dc6,cust_c96647335f,169.6,INR,insufficient_funds,False,2024-03-12 06:26:39,netbanking,True,saas
txn_f4390d6973,cust_19eac84e5f,1277.94,INR,insufficient_funds,False,2024-03-03 20:41:59,upi,True,d2c_subscription
txn_62dc143005,cust_fdbb86d28d,163.16,INR,insufficient_funds,False,2024-03-15 01:39:52,card,True,saas
txn_59242f8b0d,cust_a0f05a9fcf,360.14,INR,do_not_honor,False,2024-03-12 20:20:53,card,False,d2c_subscription
txn_520d628cb7,cust_83e163d826,644.16,INR,issuer_declined,False,2024-03-04 13:58:33,upi,False,d2c_subscription
txn_287c766e53,cust_299aea3756,973.23,INR,issuer_declined,False,2024-03-02 20:50:29,card,True,d2c_subscription
txn_1d3835067e,cust_fd2e097c05,506.13,INR,do_not_honor,False,2024-03-10 01:37:00,netbanking,True,saas
txn_9757a614ed,cust_2b46763a31,2154.15,INR,card_stolen,True,2024-03-06 07:07:01,card,False,saas
txn_687ae7d681,cust_1228f453fa,531.42,INR,issuer_declined,False,2024-03-05 17:39:11,card,True,saas
txn_2e68c25321,cust_834b9ce52c,71.9,INR,do_not_honor,False,2024-03-05 03:56:04,card,True,d2c_subscription
txn_049b01948d,cust_840a839632,1845.3,INR,do_not_honor,False,2024-03-02 19:41:35,netbanking,True,d2c_subscription
txn_12f30fd54f,cust_8d912fc5c8,803.01,INR,processing_error,False,2024-03-14 06:47:51,netbanking,True,d2c_subscription
txn_6cac661a33,cust_9b5e8e7a48,1050.99,INR,processing_error,False,2024-03-12 19:17:41,netbanking,True,saas
txn_3440a61667,cust_abdc1ac395,389.05,INR,processing_error,False,2024-03-02 15:26:11,card,True,saas
txn_97452b776e,cust_85d91d5af2,282.5,INR,insufficient_funds,False,2024-03-07 21:01:19,upi,True,d2c_subscription
txn_b9d633e9ba,cust_69fa4d05b5,16383.8,INR,issuer_declined,False,2024-03-08 02:31:36,card,True,d2c_subscription
txn_0fa49e3aaf,cust_e685e05896,545.71,INR,network_timeout,False,2024-03-09 20:36:52,card,False,ecommerce_one_time
txn_749294426a,cust_295034c5a8,165.46,INR,issuer_declined,False,2024-03-10 10:19:56,upi,True,saas
txn_5bf7848d57,cust_e727cc624b,994.94,INR,account_closed,True,2024-03-12 01:44:33,netbanking,True,saas
txn_7bd39bcd65,cust_33dccff21a,3828.16,INR,issuer_declined,False,2024-03-09 21:57:26,card,True,saas
txn_4b3e932f5a,cust_7f262afd7d,2839.94,INR,do_not_honor,False,2024-03-14 11:20:58,card,False,d2c_subscription
txn_af1b295e51,cust_5bd63c21d6,283.68,INR,issuer_declined,False,2024-03-11 09:32:27,card,True,d2c_subscription
txn_d405330c6c,cust_8e79ab16a1,1571.61,INR,issuer_declined,False,2024-03-01 14:09:42,card,True,saas
txn_514d8e391a,cust_ec13538a6f,2127.93,INR,network_timeout,False,2024-03-13 05:14:29,card,True,saas
txn_09bc96ed41,cust_d12116888f,2546.25,INR,insufficient_funds,False,2024-03-05 05:58:29,netbanking,True,d2c_subscription
txn_f3ce8979b8,cust_d96871f559,201.26,INR,do_not_honor,False,2024-03-15 00:21:17,card,True,saas
txn_541e3b13e6,cust_7620bb757d,1137.63,INR,do_not_honor,False,2024-03-05 05:26:10,upi,True,d2c_subscription
txn_4ca79386d7,cust_368d3b7e8b,2058.86,INR,network_timeout,False,2024-03-11 19:09:32,card,False,saas
txn_739596bb01,cust_46253caba4,2042.73,INR,do_not_honor,False,2024-03-05 16:00:12,card,True,saas
txn_9b8d52223c,cust_bfe2e3dae9,10422.41,INR,card_stolen,True,2024-03-08 13:08:19,card,True,saas
txn_299d2e9303,cust_a9f58e31af,3636.68,INR,network_timeout,False,2024-03-04 15:23:23,card,False,ecommerce_one_time
txn_c998d4392f,cust_8e79ab16a1,1125.55,INR,issuer_declined,False,2024-03-06 03:58:07,card,False,saas
txn_c96071e5d6,cust_826d36d52a,1024.27,INR,network_timeout,False,2024-03-07 16:29:24,upi,False,saas
txn_eb370cf7b2,cust_1438a24939,1085.29,INR,card_stolen,True,2024-03-05 05:35:45,netbanking,False,ecommerce_one_time
txn_73ea01e65f,cust_840a839632,6294.38,INR,insufficient_funds,False,2024-03-01 23:27:48,card,True,saas
txn_c9fca0821e,cust_1aad49e94d,1250.07,INR,do_not_honor,False,2024-03-07 03:52:38,upi,True,saas
txn_3feb4786d3,cust_5aecb91ff7,995.1,INR,issuer_declined,False,2024-03-13 01:34:46,netbanking,True,saas
txn_73f498e246,cust_68f834cac4,4975.9,INR,processing_error,False,2024-03-13 21:00:12,card,True,d2c_subscription
txn_2f90ac51f5,cust_79f24a553d,1722.7,INR,insufficient_funds,False,2024-03-07 20:00:15,netbanking,False,d2c_subscription
txn_a6777a0d4f,cust_14a613c8a4,3091.1,INR,processing_error,False,2024-03-09 10:59:59,netbanking,True,ecommerce_one_time
txn_bdb252b5e9,cust_610cd0ce73,613.88,INR,issuer_declined,False,2024-03-06 23:31:33,netbanking,False,d2c_subscription
txn_e458afb8ff,cust_bad8700600,503.05,INR,do_not_honor,False,2024-03-06 03:45:07,upi,True,d2c_subscription
txn_2a3b085828,cust_a539505b93,53.53,INR,insufficient_funds,False,2024-03-12 21:10:55,upi,False,saas
txn_0c33a7a577,cust_9ef31e8cf5,4127.58,INR,processing_error,False,2024-03-05 02:17:35,card,False,ecommerce_one_time
txn_e8062fc851,cust_0187b7a7ed,2244.67,INR,do_not_honor,False,2024-03-01 14:54:45,upi,True,ecommerce_one_time
txn_20570ec487,cust_a772b7e1f5,118.06,INR,do_not_honor,False,2024-03-10 22:57:57,netbanking,False,ecommerce_one_time
txn_cd3209cd8c,cust_acd734c13f,704.27,INR,issuer_declined,False,2024-03-02 11:56:41,card,True,saas
txn_a89b2dbf9d,cust_1d53882511,1660.99,INR,insufficient_funds,False,2024-03-02 12:02:38,upi,False,d2c_subscription
txn_5e96151fce,cust_9662ce2e47,419.77,INR,issuer_declined,False,2024-03-09 15:22:00,card,True,d2c_subscription
txn_12bc5ef584,cust_9e66aa5f07,309.06,INR,card_expired,True,2024-03-04 08:45:07,card,False,ecommerce_one_time
txn_98a287ebb2,cust_5b658ffe88,169.95,INR,insufficient_funds,False,2024-03-02 10:43:15,upi,False,saas
txn_0fef2be5a4,cust_6aeaa52a0b,435.66,INR,processing_error,False,2024-03-03 13:49:07,upi,False,ecommerce_one_time
txn_37b95259a3,cust_32a26d2ab9,128.56,INR,insufficient_funds,False,2024-03-10 01:25:36,upi,True,d2c_subscription
txn_c315e29dc0,cust_88b2de1fe9,1031.74,INR,processing_error,False,2024-03-06 04:02:28,netbanking,False,ecommerce_one_time
txn_2b5970a322,cust_fc2526c8f7,1029.31,INR,insufficient_funds,False,2024-03-07 04:53:53,card,True,d2c_subscription
txn_55bb65c905,cust_d924ea0634,6281.68,INR,issuer_declined,False,2024-03-09 16:58:36,netbanking,False,ecommerce_one_time
txn_5367d452df,cust_246cf9b521,642.39,INR,issuer_declined,False,2024-03-06 13:07:34,upi,True,saas
txn_0faaef5303,cust_3a9b10c115,256.02,INR,insufficient_funds,False,2024-03-02 10:07:10,upi,True,saas
txn_db8c77f6b3,cust_9f102d059f,956.0,INR,issuer_declined,False,2024-03-15 03:15:30,card,True,saas
txn_091ba66746,cust_18dd026f5c,4148.81,INR,issuer_declined,False,2024-03-02 21:06:52,card,True,ecommerce_one_time
txn_6f473c36b7,cust_08d7ba92a5,1238.63,INR,do_not_honor,False,2024-03-10 08:20:01,netbanking,False,saas
txn_f9a598700a,cust_d98589cf8a,386.04,INR,card_stolen,True,2024-03-03 21:37:57,card,False,d2c_subscription
txn_cd5a3d40ca,cust_2713e10c7a,2509.97,INR,issuer_declined,False,2024-03-13 23:46:01,card,False,ecommerce_one_time
txn_a237855770,cust_2aa386c786,214.99,INR,card_expired,True,2024-03-03 00:34:53,upi,True,ecommerce_one_time
txn_7b9063b1f4,cust_aff4fc8467,231.98,INR,issuer_declined,False,2024-03-09 05:27:35,upi,True,d2c_subscription
txn_270321c50f,cust_c46d69ef7e,130.97,INR,insufficient_funds,False,2024-03-02 16:01:08,netbanking,False,ecommerce_one_time
txn_1bcfd7abe1,cust_5ebd717e21,278.91,INR,insufficient_funds,False,2024-03-09 12:16:22,upi,True,saas
txn_ee9c573f8b,cust_d9931898cf,368.78,INR,issuer_declined,False,2024-03-05 01:13:27,netbanking,True,d2c_subscription
txn_64effb2a76,cust_8e2b15aa73,578.66,INR,issuer_declined,False,2024-03-07 03:42:15,card,True,d2c_subscription
txn_b036f56e9e,cust_2b7d8be0c7,19493.07,INR,network_timeout,False,2024-03-12 16:41:14,upi,False,ecommerce_one_time
txn_04a80c8485,cust_e13ff7a63c,938.86,INR,processing_error,False,2024-03-12 00:13:04,netbanking,True,saas
txn_3a7d965e1b,cust_5d90ad9982,279.47,INR,do_not_honor,False,2024-03-07 23:02:54,upi,True,saas
txn_f997080efd,cust_2713e10c7a,3918.85,INR,do_not_honor,False,2024-03-08 16:26:51,card,True,d2c_subscription
txn_cc260aaf01,cust_bbc0afb250,3628.21,INR,issuer_declined,False,2024-03-06 21:01:34,card,True,d2c_subscription
txn_4e7eb1a19f,cust_5d00128618,281.23,INR,do_not_honor,False,2024-03-04 04:54:19,upi,False,ecommerce_one_time
txn_0a16837657,cust_c6fbac5484,203.38,INR,insufficient_funds,False,2024-03-04 16:08:48,upi,True,d2c_subscription
txn_36478209c6,cust_0068a9b979,189.51,INR,insufficient_funds,False,2024-03-14 16:18:36,card,False,ecommerce_one_time
txn_8c8cdfdd28,cust_1ce8b1dccc,1262.0,INR,issuer_declined,False,2024-03-08 13:37:50,upi,True,d2c_subscription
txn_fa13f1efcd,cust_a3144feb9e,1025.11,INR,insufficient_funds,False,2024-03-13 10:11:18,netbanking,False,ecommerce_one_time
txn_23b71bba53,cust_1457e6efc8,1666.01,INR,processing_error,False,2024-03-08 07:40:32,card,True,d2c_subscription
txn_a071b200f8,cust_3a7b7ab325,648.37,INR,insufficient_funds,False,2024-03-07 23:55:28,upi,True,saas
txn_32d523bf73,cust_29669b8550,563.0,INR,insufficient_funds,False,2024-03-01 13:29:25,upi,True,saas
txn_fc76a18034,cust_f1dd7ac087,5032.06,INR,card_expired,True,2024-03-10 01:30:30,card,False,ecommerce_one_time
txn_3e1c8ed407,cust_4ce33fe900,998.7,INR,account_closed,True,2024-03-09 04:03:33,card,True,saas
txn_4082ecc1c4,cust_5e0f676627,871.14,INR,do_not_honor,False,2024-03-08 08:08:18,card,True,d2c_subscription
txn_8055da696f,cust_1636812b1a,1013.89,INR,do_not_honor,False,2024-03-13 16:19:01,upi,True,saas
txn_efdfd85903,cust_a2e1354a64,4836.62,INR,processing_error,False,2024-03-14 15:52:09,card,False,ecommerce_one_time
txn_b3df137e4e,cust_ed8e239074,16936.59,INR,insufficient_funds,False,2024-03-05 13:32:47,card,True,saas
txn_8ca4414315,cust_94f7ade4a3,2441.18,INR,issuer_declined,False,2024-03-11 06:59:30,card,False,d2c_subscription
txn_cf9237d31f,cust_f5bfae49a8,835.81,INR,insufficient_funds,False,2024-03-10 10:11:10,netbanking,True,d2c_subscription
txn_0cd0d8ed2b,cust_4384d7c9f5,1425.69,INR,issuer_declined,False,2024-03-01 14:36:50,upi,True,saas
txn_c15b02802c,cust_d8d64b73e4,355.75,INR,account_closed,True,2024-03-12 00:29:28,card,False,d2c_subscription
txn_49d8903dbd,cust_8a2e6f2a05,2936.62,INR,processing_error,False,2024-03-02 20:12:23,netbanking,True,ecommerce_one_time
txn_339aab7295,cust_259bbb3ed2,11031.46,INR,account_closed,True,2024-03-06 16:50:13,card,True,d2c_subscription
txn_fbd3060257,cust_4384d7c9f5,357.99,INR,processing_error,False,2024-03-11 18:54:49,card,False,ecommerce_one_time
txn_65ba99dc5d,cust_8e0ec567a4,3400.74,INR,do_not_honor,False,2024-03-02 03:19:57,card,False,ecommerce_one_time
txn_c7c896640a,cust_a41839c128,279.25,INR,processing_error,False,2024-03-06 18:55:26,upi,False,d2c_subscription
txn_75ccc6b2c9,cust_0a7e29899f,812.74,INR,processing_error,False,2024-03-11 02:53:47,netbanking,True,d2c_subscription
txn_4a251b1665,cust_8c10a08c9b,591.89,INR,issuer_declined,False,2024-03-09 04:20:40,card,False,ecommerce_one_time
txn_616ff39a2d,cust_3d2fbe6387,1359.76,INR,issuer_declined,False,2024-03-10 06:55:01,upi,True,d2c_subscription
txn_0cbd5d28b8,cust_7a9b8cbf54,2697.7,INR,do_not_honor,False,2024-03-03 15:55:25,upi,True,d2c_subscription
txn_b92e6e59ac,cust_870c9fedd0,499.1,INR,insufficient_funds,False,2024-03-08 23:35:44,netbanking,False,ecommerce_one_time
txn_c186c29dbb,cust_e4863fcd03,3238.8,INR,do_not_honor,False,2024-03-14 23:37:29,netbanking,False,ecommerce_one_time
txn_3ed80ab2c4,cust_b143ef2197,1419.85,INR,insufficient_funds,False,2024-03-05 20:50:02,upi,True,d2c_subscription
txn_d9074ff2a0,cust_a65fa84c79,438.71,INR,do_not_honor,False,2024-03-04 21:40:12,card,False,saas
txn_ef1c79f1fb,cust_d9d4338065,2462.56,INR,insufficient_funds,False,2024-03-09 22:57:41,card,False,d2c_subscription
txn_1d3e46dfa4,cust_5f43b85dc6,593.02,INR,issuer_declined,False,2024-03-02 14:15:17,netbanking,True,d2c_subscription
txn_0e982e3a3d,cust_d96871f559,320.21,INR,do_not_honor,False,2024-03-09 13:10:12,upi,True,saas
txn_55b205b59f,cust_d81e739e9e,1820.72,INR,insufficient_funds,False,2024-03-11 19:15:13,card,False,d2c_subscription
txn_216db09a26,cust_5fcb017311,156.69,INR,card_stolen,True,2024-03-05 16:29:45,netbanking,True,d2c_subscription
txn_c1eb1208ba,cust_3888f18978,1379.46,INR,issuer_declined,False,2024-03-13 17:05:53,netbanking,True,saas
txn_a3c0191511,cust_ceb15a0109,605.86,INR,issuer_declined,False,2024-03-01 16:59:41,upi,True,d2c_subscription
txn_8ccb032d45,cust_1d53882511,2094.27,INR,insufficient_funds,False,2024-03-05 22:23:31,netbanking,True,saas
txn_4a3fa500b2,cust_4945298f92,1857.14,INR,network_timeout,False,2024-03-11 01:39:17,card,False,ecommerce_one_time
txn_3cfcf4f5d0,cust_9ef31e8cf5,336.15,INR,do_not_honor,False,2024-03-14 08:32:19,upi,True,saas
txn_bb7592c305,cust_4c119274cf,749.28,INR,issuer_declined,False,2024-03-07 07:19:48,netbanking,False,ecommerce_one_time
txn_c71afdd7e2,cust_e700a18bc1,839.92,INR,insufficient_funds,False,2024-03-07 06:55:34,card,True,saas
txn_ce565205a2,cust_34f259ec4a,143.24,INR,processing_error,False,2024-03-04 09:04:49,card,False,ecommerce_one_time
txn_93b7edaf7d,cust_1228f453fa,181.4,INR,card_expired,True,2024-03-11 12:43:05,upi,False,ecommerce_one_time
txn_d8e86cdf0c,cust_af1ab4d2d9,924.83,INR,issuer_declined,False,2024-03-12 12:43:31,card,False,saas
txn_f0944d5b38,cust_46c6dd4b0f,728.77,INR,insufficient_funds,False,2024-03-09 17:18:57,card,False,ecommerce_one_time
txn_78a6f842d2,cust_a3144feb9e,171.6,INR,insufficient_funds,False,2024-03-04 01:02:42,card,True,d2c_subscription
txn_8b0030a11d,cust_4c0cbb0b98,488.57,INR,insufficient_funds,False,2024-03-02 18:53:29,card,True,d2c_subscription
txn_b0c8a952b5,cust_2e898f2822,314.65,INR,processing_error,False,2024-03-10 12:44:36,card,True,ecommerce_one_time
txn_d65121cae9,cust_fdbb86d28d,193.75,INR,account_closed,True,2024-03-14 19:59:43,netbanking,False,ecommerce_one_time
txn_69da8117ef,cust_cc31baa930,1659.11,INR,account_closed,True,2024-03-13 22:41:47,upi,True,d2c_subscription
txn_87c81987d3,cust_245663538c,54.33,INR,network_timeout,False,2024-03-07 21:04:26,upi,True,ecommerce_one_time
txn_e63593fd9b,cust_0902ba1fb0,380.47,INR,insufficient_funds,False,2024-03-15 03:37:58,card,True,saas
txn_da35a0fb83,cust_e51acc48ee,479.36,INR,card_stolen,True,2024-03-05 08:47:04,card,True,saas
txn_e2b5cb7134,cust_afb9a0bfe8,4566.27,INR,issuer_declined,False,2024-03-15 00:52:59,card,True,saas
txn_5dac1491df,cust_e5274da2ce,2051.86,INR,issuer_declined,False,2024-03-09 13:39:20,netbanking,False,saas
txn_b9ce9ec6bc,cust_55dd1155a0,593.65,INR,processing_error,False,2024-03-04 07:59:32,netbanking,False,d2c_subscription
txn_e1b6b77a6d,cust_560afec802,459.15,INR,insufficient_funds,False,2024-03-08 22:47:30,card,True,saas
txn_58014d552a,cust_5774cd6011,261.11,INR,network_timeout,False,2024-03-06 01:13:15,netbanking,True,d2c_subscription
txn_8521cb29d3,cust_246897ffd4,930.0,INR,account_closed,True,2024-03-10 19:50:05,card,True,saas
txn_533973dc8b,cust_7a68d79715,855.78,INR,processing_error,False,2024-03-04 09:23:15,card,True,saas
txn_dc7f691fdb,cust_6f600342f4,663.22,INR,network_timeout,False,2024-03-09 12:37:46,upi,True,d2c_subscription
txn_633c314742,cust_8a88577df5,488.38,INR,issuer_declined,False,2024-03-04 23:00:35,card,True,saas
txn_6004d08ef4,cust_8e0ec567a4,954.87,INR,insufficient_funds,False,2024-03-02 04:04:30,netbanking,True,d2c_subscription
txn_445a4c8151,cust_3c3e6522c6,116.13,INR,network_timeout,False,2024-03-10 03:59:33,card,False,ecommerce_one_time
txn_55c9ecfece,cust_ed965a0600,6030.32,INR,do_not_honor,False,2024-03-12 06:03:30,upi,True,d2c_subscription
txn_79cf0d606b,cust_995177b128,679.97,INR,card_expired,True,2024-03-02 10:30:21,card,False,ecommerce_one_time
txn_02bd14ad8c,cust_6d3c457946,1099.07,INR,insufficient_funds,False,2024-03-05 23:13:19,card,False,ecommerce_one_time
txn_03ee401255,cust_fd96f66e31,750.04,INR,issuer_declined,False,2024-03-03 05:00:38,card,True,saas
txn_4a96661211,cust_82a7891a3f,1533.04,INR,issuer_declined,False,2024-03-10 04:51:42,netbanking,True,d2c_subscription
txn_6969e26c37,cust_aac38dad81,2282.39,INR,processing_error,False,2024-03-10 14:57:14,upi,False,saas
txn_cb2a8e1c8e,cust_0187b7a7ed,1120.23,INR,network_timeout,False,2024-03-13 18:19:04,upi,True,d2c_subscription
txn_e14765ba6b,cust_fc32e5fcda,288.84,INR,card_stolen,True,2024-03-04 16:17:31,card,True,d2c_subscription
txn_4d35acb1bf,cust_70f76fdaa4,2314.41,INR,issuer_declined,False,2024-03-03 16:21:35,card,False,d2c_subscription
txn_302a29a0b5,cust_dbad6f5469,1004.89,INR,do_not_honor,False,2024-03-04 00:35:42,card,True,ecommerce_one_time
txn_bf32cbade6,cust_aac38dad81,1853.49,INR,insufficient_funds,False,2024-03-11 10:09:57,upi,True,d2c_subscription
txn_cedbd202c9,cust_2514eddfd1,1423.83,INR,insufficient_funds,False,2024-03-08 15:52:34,card,True,ecommerce_one_time
txn_90868f5f3c,cust_b27664b149,3262.32,INR,issuer_declined,False,2024-03-08 14:18:04,card,True,d2c_subscription
txn_6780f86110,cust_4d3fdca34c,69.85,INR,do_not_honor,False,2024-03-13 19:32:22,upi,True,saas
txn_36a378a52d,cust_f0ee342eb6,187.83,INR,issuer_declined,False,2024-03-15 11:56:42,upi,True,saas
txn_b7d0d8413d,cust_f2944c7492,3892.85,INR,issuer_declined,False,2024-03-10 19:45:25,card,False,d2c_subscription
txn_084bdef081,cust_24162972b6,191.94,INR,do_not_honor,False,2024-03-08 08:31:57,card,True,d2c_subscription
txn_b1c168b43c,cust_7720b002c5,9469.31,INR,network_timeout,False,2024-03-01 15:45:34,card,True,saas
txn_ee48bcc1d7,cust_8314733011,905.56,INR,insufficient_funds,False,2024-03-03 06:24:30,upi,True,d2c_subscription
txn_9c78f70419,cust_3a85f3aac1,186.36,INR,issuer_declined,False,2024-03-05 11:26:45,card,True,saas
txn_ed4a2fc9d3,cust_6f29d8f859,945.45,INR,processing_error,False,2024-03-02 00:30:50,upi,True,d2c_subscription
txn_e1db64253b,cust_81bde1a3e7,693.65,INR,processing_error,False,2024-03-04 15:41:50,card,True,saas
txn_47b5a69070,cust_f0ede79dd8,268.2,INR,network_timeout,False,2024-03-08 03:10:53,netbanking,True,saas
txn_a9b02a35d9,cust_2e7486b83f,257.15,INR,insufficient_funds,False,2024-03-02 17:35:37,netbanking,True,saas
txn_0a9b78b0e8,cust_acd734c13f,435.34,INR,do_not_honor,False,2024-03-02 14:54:55,card,True,saas
txn_9759142749,cust_276530d98b,782.59,INR,card_expired,True,2024-03-12 15:52:19,card,False,d2c_subscription
txn_dcfb237224,cust_e2afe59876,162.8,INR,issuer_declined,False,2024-03-11 13:02:00,card,False,ecommerce_one_time
txn_e2957e2529,cust_923699b8a4,301.01,INR,issuer_declined,False,2024-03-01 22:36:59,netbanking,True,saas
txn_7075db5c6a,cust_34c1fdef31,135.26,INR,account_closed,True,2024-03-15 10:04:56,card,True,d2c_subscription
txn_b4dadba16c,cust_8faf0c2d04,845.06,INR,insufficient_funds,False,2024-03-08 05:54:16,upi,False,d2c_subscription
txn_27b9eef891,cust_932cccd89e,669.45,INR,processing_error,False,2024-03-10 03:22:29,card,True,d2c_subscription
txn_d607181607,cust_bacd9bf518,524.47,INR,network_timeout,False,2024-03-05 01:47:17,card,True,saas
txn_79e4f9bf57,cust_f944cf24db,891.48,INR,insufficient_funds,False,2024-03-02 02:01:24,upi,False,saas
txn_e7d67a54a4,cust_cf58dcc951,356.19,INR,processing_error,False,2024-03-11 01:04:53,upi,False,ecommerce_one_time
txn_485a46a02c,cust_cfa86c33b8,1085.96,INR,issuer_declined,False,2024-03-12 09:56:10,netbanking,False,ecommerce_one_time
txn_0ed4e74ee2,cust_d8d64b73e4,1206.14,INR,network_timeout,False,2024-03-10 21:19:10,netbanking,True,d2c_subscription
txn_0b75884f98,cust_4121053ea5,2273.47,INR,card_expired,True,2024-03-05 11:32:57,upi,True,d2c_subscription
txn_0e6bb44307,cust_5341add028,243.63,INR,network_timeout,False,2024-03-10 11:10:29,card,True,saas
txn_ed56a0d5fd,cust_03e0b8bc5d,72.56,INR,insufficient_funds,False,2024-03-06 12:09:22,netbanking,False,saas
txn_7a3eee5231,cust_88b2de1fe9,159.84,INR,processing_error,False,2024-03-10 15:03:08,upi,True,saas
txn_d02c703f0a,cust_f097620412,4718.16,INR,card_expired,True,2024-03-05 03:12:55,netbanking,True,d2c_subscription
txn_f36fdca80f,cust_63c3da41c1,196.87,INR,do_not_honor,False,2024-03-14 14:59:57,netbanking,True,saas
txn_ccd680e51f,cust_0cc1fee4ca,8177.15,INR,do_not_honor,False,2024-03-10 16:52:53,card,True,saas
txn_a087234da0,cust_2514eddfd1,3119.16,INR,insufficient_funds,False,2024-03-11 03:58:59,upi,True,saas
txn_2e0eee288f,cust_9ddbc6668b,678.68,INR,network_timeout,False,2024-03-07 03:06:04,upi,False,saas
txn_337de0824e,cust_3a7b7ab325,697.39,INR,insufficient_funds,False,2024-03-06 10:28:49,card,True,d2c_subscription
txn_ac69ce2e24,cust_abdc1ac395,167.66,INR,issuer_declined,False,2024-03-05 07:40:55,upi,False,d2c_subscription
txn_552534e9f2,cust_e242d3321d,298.35,INR,card_expired,True,2024-03-02 20:56:14,card,True,d2c_subscription
txn_cc1f6cda08,cust_a41839c128,531.61,INR,card_expired,True,2024-03-04 08:26:59,card,True,d2c_subscription
txn_cb2a8aeacf,cust_704ebe1690,7091.48,INR,account_closed,True,2024-03-14 22:00:02,card,True,d2c_subscription
txn_c245cfb948,cust_c7f5c33551,122.34,INR,issuer_declined,False,2024-03-06 00:18:47,upi,False,ecommerce_one_time
txn_c1ed9acc04,cust_e4863fcd03,513.59,INR,insufficient_funds,False,2024-03-15 06:24:47,upi,True,saas
txn_72ac31ce4e,cust_ce58ab213c,923.04,INR,do_not_honor,False,2024-03-09 17:02:18,card,True,saas
txn_784a0f45e7,cust_e8118e67af,385.31,INR,insufficient_funds,False,2024-03-07 04:57:15,card,False,ecommerce_one_time
txn_992f99677b,cust_7f262afd7d,444.87,INR,network_timeout,False,2024-03-11 00:45:41,upi,True,d2c_subscription
txn_44a3ad5e4b,cust_d2a9877118,3093.98,INR,do_not_honor,False,2024-03-05 16:54:34,card,True,d2c_subscription
txn_c61665d248,cust_70544834c2,465.84,INR,issuer_declined,False,2024-03-04 08:32:02,card,False,saas
txn_3d47e2b3e3,cust_fc69c02644,203.03,INR,insufficient_funds,False,2024-03-06 23:37:55,card,True,saas
txn_4960e3a390,cust_b35bcfadc7,491.43,INR,issuer_declined,False,2024-03-08 03:37:52,netbanking,True,saas
txn_c022c041ff,cust_b993dd01a6,6579.32,INR,network_timeout,False,2024-03-01 21:03:27,card,True,ecommerce_one_time
txn_c0307767c0,cust_4f13989d7d,486.93,INR,processing_error,False,2024-03-06 08:48:44,upi,True,d2c_subscription
txn_254d9731f6,cust_f35324f871,283.59,INR,insufficient_funds,False,2024-03-12 07:06:01,netbanking,True,saas
txn_1b2fc11927,cust_a1cd70f74e,724.72,INR,insufficient_funds,False,2024-03-06 07:25:41,card,True,saas
txn_36031ec96c,cust_392b2c7d6b,3463.63,INR,issuer_declined,False,2024-03-08 18:18:07,netbanking,True,saas
txn_3a39f95e69,cust_d070da4706,487.45,INR,insufficient_funds,False,2024-03-15 04:00:54,card,True,saas
txn_c9fb842a07,cust_d34bdc2b02,555.97,INR,card_expired,True,2024-03-02 16:15:25,card,False,d2c_subscription
txn_5738966bfa,cust_d6530d3860,737.26,INR,processing_error,False,2024-03-04 08:36:51,card,True,saas
txn_09a75d03d5,cust_33791d5518,609.1,INR,insufficient_funds,False,2024-03-06 20:31:16,upi,False,ecommerce_one_time
txn_8e25d3584d,cust_c7f5c33551,402.06,INR,network_timeout,False,2024-03-06 01:52:32,netbanking,True,d2c_subscription
txn_a4c7758374,cust_caf004b8f6,1775.47,INR,issuer_declined,False,2024-03-07 10:05:14,upi,True,ecommerce_one_time
txn_556ae570e6,cust_3a7f33da15,92.78,INR,insufficient_funds,False,2024-03-10 16:43:02,upi,False,ecommerce_one_time
txn_afeae47698,cust_e7e91e7465,368.61,INR,do_not_honor,False,2024-03-02 10:33:55,card,True,ecommerce_one_time
txn_39362c9608,cust_b1b15f13f1,136.97,INR,insufficient_funds,False,2024-03-07 18:07:33,netbanking,True,ecommerce_one_time
txn_c57a16104c,cust_9a6e893e15,846.73,INR,issuer_declined,False,2024-03-10 18:07:44,card,True,saas
txn_2449adaf4e,cust_c2f64d623a,639.15,INR,network_timeout,False,2024-03-05 21:55:09,card,True,saas
txn_1cd618411c,cust_5bd63c21d6,102.44,INR,card_expired,True,2024-03-13 07:11:21,netbanking,False,saas
txn_477c4e1ec4,cust_e7e91e7465,814.56,INR,issuer_declined,False,2024-03-11 00:38:02,card,False,d2c_subscription
txn_e3ab0507d4,cust_4b83d351a2,1023.05,INR,processing_error,False,2024-03-13 16:34:43,card,True,d2c_subscription
txn_30a64fcc98,cust_ef302cfef7,281.09,INR,insufficient_funds,False,2024-03-14 07:24:56,card,True,saas
txn_1fc923e63b,cust_94f7ade4a3,985.55,INR,do_not_honor,False,2024-03-03 23:51:04,card,False,ecommerce_one_time
txn_901d6523f4,cust_e30b02867a,631.96,INR,insufficient_funds,False,2024-03-09 09:08:20,upi,False,ecommerce_one_time
txn_307af1e050,cust_1b4a536b10,963.48,INR,do_not_honor,False,2024-03-03 12:03:56,card,True,d2c_subscription
txn_d8eba1ce26,cust_4945298f92,2092.27,INR,insufficient_funds,False,2024-03-06 13:48:12,netbanking,True,d2c_subscription
txn_4a60c40058,cust_6a3b6dd610,3799.22,INR,card_expired,True,2024-03-12 05:25:01,card,False,saas
txn_4a385cc1da,cust_24162972b6,146.32,INR,network_timeout,False,2024-03-12 12:58:29,upi,True,d2c_subscription
txn_819e6d85d1,cust_156ceb881a,1056.07,INR,issuer_declined,False,2024-03-09 02:25:27,upi,True,saas
txn_b877608eba,cust_0ca182a1b6,1100.07,INR,processing_error,False,2024-03-14 04:09:37,upi,True,d2c_subscription
txn_f814f34238,cust_5aba48d47b,441.05,INR,insufficient_funds,False,2024-03-07 07:29:24,card,True,saas
txn_171695aad4,cust_d874bb29e6,582.56,INR,processing_error,False,2024-03-09 01:38:50,upi,True,saas
txn_c7cb285f04,cust_ce58ab213c,49.78,INR,issuer_declined,False,2024-03-13 13:17:05,upi,True,d2c_subscription
txn_95c46c1530,cust_067bcf80f0,6199.03,INR,insufficient_funds,False,2024-03-08 03:42:04,netbanking,True,d2c_subscription
txn_24ea9aea89,cust_932df53c1e,2117.51,INR,processing_error,False,2024-03-03 14:47:59,card,True,saas
txn_6388a087d2,cust_a1d852b436,14263.2,INR,issuer_declined,False,2024-03-02 18:40:24,card,False,ecommerce_one_time
txn_a5c1521940,cust_eef0abafed,100.93,INR,do_not_honor,False,2024-03-09 15:15:25,upi,True,saas
txn_05d4e0b42e,cust_932df53c1e,2333.01,INR,do_not_honor,False,2024-03-14 11:25:22,card,True,ecommerce_one_time
txn_970604df07,cust_ac9a5c8cef,823.07,INR,insufficient_funds,False,2024-03-03 09:52:23,card,False,saas
txn_a35405f80e,cust_a124550212,2621.75,INR,insufficient_funds,False,2024-03-07 18:51:34,netbanking,True,saas
txn_0ec4778d56,cust_b11ac9f39e,1052.91,INR,do_not_honor,False,2024-03-04 20:36:52,card,False,ecommerce_one_time
txn_f0e8cc63f3,cust_c7f5c33551,599.94,INR,do_not_honor,False,2024-03-14 20:48:23,card,True,d2c_subscription
txn_0d85e6e197,cust_eb4ff5b760,713.52,INR,insufficient_funds,False,2024-03-11 08:53:44,upi,False,d2c_subscription
txn_8ce03b81f2,cust_41073dcc5a,12933.31,INR,issuer_declined,False,2024-03-11 12:02:13,card,False,d2c_subscription
txn_612950860a,cust_7769a364e0,1544.84,INR,do_not_honor,False,2024-03-05 11:13:52,card,True,d2c_subscription
txn_69f8d5aa0f,cust_5bd63c21d6,599.1,INR,processing_error,False,2024-03-05 23:07:14,card,False,ecommerce_one_time
txn_8c93152fbd,cust_eae1bace0b,1342.01,INR,network_timeout,False,2024-03-05 03:07:24,card,True,saas
txn_7ee635f797,cust_b90f845d3c,1973.52,INR,issuer_declined,False,2024-03-09 22:33:27,card,True,ecommerce_one_time
txn_3d66ea60d1,cust_c46d69ef7e,2459.42,INR,do_not_honor,False,2024-03-11 03:24:57,upi,False,ecommerce_one_time
txn_da62df0791,cust_82cd1edf28,80.94,INR,do_not_honor,False,2024-03-12 20:25:36,card,False,ecommerce_one_time
txn_d0311201f2,cust_8d912fc5c8,938.47,INR,issuer_declined,False,2024-03-11 22:44:42,card,True,d2c_subscription
txn_d41262ab0c,cust_b01783c041,4220.39,INR,insufficient_funds,False,2024-03-13 04:49:41,upi,False,d2c_subscription
txn_6fc4115fe7,cust_7566735ea6,797.93,INR,insufficient_funds,False,2024-03-03 23:19:42,card,True,d2c_subscription
txn_03b4766525,cust_5318cc1f36,1123.54,INR,network_timeout,False,2024-03-06 00:19:26,card,False,saas
txn_e9dc9e0d82,cust_2e898f2822,188.32,INR,insufficient_funds,False,2024-03-06 00:12:53,card,False,ecommerce_one_time
txn_e9c7177dde,cust_f237f63575,2103.92,INR,processing_error,False,2024-03-03 02:19:49,card,True,d2c_subscription
txn_c8d7680157,cust_e4b440d4c6,380.45,INR,do_not_honor,False,2024-03-05 03:30:13,card,True,d2c_subscription
txn_df51af9b79,cust_a09d2ee39b,714.36,INR,issuer_declined,False,2024-03-11 00:17:37,card,False,ecommerce_one_time
txn_3698e739b6,cust_c9c73c9345,2740.98,INR,network_timeout,False,2024-03-11 02:48:49,netbanking,False,saas
txn_3765d02e03,cust_6f8f889f9c,209.73,INR,processing_error,False,2024-03-13 17:13:54,netbanking,True,ecommerce_one_time
txn_655735e287,cust_f7448e222b,217.26,INR,insufficient_funds,False,2024-03-05 09:20:35,netbanking,False,ecommerce_one_time
txn_d16180117f,cust_76516c21f7,642.09,INR,processing_error,False,2024-03-03 06:13:33,card,True,saas
txn_7b8a540f9a,cust_7583bac233,1280.59,INR,do_not_honor,False,2024-03-05 11:59:35,upi,True,saas
txn_c4a24544f1,cust_e80cf72167,273.46,INR,issuer_declined,False,2024-03-08 21:52:37,upi,True,d2c_subscription
txn_3f2ee38094,cust_3ea5cf185e,514.61,INR,processing_error,False,2024-03-10 20:01:11,card,True,saas
txn_071d494c4a,cust_2b613635cd,233.81,INR,processing_error,False,2024-03-09 08:44:43,netbanking,False,ecommerce_one_time
txn_2c8d7c1735,cust_7aa37f568c,4603.81,INR,issuer_declined,False,2024-03-11 17:07:32,upi,True,saas
txn_e50c6c2de0,cust_b8fec98113,374.23,INR,account_closed,True,2024-03-13 04:24:29,card,False,saas
txn_66e8d785c9,cust_77743daa0b,2161.76,INR,processing_error,False,2024-03-09 11:03:05,netbanking,True,saas
txn_b54a844fb5,cust_67eeaad87d,2836.57,INR,do_not_honor,False,2024-03-12 04:27:40,card,False,ecommerce_one_time
txn_741a7ff68a,cust_1be3e5509e,896.82,INR,insufficient_funds,False,2024-03-05 03:39:55,card,True,d2c_subscription
txn_0f1f69069d,cust_29669b8550,5585.13,INR,insufficient_funds,False,2024-03-02 19:24:46,card,False,ecommerce_one_time
txn_396bc1ddd0,cust_a0aa60e816,2091.91,INR,issuer_declined,False,2024-03-12 18:57:17,card,False,ecommerce_one_time
txn_9d71520202,cust_fce65d5270,1471.99,INR,processing_error,False,2024-03-15 09:58:20,netbanking,True,d2c_subscription
txn_d1afeb68c8,cust_71fbc80dbc,2772.75,INR,do_not_honor,False,2024-03-03 06:14:53,upi,True,saas
txn_0a5d3a2bc4,cust_293763ec13,649.95,INR,processing_error,False,2024-03-11 09:14:28,card,True,saas
txn_08c966c9b9,cust_cfc398913d,2004.79,INR,insufficient_funds,False,2024-03-11 22:13:39,upi,True,ecommerce_one_time
txn_7e322e85b1,cust_0f845c69cd,583.22,INR,processing_error,False,2024-03-03 12:35:39,netbanking,True,saas
txn_92bb585a06,cust_eface3a8b1,2841.41,INR,network_timeout,False,2024-03-03 17:53:00,netbanking,False,ecommerce_one_time
txn_7c64822315,cust_5a3d28ea4a,1068.63,INR,processing_error,False,2024-03-07 08:54:33,netbanking,False,ecommerce_one_time
txn_1330ab889e,cust_5fcf3b998e,568.53,INR,processing_error,False,2024-03-13 07:38:53,netbanking,True,d2c_subscription
txn_0a30d8a8f1,cust_c96647335f,19916.28,INR,network_timeout,False,2024-03-05 14:55:54,upi,True,d2c_subscription
txn_85c6e85184,cust_10f26a8a75,174.43,INR,insufficient_funds,False,2024-03-05 03:32:53,card,False,ecommerce_one_time
txn_b86ce14a45,cust_35afcf1851,3283.8,INR,processing_error,False,2024-03-09 07:02:30,netbanking,False,ecommerce_one_time
txn_daf55077a8,cust_3b0e88c020,1289.76,INR,card_stolen,True,2024-03-07 15:22:17,card,True,d2c_subscription
txn_3957a1f0b3,cust_916c2dfaf7,481.81,INR,do_not_honor,False,2024-03-07 23:45:18,card,False,d2c_subscription
txn_a6d38dca72,cust_7ea519a5d3,5345.29,INR,insufficient_funds,False,2024-03-06 05:45:00,card,True,d2c_subscription
txn_8b12694cef,cust_7209af5872,1251.42,INR,account_closed,True,2024-03-08 06:44:38,card,True,saas
txn_9fd3cde733,cust_ce12251237,1444.41,INR,insufficient_funds,False,2024-03-01 20:41:25,upi,False,ecommerce_one_time
txn_35f6c24e88,cust_138677055e,648.76,INR,issuer_declined,False,2024-03-15 00:10:35,netbanking,True,d2c_subscription
txn_11aae945d4,cust_368d3b7e8b,257.43,INR,insufficient_funds,False,2024-03-14 18:20:26,card,False,ecommerce_one_time
txn_fff2668193,cust_4d3fdca34c,1474.65,INR,issuer_declined,False,2024-03-13 09:12:20,upi,True,saas
txn_faeae210dc,cust_b79b41a7fb,962.61,INR,issuer_declined,False,2024-03-13 09:53:37,card,True,ecommerce_one_time
txn_71ed12ade5,cust_3888f18978,824.31,INR,do_not_honor,False,2024-03-08 12:25:13,upi,True,d2c_subscription
txn_0eb1078ebe,cust_93a74129ce,543.25,INR,card_expired,True,2024-03-14 09:25:40,card,True,d2c_subscription
txn_94df8193c9,cust_b367134a54,160.03,INR,issuer_declined,False,2024-03-12 19:45:21,card,True,saas
txn_9b4fbbe4fc,cust_71c2958090,1088.74,INR,do_not_honor,False,2024-03-08 05:24:08,upi,False,ecommerce_one_time
txn_87509690c9,cust_834b9ce52c,1214.26,INR,network_timeout,False,2024-03-02 21:43:32,card,True,d2c_subscription
txn_ed5addc6b5,cust_3c5ea7168e,1840.86,INR,network_timeout,False,2024-03-04 06:15:25,card,True,d2c_subscription
txn_c3dbab7c17,cust_c501d8891a,1938.71,INR,insufficient_funds,False,2024-03-12 11:10:37,card,True,saas
txn_71aef1fa7e,cust_6a991255c7,639.98,INR,insufficient_funds,False,2024-03-14 17:34:44,card,True,saas
txn_771d100ea7,cust_0a7e29899f,4919.3,INR,do_not_honor,False,2024-03-05 03:42:03,upi,True,saas
txn_f1af8b04b5,cust_ef239b6ce3,1105.44,INR,network_timeout,False,2024-03-04 14:07:10,card,True,saas
txn_ec3326bdd1,cust_f55846fc6e,1374.84,INR,do_not_honor,False,2024-03-02 11:50:41,card,True,d2c_subscription
txn_dea2d92361,cust_1b4a536b10,975.3,INR,insufficient_funds,False,2024-03-09 10:29:36,netbanking,False,d2c_subscription
txn_8655eb0cb8,cust_fa51b2cbb9,1217.78,INR,processing_error,False,2024-03-14 16:22:05,upi,True,d2c_subscription
txn_a2c4900dd5,cust_6097213761,723.65,INR,processing_error,False,2024-03-02 07:40:48,card,True,d2c_subscription
txn_50ce18cef6,cust_96f561ca96,1695.83,INR,do_not_honor,False,2024-03-11 11:26:38,upi,True,d2c_subscription
txn_ba69142db7,cust_ad2d417b3a,427.0,INR,network_timeout,False,2024-03-10 03:24:51,card,True,saas
txn_ef0fc8a0bf,cust_a19f490429,2690.64,INR,network_timeout,False,2024-03-09 16:49:23,card,False,ecommerce_one_time
txn_ada4170086,cust_5341add028,478.93,INR,processing_error,False,2024-03-01 17:10:31,upi,True,d2c_subscription
txn_e45e3e3ab2,cust_c27f4ab716,455.12,INR,processing_error,False,2024-03-10 10:38:35,card,False,d2c_subscription
txn_718feb2c3f,cust_3b5f80c233,910.77,INR,processing_error,False,2024-03-07 17:00:32,card,True,ecommerce_one_time
txn_7c0872579b,cust_b9b95a7cfe,243.27,INR,do_not_honor,False,2024-03-08 10:34:32,netbanking,True,ecommerce_one_time
txn_76c8047d65,cust_38463dd23b,149.8,INR,issuer_declined,False,2024-03-01 15:21:45,upi,True,d2c_subscription
txn_aaf78ab23e,cust_2713e10c7a,481.13,INR,processing_error,False,2024-03-02 04:00:53,netbanking,True,d2c_subscription
txn_bd9fee3b0e,cust_4d7c953ae4,445.5,INR,do_not_honor,False,2024-03-06 15:41:11,netbanking,True,ecommerce_one_time
txn_6a687f3523,cust_49a8d06e17,279.44,INR,do_not_honor,False,2024-03-14 00:26:33,card,False,ecommerce_one_time
txn_77fae6c54f,cust_0e77c21f77,447.29,INR,insufficient_funds,False,2024-03-10 15:37:53,upi,True,saas
txn_c42347e5f2,cust_763ae91e8c,23942.74,INR,processing_error,False,2024-03-06 04:12:28,card,False,d2c_subscription
txn_9b3ed8dc39,cust_2514eddfd1,965.09,INR,processing_error,False,2024-03-04 06:03:17,upi,False,ecommerce_one_time
txn_845bbef39f,cust_5e67290d43,352.89,INR,issuer_declined,False,2024-03-04 23:22:44,card,False,ecommerce_one_time
txn_cd0f1748e1,cust_a8cb29240d,72.62,INR,issuer_declined,False,2024-03-08 16:22:54,card,True,saas
txn_391471a4b9,cust_8a88577df5,709.19,INR,insufficient_funds,False,2024-03-06 02:41:15,card,True,d2c_subscription
txn_cfb40243f9,cust_17527de511,1350.3,INR,card_stolen,True,2024-03-11 04:14:26,upi,True,d2c_subscription
txn_874e0fcc32,cust_14a613c8a4,601.75,INR,network_timeout,False,2024-03-06 14:19:23,card,True,saas
txn_8eab332b04,cust_b6c70edf44,1275.59,INR,do_not_honor,False,2024-03-08 19:16:46,upi,True,d2c_subscription
txn_4da6cddb51,cust_2f3aac4682,932.48,INR,issuer_declined,False,2024-03-05 22:15:02,netbanking,False,d2c_subscription
txn_7e249a06b9,cust_f284c22bdf,6924.2,INR,processing_error,False,2024-03-03 07:02:15,upi,True,saas
txn_e916211b68,cust_fb971a75d8,1078.76,INR,do_not_honor,False,2024-03-04 00:27:54,card,True,saas
txn_aed1d6d0db,cust_9496ed8288,1053.11,INR,card_stolen,True,2024-03-05 05:56:41,card,False,ecommerce_one_time
txn_904aeddbcf,cust_5038017d73,547.03,INR,insufficient_funds,False,2024-03-04 17:59:52,netbanking,False,ecommerce_one_time
txn_e6e75b5730,cust_3674315a87,1716.27,INR,insufficient_funds,False,2024-03-13 01:36:50,upi,False,ecommerce_one_time
txn_a40c379845,cust_b993dd01a6,314.62,INR,do_not_honor,False,2024-03-12 21:52:34,card,False,ecommerce_one_time
txn_bdf10895df,cust_6fde3282eb,1241.47,INR,insufficient_funds,False,2024-03-03 18:13:53,netbanking,False,ecommerce_one_time
txn_ba106e72ed,cust_3888f18978,2680.96,INR,do_not_honor,False,2024-03-07 22:15:18,card,True,d2c_subscription
txn_170fe5ea8e,cust_6ea2fac2b9,127.88,INR,network_timeout,False,2024-03-09 11:02:37,card,True,saas
txn_55636b1bab,cust_e6ae61fccd,126.68,INR,insufficient_funds,False,2024-03-06 04:33:05,card,True,ecommerce_one_time
txn_74868afdfe,cust_16e537a621,490.51,INR,issuer_declined,False,2024-03-14 08:09:23,card,True,d2c_subscription
txn_4cc2d4c536,cust_4f13989d7d,1283.78,INR,processing_error,False,2024-03-13 04:31:47,card,False,saas
txn_88b2022b7b,cust_bd65c4e738,827.37,INR,network_timeout,False,2024-03-13 10:33:01,upi,False,ecommerce_one_time
txn_b47061be1f,cust_2b6b4cd71c,1793.65,INR,do_not_honor,False,2024-03-07 13:47:06,card,True,saas
txn_da284fdaa3,cust_bb2b76234d,234.87,INR,insufficient_funds,False,2024-03-14 13:46:09,upi,True,ecommerce_one_time
txn_e4e952285d,cust_1e21fdf824,2044.13,INR,do_not_honor,False,2024-03-14 20:59:50,upi,True,d2c_subscription
txn_8759d4d0d8,cust_e6515caff1,279.45,INR,issuer_declined,False,2024-03-06 00:40:00,netbanking,True,saas
txn_171b3ded8f,cust_91c93b3619,50.4,INR,processing_error,False,2024-03-05 05:05:32,card,True,ecommerce_one_time
txn_6cc66c8456,cust_c2f64d623a,1659.74,INR,do_not_honor,False,2024-03-11 21:27:30,upi,False,ecommerce_one_time
txn_d32f1977ea,cust_d67faeb8e9,162.61,INR,insufficient_funds,False,2024-03-05 19:49:37,card,True,d2c_subscription
txn_0b3cb5075c,cust_cf15590c4b,222.16,INR,processing_error,False,2024-03-14 03:37:37,upi,True,d2c_subscription
txn_95e33cee5a,cust_7f7defd2f4,176.52,INR,do_not_honor,False,2024-03-09 18:25:34,card,True,saas
txn_9936b235c5,cust_39615d0288,1004.4,INR,insufficient_funds,False,2024-03-10 09:08:06,upi,True,saas
txn_38533ae630,cust_073c81c7d9,1339.81,INR,do_not_honor,False,2024-03-10 15:36:11,card,True,saas
txn_3a21d2a669,cust_0baea7d55b,304.3,INR,card_expired,True,2024-03-03 08:41:58,upi,True,saas
txn_cf65c42516,cust_a16791a96d,1438.08,INR,processing_error,False,2024-03-14 09:38:02,card,True,saas
txn_b7c5dbe2b3,cust_aa71e5c132,263.06,INR,issuer_declined,False,2024-03-06 16:44:51,card,True,d2c_subscription
txn_7482190a72,cust_6ec410a8ac,1227.46,INR,processing_error,False,2024-03-11 16:02:02,upi,True,saas
txn_7144b71fc6,cust_88b2de1fe9,614.24,INR,issuer_declined,False,2024-03-08 16:37:40,card,True,d2c_subscription
txn_7d2f4baf0d,cust_51c7eb3cb0,2927.18,INR,do_not_honor,False,2024-03-12 16:23:26,upi,False,saas
txn_7451df75eb,cust_d924ea0634,350.05,INR,do_not_honor,False,2024-03-05 05:38:48,upi,False,saas
txn_bad9b02a18,cust_f867914245,4688.83,INR,insufficient_funds,False,2024-03-14 15:32:35,upi,False,ecommerce_one_time
txn_a128e8a989,cust_2dbe5a771e,492.21,INR,issuer_declined,False,2024-03-14 10:29:58,upi,False,ecommerce_one_time
txn_61929f4eb0,cust_58b41a9d9a,329.91,INR,card_expired,True,2024-03-10 21:31:25,upi,False,ecommerce_one_time
txn_e529fce2c5,cust_e3c022f036,400.2,INR,insufficient_funds,False,2024-03-03 03:23:20,netbanking,False,saas
txn_bfb8febed1,cust_956447e87c,441.03,INR,network_timeout,False,2024-03-15 03:58:41,card,True,d2c_subscription
txn_efe54f7e3f,cust_a1d4fa3c18,3667.2,INR,processing_error,False,2024-03-13 00:16:51,upi,True,saas
txn_7143bacf8d,cust_2580246e0a,307.33,INR,do_not_honor,False,2024-03-08 14:45:52,upi,True,d2c_subscription
txn_9a71ef91cb,cust_5ce61c8bde,1653.8,INR,insufficient_funds,False,2024-03-15 04:48:57,card,False,ecommerce_one_time
txn_c2567b71e9,cust_1546e390ef,2142.95,INR,insufficient_funds,False,2024-03-08 00:28:40,card,False,saas
txn_9e3f30b1c8,cust_6f21fd00cc,2570.94,INR,insufficient_funds,False,2024-03-10 10:14:49,card,False,ecommerce_one_time
txn_3b365f481b,cust_5ff83b1f4d,798.03,INR,do_not_honor,False,2024-03-06 11:04:07,upi,False,d2c_subscription
txn_4cc8d56238,cust_73e016317c,183.43,INR,card_stolen,True,2024-03-14 16:21:43,card,True,saas
txn_0476f5ddda,cust_d2eb0273db,87.92,INR,network_timeout,False,2024-03-13 00:37:45,upi,True,saas
txn_a891778780,cust_60536985d3,1512.78,INR,insufficient_funds,False,2024-03-13 03:51:42,upi,True,ecommerce_one_time
txn_0a7e8e7cba,cust_610cd0ce73,4032.75,INR,insufficient_funds,False,2024-03-05 04:13:15,upi,True,d2c_subscription
txn_8213b39262,cust_b993dd01a6,1509.74,INR,insufficient_funds,False,2024-03-05 03:41:48,card,True,saas
txn_cdd20573dc,cust_d1f3878581,845.8,INR,card_stolen,True,2024-03-13 20:55:31,upi,True,saas
txn_3abb8ed8a4,cust_2aa386c786,559.34,INR,insufficient_funds,False,2024-03-09 20:00:35,upi,False,ecommerce_one_time
txn_f7c65cfaf4,cust_d6530d3860,610.22,INR,insufficient_funds,False,2024-03-05 15:29:43,card,True,saas
txn_6d15f47a99,cust_609f77bd1a,1676.65,INR,do_not_honor,False,2024-03-15 09:40:56,card,False,ecommerce_one_time
txn_3965593203,cust_1f784b2fff,7855.38,INR,do_not_honor,False,2024-03-14 02:11:31,card,True,d2c_subscription
txn_4fe5e571e0,cust_e51acc48ee,2060.27,INR,insufficient_funds,False,2024-03-06 11:41:52,netbanking,True,saas
txn_e268608f75,cust_23b2ced574,25.36,INR,processing_error,False,2024-03-07 14:16:07,card,True,saas
txn_93b12bfa7c,cust_3ad494e676,1218.74,INR,insufficient_funds,False,2024-03-05 14:24:39,card,False,ecommerce_one_time
txn_a5259fee8c,cust_5c68a0ef84,1094.97,INR,insufficient_funds,False,2024-03-08 23:12:47,card,True,d2c_subscription
txn_d925bb6f7a,cust_e80cf72167,2264.11,INR,insufficient_funds,False,2024-03-02 20:56:25,card,True,saas
txn_41c633c6a4,cust_0a16b1db39,2834.21,INR,issuer_declined,False,2024-03-13 17:49:56,card,True,saas
txn_90fef35100,cust_fce65d5270,1448.21,INR,card_stolen,True,2024-03-13 08:03:13,upi,False,ecommerce_one_time
txn_a2e4748656,cust_91c93b3619,3119.2,INR,do_not_honor,False,2024-03-06 14:32:05,card,True,d2c_subscription
txn_b28cd278e9,cust_b1b15f13f1,1069.42,INR,processing_error,False,2024-03-03 11:59:33,netbanking,True,d2c_subscription
txn_7cd203bfad,cust_6d759a6544,404.47,INR,issuer_declined,False,2024-03-15 04:18:18,card,False,saas
txn_fb26e84314,cust_246897ffd4,3099.41,INR,processing_error,False,2024-03-05 13:52:27,card,True,d2c_subscription
txn_47c104c7fd,cust_08c2d019be,367.15,INR,card_stolen,True,2024-03-01 21:13:12,upi,False,ecommerce_one_time
txn_3c80f8a093,cust_1f1cce45eb,772.16,INR,issuer_declined,False,2024-03-07 14:37:22,upi,True,saas
txn_34524a8faf,cust_2d31e0daee,236.9,INR,account_closed,True,2024-03-03 20:45:18,netbanking,False,ecommerce_one_time
txn_0fa53e80d1,cust_24162972b6,396.3,INR,processing_error,False,2024-03-11 20:02:44,card,False,ecommerce_one_time
txn_7657455ee2,cust_3ad494e676,2543.52,INR,processing_error,False,2024-03-04 05:32:05,card,True,saas
txn_8334a5f72e,cust_14e2a88747,3205.62,INR,insufficient_funds,False,2024-03-09 02:09:54,upi,False,ecommerce_one_time
txn_9f05f2ceed,cust_32a26d2ab9,690.53,INR,processing_error,False,2024-03-11 07:41:59,card,False,d2c_subscription
txn_684f380ba8,cust_b610d2062b,453.41,INR,do_not_honor,False,2024-03-12 17:22:52,upi,True,d2c_subscription
txn_b0443f235a,cust_28dad94653,1734.9,INR,card_stolen,True,2024-03-03 13:25:56,card,False,saas
txn_b186fd2a68,cust_4b83d351a2,231.77,INR,card_expired,True,2024-03-05 10:51:17,card,True,ecommerce_one_time
txn_3412b039c9,cust_2e89d74b40,2855.53,INR,issuer_declined,False,2024-03-04 11:01:13,upi,True,d2c_subscription
txn_e1c4f04edb,cust_2357a5f167,1685.18,INR,card_expired,True,2024-03-05 15:35:38,upi,True,ecommerce_one_time
txn_54d0c6c4f5,cust_839673facd,1344.85,INR,network_timeout,False,2024-03-11 22:05:44,netbanking,True,saas
txn_15b7b7fb3a,cust_f7448e222b,200.79,INR,do_not_honor,False,2024-03-12 19:38:46,netbanking,True,saas
txn_34d11ab35a,cust_7a9b8cbf54,721.15,INR,insufficient_funds,False,2024-03-06 10:20:41,card,False,ecommerce_one_time
txn_322801f297,cust_94d4ab9313,486.29,INR,insufficient_funds,False,2024-03-11 23:07:15,upi,True,d2c_subscription
txn_7fdc69e1aa,cust_d3128defaa,1486.61,INR,insufficient_funds,False,2024-03-06 10:15:52,netbanking,True,saas
txn_367489f917,cust_4c1eac0ccc,530.55,INR,insufficient_funds,False,2024-03-02 21:13:36,card,True,ecommerce_one_time
txn_3a979d32f5,cust_1e1e92754a,1006.12,INR,card_stolen,True,2024-03-05 00:21:32,card,True,saas
txn_f955776114,cust_1e21fdf824,974.83,INR,insufficient_funds,False,2024-03-08 21:30:50,netbanking,False,ecommerce_one_time
txn_d2d0c5b495,cust_cfa86c33b8,886.14,INR,processing_error,False,2024-03-02 18:37:42,card,False,ecommerce_one_time
txn_382add2d89,cust_0ca0f75d70,787.18,INR,processing_error,False,2024-03-07 18:49:29,netbanking,True,saas
txn_e0d604dd4a,cust_971245b04b,289.93,INR,processing_error,False,2024-03-08 22:06:27,card,False,d2c_subscription
txn_012b3af55b,cust_5ba67e50b4,1361.87,INR,insufficient_funds,False,2024-03-02 01:54:07,netbanking,False,ecommerce_one_time
txn_384eb0d688,cust_0337cfb953,1210.4,INR,do_not_honor,False,2024-03-10 19:24:32,upi,False,ecommerce_one_time
txn_6b482b1e83,cust_488617e988,635.68,INR,do_not_honor,False,2024-03-12 14:26:24,upi,False,d2c_subscription
txn_9f8f8844ef,cust_6444da814f,1385.73,INR,do_not_honor,False,2024-03-13 13:18:26,upi,True,d2c_subscription
txn_25094294a8,cust_f5f5739f65,1070.01,INR,insufficient_funds,False,2024-03-06 17:17:04,card,True,d2c_subscription
txn_751d5e3bb5,cust_4f13989d7d,865.59,INR,processing_error,False,2024-03-08 08:38:31,upi,False,saas
txn_ff2fc21849,cust_804696f6a8,4672.76,INR,insufficient_funds,False,2024-03-04 15:55:52,netbanking,True,d2c_subscription
txn_ead45027ff,cust_3c3d156b27,1490.85,INR,do_not_honor,False,2024-03-13 10:42:54,netbanking,True,saas
txn_7730331969,cust_b35bcfadc7,730.52,INR,issuer_declined,False,2024-03-11 00:40:06,netbanking,True,saas
txn_6f5acb1f65,cust_7999be9f14,2495.31,INR,insufficient_funds,False,2024-03-13 19:24:12,upi,False,d2c_subscription
txn_73ae27417f,cust_57ed0ba85a,243.28,INR,network_timeout,False,2024-03-11 04:14:16,upi,False,ecommerce_one_time
txn_7b96d8d6f6,cust_6ea2fac2b9,11556.31,INR,insufficient_funds,False,2024-03-02 01:20:25,upi,False,saas
txn_edf388629b,cust_0d0e53d3b7,1297.57,INR,card_expired,True,2024-03-02 22:40:08,upi,True,saas
txn_c78a036e53,cust_91c93b3619,773.76,INR,network_timeout,False,2024-03-08 13:18:45,upi,False,saas
txn_a3720caf6d,cust_b9b95a7cfe,240.04,INR,issuer_declined,False,2024-03-14 02:35:59,card,True,saas
txn_03e94f22c8,cust_2e898f2822,237.24,INR,issuer_declined,False,2024-03-01 13:42:36,card,False,ecommerce_one_time
txn_912eb31bf1,cust_bbb898167b,533.7,INR,insufficient_funds,False,2024-03-13 07:07:43,upi,False,d2c_subscription
txn_11c6bbaaf0,cust_4d7c953ae4,9479.29,INR,card_expired,True,2024-03-14 02:01:01,card,True,saas
txn_d3836d4fcb,cust_9aa4c5ac59,515.46,INR,do_not_honor,False,2024-03-09 17:55:09,card,False,ecommerce_one_time
txn_a1d6e1f748,cust_fd96f66e31,1457.04,INR,insufficient_funds,False,2024-03-02 07:46:08,card,False,saas
txn_700371dc1b,cust_70544834c2,758.94,INR,do_not_honor,False,2024-03-04 07:44:27,upi,False,d2c_subscription
txn_bba8dfbd22,cust_22d502fceb,1835.91,INR,insufficient_funds,False,2024-03-10 11:10:59,netbanking,False,ecommerce_one_time
txn_f0e85fed00,cust_526cf928b1,8510.36,INR,do_not_honor,False,2024-03-09 03:07:23,upi,False,ecommerce_one_time
txn_c2d4561479,cust_3a9b10c115,1215.25,INR,do_not_honor,False,2024-03-14 15:38:11,netbanking,True,saas
txn_698ba81b44,cust_d96871f559,3908.21,INR,insufficient_funds,False,2024-03-11 17:05:24,netbanking,True,d2c_subscription
txn_92e3e8c1cb,cust_6f21fd00cc,243.26,INR,network_timeout,False,2024-03-06 02:50:49,card,True,d2c_subscription
txn_7bdbf434ff,cust_4792fba58f,1580.74,INR,insufficient_funds,False,2024-03-09 14:46:52,card,False,d2c_subscription
txn_2a8635c95d,cust_14a3fee109,988.98,INR,do_not_honor,False,2024-03-01 19:05:37,card,True,saas
txn_b724ca4626,cust_b9af09dc9c,1063.96,INR,processing_error,False,2024-03-09 06:19:32,card,False,ecommerce_one_time
txn_f40b803ceb,cust_1fdcd88134,521.27,INR,card_stolen,True,2024-03-03 15:27:27,upi,True,d2c_subscription
txn_ed7f518955,cust_2684c3fe7d,105.53,INR,do_not_honor,False,2024-03-05 07:43:11,card,False,d2c_subscription
txn_6c4d03cbd2,cust_c790ea5bc5,446.93,INR,card_expired,True,2024-03-08 09:24:59,netbanking,False,ecommerce_one_time
txn_76dbff6767,cust_3a7e08085e,1286.01,INR,issuer_declined,False,2024-03-03 08:06:00,upi,False,ecommerce_one_time
txn_6c584419d6,cust_d7dee66ec1,762.85,INR,network_timeout,False,2024-03-03 07:23:06,card,False,ecommerce_one_time
txn_c4dd953b3f,cust_3f46424042,518.29,INR,insufficient_funds,False,2024-03-11 00:03:35,netbanking,True,saas
txn_c5b77f736e,cust_b37c10af15,151.11,INR,processing_error,False,2024-03-11 14:26:40,netbanking,True,saas
txn_485485ef5c,cust_75e806b532,129.79,INR,insufficient_funds,False,2024-03-05 13:55:51,upi,True,d2c_subscription
txn_1981e8f4d4,cust_e29765fdce,241.22,INR,account_closed,True,2024-03-15 02:52:51,upi,True,saas
txn_8ccd70420c,cust_4453efebb7,878.91,INR,card_stolen,True,2024-03-05 16:20:01,netbanking,True,d2c_subscription
txn_2295f23508,cust_4276252b27,249.87,INR,issuer_declined,False,2024-03-09 09:50:05,upi,True,d2c_subscription
txn_bcd0ab983a,cust_704ebe1690,1539.06,INR,do_not_honor,False,2024-03-04 18:18:21,netbanking,True,d2c_subscription
txn_b4f1d44a36,cust_41209dd100,2008.06,INR,do_not_honor,False,2024-03-13 16:18:43,card,True,saas
txn_78a94953f1,cust_76712b6c57,613.42,INR,insufficient_funds,False,2024-03-07 10:42:45,upi,False,ecommerce_one_time
txn_89ed1a1a3c,cust_026d15c76a,210.28,INR,processing_error,False,2024-03-07 23:52:37,card,True,d2c_subscription
txn_bed731ba38,cust_32ad247268,397.18,INR,processing_error,False,2024-03-15 07:03:41,card,True,d2c_subscription
txn_f28ad94bbb,cust_e46fefae85,308.72,INR,do_not_honor,False,2024-03-08 03:43:55,card,True,d2c_subscription
txn_9a53331412,cust_e700a18bc1,545.23,INR,insufficient_funds,False,2024-03-06 07:37:43,card,False,saas
txn_c3d142c15c,cust_50bfc48bdb,1864.22,INR,card_expired,True,2024-03-09 19:51:07,card,True,d2c_subscription
txn_bc3dd03f65,cust_5a8381e7d7,5771.07,INR,insufficient_funds,False,2024-03-06 22:16:05,card,True,saas
txn_40ac626c78,cust_5aecb91ff7,1036.54,INR,do_not_honor,False,2024-03-10 22:21:36,card,False,d2c_subscription
txn_9652d8cfe2,cust_74660b9cab,547.26,INR,insufficient_funds,False,2024-03-06 22:31:47,upi,True,saas
txn_61c8afaa19,cust_93a74129ce,1047.43,INR,insufficient_funds,False,2024-03-12 02:13:02,upi,False,saas
txn_d4f5eef7cb,cust_99b0ab100e,1595.0,INR,insufficient_funds,False,2024-03-11 13:29:02,upi,False,saas
txn_9d2a7f3846,cust_526c75f9ea,17440.85,INR,issuer_declined,False,2024-03-14 12:08:02,card,True,saas
txn_6852ca123a,cust_73e016317c,108.88,INR,processing_error,False,2024-03-14 03:06:38,netbanking,True,ecommerce_one_time
txn_1fd47141d4,cust_20622a1a5f,583.35,INR,do_not_honor,False,2024-03-13 14:48:30,card,False,ecommerce_one_time
txn_4f182f2e04,cust_b367134a54,393.29,INR,processing_error,False,2024-03-12 20:22:40,card,True,saas
txn_3050defc3d,cust_17e0be3b11,2779.36,INR,processing_error,False,2024-03-05 10:31:04,card,True,saas
txn_0040d4a7b2,cust_05a2eb14a0,89.94,INR,insufficient_funds,False,2024-03-12 11:21:19,netbanking,False,ecommerce_one_time
txn_db7523eeee,cust_276530d98b,1071.53,INR,insufficient_funds,False,2024-03-10 12:36:24,netbanking,True,saas
txn_b55276eac9,cust_5ed1f1f251,308.86,INR,do_not_honor,False,2024-03-13 01:40:02,upi,False,d2c_subscription
txn_5d3d8854d5,cust_45a34b8f55,1039.61,INR,processing_error,False,2024-03-09 13:33:34,upi,True,saas
txn_e389879e15,cust_e26dfac9a2,4812.25,INR,do_not_honor,False,2024-03-12 01:50:09,card,True,d2c_subscription
txn_727da02e54,cust_a57dc78ff9,795.12,INR,insufficient_funds,False,2024-03-10 21:30:48,upi,False,ecommerce_one_time
txn_295629dc29,cust_c46d69ef7e,376.86,INR,network_timeout,False,2024-03-14 12:55:11,card,True,saas
txn_778e2f0d18,cust_e3342c8850,1346.62,INR,insufficient_funds,False,2024-03-08 10:22:18,card,False,ecommerce_one_time
txn_29a21ee736,cust_d3128defaa,541.75,INR,processing_error,False,2024-03-11 17:30:24,netbanking,False,ecommerce_one_time
txn_1857763197,cust_5a3d28ea4a,436.65,INR,insufficient_funds,False,2024-03-06 09:11:28,netbanking,False,ecommerce_one_time
txn_464eaf487f,cust_9b0fd22a6f,4636.35,INR,processing_error,False,2024-03-01 12:42:39,card,True,ecommerce_one_time
txn_66e8192f27,cust_81730c1a7d,94.34,INR,issuer_declined,False,2024-03-08 16:59:19,card,False,ecommerce_one_time
txn_f8948b88b0,cust_b3b62c2e16,215.23,INR,processing_error,False,2024-03-08 08:10:34,card,True,d2c_subscription
txn_0a14a16b21,cust_cf53d45b86,653.98,INR,insufficient_funds,False,2024-03-03 20:57:49,card,False,ecommerce_one_time
txn_7342b12753,cust_b18f479106,3315.49,INR,do_not_honor,False,2024-03-10 16:16:27,card,True,saas
txn_9979fad7ac,cust_e4b440d4c6,514.27,INR,insufficient_funds,False,2024-03-13 12:36:03,upi,True,d2c_subscription
txn_b1cbd481c3,cust_996a2e4eb9,387.45,INR,processing_error,False,2024-03-05 09:54:59,card,True,d2c_subscription
txn_eb7937f59e,cust_bacd9bf518,2433.89,INR,insufficient_funds,False,2024-03-06 09:42:11,card,True,saas
txn_831abac90d,cust_3c3e6522c6,184.08,INR,insufficient_funds,False,2024-03-08 22:15:41,card,True,saas
txn_0f4c7cf41c,cust_afd1f89b7f,738.64,INR,processing_error,False,2024-03-10 02:04:30,upi,True,saas
txn_7928de29de,cust_b1b15f13f1,1175.0,INR,insufficient_funds,False,2024-03-15 02:05:20,card,True,d2c_subscription
txn_bbc9a63a41,cust_e1b8a4e49f,295.05,INR,insufficient_funds,False,2024-03-07 16:49:20,card,True,saas
txn_da7510ef63,cust_b8050787dc,200.75,INR,network_timeout,False,2024-03-07 20:04:38,upi,True,saas
txn_bd66f3a93b,cust_398c7234b4,3976.81,INR,network_timeout,False,2024-03-08 06:44:11,upi,True,saas
txn_4f871c1edc,cust_0f4053b23c,1243.96,INR,network_timeout,False,2024-03-11 05:50:02,card,False,d2c_subscription
txn_4f61604018,cust_5b658ffe88,233.73,INR,issuer_declined,False,2024-03-13 09:00:48,upi,True,saas
txn_b6ae4a25bb,cust_8d8ceacf17,718.78,INR,do_not_honor,False,2024-03-07 12:04:56,card,True,saas
txn_3990b0578b,cust_2e4663676c,1042.72,INR,processing_error,False,2024-03-06 19:40:41,upi,True,saas
txn_fee63f8fbc,cust_d8854df7ea,274.66,INR,insufficient_funds,False,2024-03-13 01:47:56,card,True,d2c_subscription
txn_5af6e79b38,cust_b9af09dc9c,2198.05,INR,processing_error,False,2024-03-13 19:29:50,netbanking,True,saas
txn_e46b8ba056,cust_99b22e2140,1130.29,INR,insufficient_funds,False,2024-03-08 17:51:48,netbanking,True,ecommerce_one_time
txn_37d7eeb94f,cust_5d90ad9982,396.11,INR,card_expired,True,2024-03-14 19:54:10,upi,True,saas
txn_7ce85729aa,cust_75839729b4,367.41,INR,processing_error,False,2024-03-12 18:56:13,netbanking,False,saas
txn_c424aa6df9,cust_1c68bf5618,257.27,INR,do_not_honor,False,2024-03-06 14:10:26,card,True,d2c_subscription
txn_44d7ad0922,cust_69ac884a82,2210.64,INR,do_not_honor,False,2024-03-11 07:35:53,upi,False,ecommerce_one_time
txn_d9876ca8e4,cust_84370e49e0,261.41,INR,insufficient_funds,False,2024-03-09 01:16:56,card,True,d2c_subscription
txn_d8ec6b21a8,cust_6c5398a911,5128.79,INR,issuer_declined,False,2024-03-05 21:06:46,card,True,saas
txn_5ab2b77fa3,cust_02f695fb79,1178.98,INR,processing_error,False,2024-03-13 00:36:51,card,True,d2c_subscription
txn_6de16c834d,cust_6d3c457946,420.93,INR,do_not_honor,False,2024-03-12 07:30:32,upi,True,d2c_subscription
txn_a3acd1d428,cust_29546c3c32,154.58,INR,do_not_honor,False,2024-03-11 08:03:54,upi,True,d2c_subscription
txn_cbc9480d6a,cust_ef302cfef7,2353.63,INR,insufficient_funds,False,2024-03-09 15:50:31,netbanking,True,ecommerce_one_time
txn_c0645882f9,cust_a58cbc25ec,2331.18,INR,processing_error,False,2024-03-07 15:52:33,upi,False,ecommerce_one_time
txn_783efeda4f,cust_46600d490f,11114.44,INR,issuer_declined,False,2024-03-14 11:25:32,netbanking,True,d2c_subscription
txn_202a04a4db,cust_a681e8e1fb,1241.96,INR,insufficient_funds,False,2024-03-08 20:47:36,netbanking,True,saas
txn_902c8ea81e,cust_46600d490f,1365.5,INR,card_expired,True,2024-03-05 21:06:49,netbanking,True,d2c_subscription
txn_c330306c81,cust_a8cb29240d,1101.73,INR,do_not_honor,False,2024-03-03 13:55:30,card,False,ecommerce_one_time
txn_87436fa92a,cust_5774cd6011,136.53,INR,do_not_honor,False,2024-03-07 22:54:55,card,False,ecommerce_one_time
txn_05ca5d2953,cust_6d3c457946,500.45,INR,account_closed,True,2024-03-06 17:42:41,upi,True,saas
txn_b35c2d4164,cust_97d95a6bea,650.8,INR,issuer_declined,False,2024-03-04 02:34:00,netbanking,True,saas
txn_c522f4d529,cust_28fd385402,15058.62,INR,card_expired,True,2024-03-05 07:39:23,card,True,saas
txn_c3ff5a5770,cust_a5f0655b65,4223.0,INR,processing_error,False,2024-03-08 00:12:53,card,False,ecommerce_one_time
txn_89440dc5a3,cust_e29cbc0d01,2106.68,INR,processing_error,False,2024-03-07 13:44:18,card,True,d2c_subscription
txn_634fd3909e,cust_f5f5739f65,374.44,INR,insufficient_funds,False,2024-03-01 13:56:40,card,True,saas
txn_cc40edccd6,cust_f6d4af31bd,623.73,INR,insufficient_funds,False,2024-03-04 21:37:55,upi,False,saas
txn_74a3bbd05b,cust_e26dfac9a2,1091.59,INR,issuer_declined,False,2024-03-12 02:58:47,card,True,saas
txn_3fa0ba7e54,cust_bbb898167b,792.4,INR,insufficient_funds,False,2024-03-09 03:32:28,card,False,ecommerce_one_time
txn_eb453049b4,cust_32feac6637,3437.87,INR,insufficient_funds,False,2024-03-05 02:39:08,upi,True,d2c_subscription
txn_6287300454,cust_9a6e893e15,5428.89,INR,do_not_honor,False,2024-03-08 04:34:11,card,True,saas
txn_0fb74f3caa,cust_71c2958090,123.7,INR,processing_error,False,2024-03-09 10:44:18,card,True,d2c_subscription
txn_3f882bf108,cust_8b934a426c,193.38,INR,insufficient_funds,False,2024-03-06 23:35:28,upi,True,d2c_subscription
txn_aab1788eab,cust_5c03ad418b,510.37,INR,processing_error,False,2024-03-10 05:40:34,card,True,d2c_subscription
txn_d23a325d24,cust_5afa2d5e25,896.8,INR,card_expired,True,2024-03-06 00:07:39,netbanking,False,ecommerce_one_time
txn_443a93a988,cust_a772b7e1f5,6852.69,INR,processing_error,False,2024-03-05 06:12:23,upi,True,saas
txn_91ab017b16,cust_bf58fa2512,392.04,INR,network_timeout,False,2024-03-02 22:15:59,netbanking,True,saas
txn_4f42e24e9c,cust_c2d2c04d93,1323.04,INR,processing_error,False,2024-03-02 02:55:59,card,True,saas
txn_1bb13541c4,cust_71cbac631b,228.18,INR,insufficient_funds,False,2024-03-05 12:56:32,upi,True,d2c_subscription
txn_3b9abcb8ca,cust_a7911ce6b8,454.12,INR,issuer_declined,False,2024-03-04 22:07:35,upi,False,ecommerce_one_time
txn_3fb6a4cf65,cust_ab6af8fcc6,3709.43,INR,card_expired,True,2024-03-04 16:31:21,upi,True,saas
txn_0096526439,cust_4467425139,594.92,INR,processing_error,False,2024-03-10 21:04:44,card,True,ecommerce_one_time
txn_97b25a8bdb,cust_d98589cf8a,297.81,INR,network_timeout,False,2024-03-02 16:22:54,card,True,d2c_subscription
txn_3a7361afb0,cust_245663538c,553.93,INR,card_stolen,True,2024-03-08 08:40:36,card,False,ecommerce_one_time
txn_75b96f54a6,cust_03e0b8bc5d,534.51,INR,insufficient_funds,False,2024-03-03 08:30:42,netbanking,True,d2c_subscription
txn_dbb27d0520,cust_29b37ee190,3699.95,INR,issuer_declined,False,2024-03-12 11:02:28,upi,False,saas
txn_4f0b9327b0,cust_a1c0839636,1795.6,INR,processing_error,False,2024-03-11 03:44:18,card,False,ecommerce_one_time
txn_299d573bd9,cust_6097213761,176.98,INR,insufficient_funds,False,2024-03-06 19:36:00,upi,True,ecommerce_one_time
txn_1dd4ab66f9,cust_518b519ad5,453.94,INR,do_not_honor,False,2024-03-07 09:35:47,upi,True,d2c_subscription
txn_6e0b77c127,cust_a84849ae75,396.24,INR,network_timeout,False,2024-03-09 20:43:51,upi,False,ecommerce_one_time
txn_7f65b61df0,cust_400b29a45b,1661.77,INR,do_not_honor,False,2024-03-12 09:46:28,card,False,saas
txn_3e6d69e4fe,cust_7d2abe0fba,657.43,INR,issuer_declined,False,2024-03-12 07:20:51,netbanking,True,d2c_subscription
txn_9da0b83da3,cust_fb971a75d8,494.41,INR,processing_error,False,2024-03-05 07:43:53,upi,True,saas
txn_58202938a0,cust_88437fd42b,3151.89,INR,insufficient_funds,False,2024-03-15 04:54:47,upi,False,d2c_subscription
txn_422c917abd,cust_fe14d75211,470.43,INR,network_timeout,False,2024-03-13 19:52:49,upi,True,saas
txn_876ab70531,cust_e8a0f53da2,2854.93,INR,insufficient_funds,False,2024-03-02 13:05:28,upi,True,saas
txn_bacca1a53d,cust_e30b02867a,1183.21,INR,network_timeout,False,2024-03-01 18:59:52,card,True,saas
txn_010d5b6d44,cust_09c983f9ed,465.15,INR,do_not_honor,False,2024-03-14 09:30:59,netbanking,False,d2c_subscription
txn_43d6776cc7,cust_29669b8550,202.69,INR,issuer_declined,False,2024-03-13 12:10:50,card,True,ecommerce_one_time
txn_0063d31662,cust_9dcf2cffc0,818.87,INR,do_not_honor,False,2024-03-10 21:21:08,netbanking,True,saas
txn_40ce8f937e,cust_5d00128618,2381.39,INR,insufficient_funds,False,2024-03-07 07:07:15,netbanking,True,d2c_subscription
txn_572007c5b1,cust_5fbda5ef8a,222.48,INR,issuer_declined,False,2024-03-12 20:00:28,upi,False,saas
txn_d660bccaa2,cust_fdb1f3067c,3542.22,INR,network_timeout,False,2024-03-01 17:57:01,upi,False,d2c_subscription
txn_3a16b81bf8,cust_4b83d351a2,657.61,INR,network_timeout,False,2024-03-08 13:58:24,card,True,saas
txn_9f69550203,cust_b90f845d3c,4600.34,INR,insufficient_funds,False,2024-03-07 23:32:29,card,True,d2c_subscription
txn_f934d59ffe,cust_b6c9a0a708,902.65,INR,processing_error,False,2024-03-12 18:29:55,upi,False,ecommerce_one_time
txn_b67b10dbf2,cust_36fb0749a3,783.43,INR,network_timeout,False,2024-03-11 04:36:20,card,False,d2c_subscription
txn_993ad91146,cust_e5e6848b4b,731.74,INR,network_timeout,False,2024-03-05 04:38:00,card,True,d2c_subscription
txn_d54946a479,cust_97d95a6bea,1836.38,INR,issuer_declined,False,2024-03-06 15:26:22,netbanking,False,d2c_subscription
txn_d008acb8da,cust_7720b002c5,900.21,INR,insufficient_funds,False,2024-03-12 08:27:39,card,True,saas
txn_f70f48a879,cust_b503c92272,104.35,INR,card_expired,True,2024-03-09 07:39:18,card,True,saas
txn_c635e2f435,cust_a57dc78ff9,271.11,INR,issuer_declined,False,2024-03-12 21:41:12,card,True,saas
txn_f0e44fc928,cust_3674315a87,781.67,INR,issuer_declined,False,2024-03-09 19:04:26,upi,True,d2c_subscription
txn_fa4a059126,cust_96e551c00f,916.89,INR,processing_error,False,2024-03-12 11:07:36,card,False,ecommerce_one_time
txn_6cca0ada03,cust_9ef31e8cf5,254.14,INR,insufficient_funds,False,2024-03-01 18:50:16,upi,True,d2c_subscription
txn_733eba3c57,cust_5bd63c21d6,186.47,INR,network_timeout,False,2024-03-11 08:01:08,card,True,d2c_subscription
txn_48bb895c8e,cust_ad9f856b53,151.76,INR,insufficient_funds,False,2024-03-08 20:48:09,card,True,saas
txn_9b614967b3,cust_7347576cb5,531.23,INR,processing_error,False,2024-03-06 12:20:41,card,True,saas
txn_d51453b5fb,cust_ac834a0a50,1699.95,INR,card_stolen,True,2024-03-14 22:12:44,card,False,ecommerce_one_time
txn_6f589bb7b9,cust_3a3bafc95e,2211.25,INR,account_closed,True,2024-03-12 13:33:54,upi,True,saas
txn_a798255fc0,cust_6076256083,2093.39,INR,card_expired,True,2024-03-01 15:43:18,card,True,d2c_subscription
txn_a9ab95d128,cust_0927c692cc,1247.34,INR,network_timeout,False,2024-03-05 17:51:30,card,True,saas
txn_dd3aedfb23,cust_12f623a299,1690.23,INR,insufficient_funds,False,2024-03-12 02:42:31,card,True,saas
txn_7c09ff285c,cust_f5ce731952,939.94,INR,card_stolen,True,2024-03-09 11:27:46,card,False,saas
txn_fd50760b38,cust_f097620412,2224.18,INR,card_expired,True,2024-03-03 11:54:26,card,False,ecommerce_one_time
txn_34f12aa2f5,cust_5fbda5ef8a,420.25,INR,do_not_honor,False,2024-03-12 17:48:19,card,False,saas
txn_9833c5bbee,cust_f5e2c0c984,1136.02,INR,issuer_declined,False,2024-03-11 07:34:05,netbanking,True,d2c_subscription
txn_1780e53d2a,cust_d29f499418,1690.15,INR,insufficient_funds,False,2024-03-12 03:20:43,card,True,saas
txn_5b9ff15eb7,cust_834b9ce52c,192.61,INR,do_not_honor,False,2024-03-06 04:36:47,upi,True,d2c_subscription
txn_a10e17b0cd,cust_25762a7a8c,686.98,INR,processing_error,False,2024-03-08 02:48:58,upi,True,d2c_subscription
txn_dc0c2e7a9c,cust_fd2e097c05,1803.32,INR,issuer_declined,False,2024-03-08 11:46:53,card,True,d2c_subscription
txn_9353aa2c4a,cust_b869f1225e,2297.32,INR,issuer_declined,False,2024-03-10 04:46:51,upi,False,saas
txn_d534fa2a8f,cust_73e016317c,1102.05,INR,do_not_honor,False,2024-03-10 21:47:50,netbanking,True,saas
txn_8e502b243b,cust_3b5f80c233,102.42,INR,insufficient_funds,False,2024-03-08 07:23:21,upi,False,ecommerce_one_time
txn_fa5c5bb155,cust_96f561ca96,1596.77,INR,card_stolen,True,2024-03-04 07:30:49,netbanking,True,d2c_subscription
txn_80f281a88f,cust_8872cdb129,527.56,INR,issuer_declined,False,2024-03-04 02:58:24,upi,True,saas
txn_777394ddde,cust_18dd026f5c,515.02,INR,insufficient_funds,False,2024-03-04 12:23:52,card,True,d2c_subscription
txn_0d8536f30b,cust_fd9257287d,307.64,INR,insufficient_funds,False,2024-03-14 20:36:03,netbanking,True,saas
txn_70d74b97c8,cust_cbbdea3f02,1260.3,INR,network_timeout,False,2024-03-08 15:18:12,card,True,d2c_subscription
txn_78ed99147c,cust_78c8b19f06,2450.9,INR,network_timeout,False,2024-03-09 23:44:49,upi,True,d2c_subscription
txn_27f3712f4f,cust_dac33d334b,438.75,INR,insufficient_funds,False,2024-03-02 09:45:46,upi,False,saas
txn_4157ca109a,cust_4c0cbb0b98,1135.07,INR,insufficient_funds,False,2024-03-09 16:24:41,netbanking,True,d2c_subscription
txn_62e520c242,cust_bb413035d2,2556.83,INR,issuer_declined,False,2024-03-12 01:03:58,netbanking,True,d2c_subscription
txn_741856520a,cust_05a2eb14a0,3848.75,INR,insufficient_funds,False,2024-03-11 23:41:31,card,False,ecommerce_one_time
txn_942da9219a,cust_30720e8d25,239.84,INR,processing_error,False,2024-03-12 18:32:53,upi,True,d2c_subscription
txn_dddd64263f,cust_0c9badd052,129.21,INR,insufficient_funds,False,2024-03-09 07:31:43,card,True,d2c_subscription
txn_b64aae409d,cust_b65ae7dfe6,2994.65,INR,do_not_honor,False,2024-03-11 19:14:46,upi,False,ecommerce_one_time
txn_9528424e59,cust_0068a9b979,4291.58,INR,issuer_declined,False,2024-03-07 13:36:41,upi,True,saas
txn_86ae39c8f8,cust_24a912e937,497.45,INR,issuer_declined,False,2024-03-12 06:25:47,card,False,d2c_subscription
txn_d72bef00a5,cust_24a912e937,5810.34,INR,issuer_declined,False,2024-03-07 07:27:15,netbanking,False,saas
txn_c5e787866c,cust_fa51b2cbb9,1356.94,INR,insufficient_funds,False,2024-03-06 21:08:25,card,True,saas
txn_35ccababc0,cust_3a3bafc95e,913.68,INR,insufficient_funds,False,2024-03-06 02:56:10,card,True,d2c_subscription
txn_906a4bc797,cust_2b5bd14d7c,917.23,INR,insufficient_funds,False,2024-03-03 03:28:16,netbanking,True,saas
txn_5ee5826d1a,cust_c27f4ab716,603.67,INR,insufficient_funds,False,2024-03-14 10:12:21,upi,True,d2c_subscription
txn_236acfe6eb,cust_46c6dd4b0f,2231.79,INR,card_stolen,True,2024-03-14 18:12:39,upi,True,d2c_subscription
txn_f985de0bcc,cust_ebb75e3130,824.18,INR,insufficient_funds,False,2024-03-09 01:26:15,card,False,saas
txn_d295e66c2f,cust_cfc398913d,1064.33,INR,issuer_declined,False,2024-03-08 06:37:10,card,False,saas
txn_801f48edf2,cust_526c75f9ea,1811.54,INR,insufficient_funds,False,2024-03-04 21:26:32,card,True,d2c_subscription
txn_2783840a5b,cust_f2944c7492,696.5,INR,processing_error,False,2024-03-12 07:46:59,card,True,d2c_subscription
txn_5d4890b20a,cust_96f561ca96,256.38,INR,card_expired,True,2024-03-09 03:06:18,card,False,ecommerce_one_time
txn_f4a6440d30,cust_82839d7410,382.26,INR,network_timeout,False,2024-03-06 22:35:33,card,True,saas
txn_d6f8bee372,cust_ccc01d96e3,2698.11,INR,do_not_honor,False,2024-03-06 07:25:15,upi,True,ecommerce_one_time
txn_5fdde21aad,cust_488617e988,651.26,INR,network_timeout,False,2024-03-07 21:32:16,card,False,saas
txn_0ba1322c52,cust_4c1eac0ccc,3232.91,INR,issuer_declined,False,2024-03-07 05:36:34,upi,False,saas
txn_5d823ffda5,cust_259bbb3ed2,1391.69,INR,network_timeout,False,2024-03-13 04:52:16,netbanking,True,d2c_subscription
txn_5a96e215f0,cust_0d0e53d3b7,337.05,INR,network_timeout,False,2024-03-08 23:51:16,card,False,saas
txn_f3788f07db,cust_97b7d9ddd5,2677.46,INR,insufficient_funds,False,2024-03-07 22:02:59,upi,True,saas
txn_ae98e9fe12,cust_e94856e331,1651.45,INR,do_not_honor,False,2024-03-14 09:28:49,card,True,saas
txn_4e12475883,cust_a5f0655b65,1080.51,INR,insufficient_funds,False,2024-03-01 22:31:15,card,False,ecommerce_one_time
txn_f23ee539b8,cust_775efc16d2,2118.9,INR,insufficient_funds,False,2024-03-06 15:14:12,upi,False,ecommerce_one_time
txn_2da2b9a730,cust_a362fbad92,71.61,INR,network_timeout,False,2024-03-05 10:50:04,card,False,ecommerce_one_time
txn_03c1693793,cust_a9f58e31af,328.29,INR,insufficient_funds,False,2024-03-08 00:24:14,card,True,saas
txn_bee3a9ce5d,cust_58ff0700e8,758.44,INR,processing_error,False,2024-03-02 11:17:14,netbanking,True,d2c_subscription
txn_cbb9e5489a,cust_0d39c90db5,293.03,INR,account_closed,True,2024-03-15 10:05:24,card,True,ecommerce_one_time
txn_515f33eb77,cust_b3cf36ddba,1995.38,INR,do_not_honor,False,2024-03-02 02:04:52,upi,True,saas
txn_f2ae59599c,cust_eface3a8b1,3001.32,INR,issuer_declined,False,2024-03-12 14:29:47,upi,True,saas
txn_bdba3c4aeb,cust_d874bb29e6,380.98,INR,do_not_honor,False,2024-03-03 02:46:54,card,True,saas
txn_e3ab1a04b9,cust_a1d4fa3c18,235.03,INR,network_timeout,False,2024-03-14 15:22:12,upi,True,d2c_subscription
txn_153f30c635,cust_8beadbcbca,2993.43,INR,insufficient_funds,False,2024-03-11 02:53:15,card,True,d2c_subscription
txn_a55d02da01,cust_2a226bbb32,911.14,INR,insufficient_funds,False,2024-03-07 12:24:05,card,False,saas
txn_fdd67ae735,cust_22b114a736,5608.45,INR,do_not_honor,False,2024-03-06 07:02:37,netbanking,True,saas
txn_8c0c8ed8e2,cust_51c7eb3cb0,76.87,INR,card_expired,True,2024-03-15 06:54:38,card,True,d2c_subscription
txn_bae2af797d,cust_4c0cbb0b98,1522.33,INR,issuer_declined,False,2024-03-10 11:25:52,upi,False,d2c_subscription
txn_2c777f6447,cust_b90f845d3c,90.37,INR,issuer_declined,False,2024-03-03 16:56:48,card,False,saas
txn_5029e99bf8,cust_dfcd0376ac,4627.3,INR,account_closed,True,2024-03-12 22:28:58,card,True,saas
txn_3f5c64f73b,cust_8fb2446202,545.87,INR,insufficient_funds,False,2024-03-02 05:39:20,upi,False,ecommerce_one_time
txn_ffcbe9dbbc,cust_fab7ef3926,73.61,INR,insufficient_funds,False,2024-03-05 13:20:56,upi,True,d2c_subscription
txn_6a841645d1,cust_7f262afd7d,1016.09,INR,do_not_honor,False,2024-03-01 20:12:20,card,True,d2c_subscription
txn_ca2565faca,cust_5774cd6011,2123.64,INR,insufficient_funds,False,2024-03-02 20:29:56,upi,True,d2c_subscription
txn_215de371a6,cust_1222fef81b,141.46,INR,insufficient_funds,False,2024-03-12 07:52:04,card,True,ecommerce_one_time
txn_aa93a547c6,cust_59a9c49a60,725.44,INR,do_not_honor,False,2024-03-02 07:46:20,card,True,saas
txn_753c248b44,cust_f2bfdf2b1c,1204.8,INR,processing_error,False,2024-03-08 13:37:58,upi,True,saas
txn_957a1e025c,cust_932df53c1e,5872.77,INR,do_not_honor,False,2024-03-11 21:09:55,upi,True,saas
txn_83c9c409e0,cust_327e8eabff,170.28,INR,issuer_declined,False,2024-03-03 00:34:03,card,True,ecommerce_one_time
txn_6543b0b4a4,cust_f739cdc599,692.57,INR,do_not_honor,False,2024-03-08 21:54:32,upi,False,saas
txn_ae3b01188d,cust_dd6a2b4e3a,3107.98,INR,processing_error,False,2024-03-05 21:03:20,card,True,saas
txn_1a7ad68cb1,cust_e685e05896,586.59,INR,network_timeout,False,2024-03-06 23:01:08,netbanking,True,saas
txn_a81c930693,cust_189a126936,82.41,INR,network_timeout,False,2024-03-11 07:37:17,upi,True,d2c_subscription
txn_1113558e2c,cust_12f623a299,3018.96,INR,processing_error,False,2024-03-01 17:43:01,card,True,d2c_subscription
txn_8646cca1c5,cust_8bd7450480,53.82,INR,network_timeout,False,2024-03-03 19:47:32,card,True,saas
txn_f5f2aa164a,cust_17360b6720,292.2,INR,network_timeout,False,2024-03-08 02:11:02,netbanking,True,saas
txn_95b5bd124e,cust_d9da3d5bae,463.31,INR,insufficient_funds,False,2024-03-07 11:09:27,netbanking,True,ecommerce_one_time
txn_f4cde0c191,cust_9ddbc6668b,567.02,INR,card_stolen,True,2024-03-14 12:37:08,card,True,saas
txn_f037dceaa0,cust_b503c92272,133.33,INR,network_timeout,False,2024-03-05 06:43:31,card,True,d2c_subscription
txn_d4d9fa0230,cust_e8118e67af,2782.81,INR,issuer_declined,False,2024-03-02 18:18:12,card,True,saas
txn_bf8de57846,cust_5400edce87,2296.57,INR,insufficient_funds,False,2024-03-01 22:16:43,netbanking,False,ecommerce_one_time
txn_b63c829987,cust_0337cfb953,1437.9,INR,do_not_honor,False,2024-03-07 15:50:49,netbanking,True,d2c_subscription
txn_ca1ff75bdb,cust_c072af19ea,162.17,INR,issuer_declined,False,2024-03-01 12:50:13,upi,True,d2c_subscription
txn_90979f21af,cust_51c7eb3cb0,1483.32,INR,processing_error,False,2024-03-04 07:45:38,card,False,saas
txn_377a95dcfd,cust_77743daa0b,1327.85,INR,do_not_honor,False,2024-03-08 10:22:48,netbanking,True,saas
txn_229f46f71e,cust_5318cc1f36,941.1,INR,insufficient_funds,False,2024-03-04 07:04:15,card,True,d2c_subscription
txn_4298725835,cust_f7e983d56d,595.75,INR,insufficient_funds,False,2024-03-13 07:22:42,card,True,d2c_subscription
txn_be09e8d5d4,cust_005638b840,3544.08,INR,network_timeout,False,2024-03-06 00:57:12,card,True,ecommerce_one_time
txn_793d39a116,cust_e13ff7a63c,64.79,INR,insufficient_funds,False,2024-03-06 19:49:42,card,False,d2c_subscription
txn_469c5433d9,cust_e29765fdce,3516.49,INR,processing_error,False,2024-03-08 14:17:11,upi,True,d2c_subscription
txn_03800bc253,cust_f762f92535,261.48,INR,issuer_declined,False,2024-03-06 11:39:55,card,False,ecommerce_one_time
txn_96502d1415,cust_6b5fef9fb3,5454.61,INR,issuer_declined,False,2024-03-03 13:41:05,card,True,d2c_subscription
txn_7bc39849cd,cust_189a126936,1812.51,INR,do_not_honor,False,2024-03-07 11:45:34,upi,True,ecommerce_one_time
txn_cc59b97809,cust_6186a93a37,2740.12,INR,insufficient_funds,False,2024-03-10 04:38:46,card,True,saas
txn_e574df18bb,cust_f5bfae49a8,729.88,INR,processing_error,False,2024-03-09 14:11:30,card,False,saas
txn_cd7bc4bb26,cust_a9f58e31af,3433.23,INR,processing_error,False,2024-03-07 13:03:07,card,False,ecommerce_one_time
txn_ff4cf46e22,cust_75839729b4,575.52,INR,insufficient_funds,False,2024-03-07 08:35:45,card,True,saas
txn_83ea379480,cust_c475b9b83b,2960.39,INR,issuer_declined,False,2024-03-11 02:38:44,card,False,saas
txn_dac7d82662,cust_833f2824f1,1962.4,INR,processing_error,False,2024-03-08 00:33:45,upi,True,saas
txn_7be49658b9,cust_ad2d417b3a,9473.77,INR,processing_error,False,2024-03-11 11:22:48,card,True,d2c_subscription
txn_eb301c6ca7,cust_12b918dc04,3300.86,INR,do_not_honor,False,2024-03-02 06:35:00,card,True,d2c_subscription
txn_bddb5ed59f,cust_971245b04b,665.21,INR,processing_error,False,2024-03-08 00:22:49,netbanking,False,saas
txn_31927e51ec,cust_cfc398913d,182.36,INR,insufficient_funds,False,2024-03-03 18:33:59,card,True,saas
txn_f52d5a5566,cust_923699b8a4,7241.44,INR,insufficient_funds,False,2024-03-10 04:29:32,upi,True,saas
txn_f1736160b8,cust_3f46424042,9001.12,INR,processing_error,False,2024-03-09 23:43:14,card,False,saas
txn_375e5888c3,cust_8fb2446202,142.53,INR,processing_error,False,2024-03-11 11:04:19,netbanking,True,saas
txn_554989906c,cust_a6e5b76727,350.92,INR,network_timeout,False,2024-03-07 12:11:20,card,True,saas
txn_187dd6d616,cust_2e4663676c,10468.73,INR,insufficient_funds,False,2024-03-06 20:56:07,upi,False,ecommerce_one_time
txn_e83104fc2d,cust_83e163d826,237.01,INR,do_not_honor,False,2024-03-07 13:48:23,upi,True,d2c_subscription
txn_9fe043a5c5,cust_5c76848c0a,459.48,INR,processing_error,False,2024-03-03 18:46:51,upi,True,saas
txn_6858bb3c35,cust_2514eddfd1,1375.99,INR,insufficient_funds,False,2024-03-08 08:23:56,upi,True,saas
txn_98a36410e6,cust_71093068a9,612.89,INR,do_not_honor,False,2024-03-04 00:07:48,card,True,saas
txn_a8922a8ec5,cust_97c047c2df,236.9,INR,processing_error,False,2024-03-14 16:29:24,card,True,saas
txn_52598650a4,cust_fb2184f55a,1046.86,INR,insufficient_funds,False,2024-03-10 11:02:06,netbanking,True,saas
txn_db99233567,cust_0ca182a1b6,710.91,INR,issuer_declined,False,2024-03-05 12:34:06,netbanking,True,ecommerce_one_time
txn_ca9a3f305a,cust_610cd0ce73,927.37,INR,insufficient_funds,False,2024-03-10 03:09:01,card,True,d2c_subscription
txn_2770931803,cust_c475b9b83b,1558.03,INR,card_expired,True,2024-03-05 06:17:36,upi,True,d2c_subscription
txn_dced7831d6,cust_4cf66efba9,26.09,INR,insufficient_funds,False,2024-03-07 05:07:08,upi,True,saas
txn_8f0dbc1d0c,cust_b41d0c2a19,228.47,INR,insufficient_funds,False,2024-03-08 17:18:51,upi,True,d2c_subscription
txn_9dd7aa9163,cust_e582b68840,2993.59,INR,insufficient_funds,False,2024-03-07 16:33:57,netbanking,False,ecommerce_one_time
txn_39fef8368c,cust_91c93b3619,412.49,INR,insufficient_funds,False,2024-03-02 21:04:18,netbanking,False,saas
txn_52d2ce2c30,cust_59ca3d8ab6,213.02,INR,insufficient_funds,False,2024-03-05 23:59:57,card,False,ecommerce_one_time
txn_8e5919b656,cust_c790ea5bc5,922.6,INR,do_not_honor,False,2024-03-01 17:24:08,upi,True,saas
txn_fd690b6964,cust_956e89ddc4,2617.25,INR,insufficient_funds,False,2024-03-14 03:49:33,card,True,d2c_subscription
txn_740193a189,cust_3b5f80c233,595.63,INR,issuer_declined,False,2024-03-04 02:51:41,card,True,saas
txn_827818d560,cust_30720e8d25,1754.83,INR,insufficient_funds,False,2024-03-03 00:32:21,upi,True,d2c_subscription
txn_8adb551243,cust_f978f7050b,393.91,INR,issuer_declined,False,2024-03-02 12:14:17,upi,True,saas
txn_331b01030e,cust_7baf31816c,557.95,INR,insufficient_funds,False,2024-03-07 22:51:38,card,True,d2c_subscription
txn_b35b3a8a77,cust_f11b362a9c,23.43,INR,do_not_honor,False,2024-03-08 16:11:57,upi,True,d2c_subscription
txn_c04e8a8a71,cust_b8050787dc,338.02,INR,processing_error,False,2024-03-07 07:52:32,card,True,d2c_subscription
txn_38a562d814,cust_54b0a688b5,2172.97,INR,processing_error,False,2024-03-02 16:48:54,card,True,d2c_subscription
txn_ee119c564c,cust_06618c194b,369.25,INR,insufficient_funds,False,2024-03-03 08:46:08,upi,True,saas
txn_86a3dfad37,cust_505f9433d0,1451.88,INR,network_timeout,False,2024-03-02 09:49:52,upi,False,d2c_subscription
txn_543215c4e9,cust_4a67013dcb,292.77,INR,processing_error,False,2024-03-01 22:23:45,card,True,saas
txn_94d77ea525,cust_603ee4eadc,187.68,INR,insufficient_funds,False,2024-03-06 18:28:54,card,True,d2c_subscription
txn_9989fa99eb,cust_6f21fd00cc,28973.8,INR,issuer_declined,False,2024-03-11 20:57:50,upi,True,saas
txn_e74f17fa33,cust_2f39b91868,1994.88,INR,processing_error,False,2024-03-13 09:21:28,card,True,d2c_subscription
txn_f2782b0fc4,cust_8af4826399,431.2,INR,issuer_declined,False,2024-03-02 22:23:07,netbanking,False,saas
txn_ddcdfc6ce3,cust_971245b04b,511.15,INR,issuer_declined,False,2024-03-13 08:49:29,card,False,ecommerce_one_time
txn_d467e83d30,cust_2d31e0daee,2725.6,INR,do_not_honor,False,2024-03-14 12:20:39,netbanking,False,d2c_subscription
txn_381ca56d33,cust_526cf928b1,349.19,INR,insufficient_funds,False,2024-03-08 21:18:19,card,True,saas
txn_b4d861a1b6,cust_080dfe1de9,1099.34,INR,card_stolen,True,2024-03-05 02:16:51,card,True,d2c_subscription
txn_2ed42cf56a,cust_9e676f60cf,799.68,INR,insufficient_funds,False,2024-03-05 04:50:42,card,True,saas
txn_e42a7d6bfe,cust_6f36a85733,439.83,INR,insufficient_funds,False,2024-03-11 22:36:26,upi,True,saas
txn_4295485b15,cust_2a1b82ca92,923.85,INR,insufficient_funds,False,2024-03-08 11:31:54,netbanking,True,saas
txn_dfcf1c08c2,cust_6f36a85733,310.28,INR,issuer_declined,False,2024-03-02 23:28:35,card,False,ecommerce_one_time
txn_73ef79de21,cust_4dd62229b5,242.59,INR,network_timeout,False,2024-03-04 07:15:02,card,False,ecommerce_one_time
txn_fd1f80d80d,cust_d874bb29e6,4559.65,INR,network_timeout,False,2024-03-02 15:58:26,card,False,ecommerce_one_time
txn_a5b057f45d,cust_1457e6efc8,155.57,INR,card_expired,True,2024-03-04 17:21:04,upi,True,saas
txn_f207d48dbb,cust_7bba6f6c06,550.02,INR,do_not_honor,False,2024-03-14 05:22:28,card,True,saas
txn_10f86e40d9,cust_f7e074cbd6,669.87,INR,issuer_declined,False,2024-03-12 15:35:16,netbanking,True,ecommerce_one_time
txn_9f91ea7587,cust_75e806b532,679.99,INR,issuer_declined,False,2024-03-13 03:12:03,card,False,saas
txn_c836b3e35e,cust_f11b362a9c,1372.08,INR,insufficient_funds,False,2024-03-13 15:23:29,upi,True,d2c_subscription
txn_5475200fff,cust_f81f4a85f0,576.32,INR,card_expired,True,2024-03-03 11:32:51,netbanking,True,ecommerce_one_time
txn_797d9e4fcb,cust_2357a5f167,598.08,INR,do_not_honor,False,2024-03-05 14:50:23,card,True,saas
txn_9c95a0d6cb,cust_0d9ff82a3f,4536.75,INR,issuer_declined,False,2024-03-02 16:59:12,card,True,saas
txn_735de8c651,cust_26d48d7e29,414.02,INR,do_not_honor,False,2024-03-11 00:21:08,netbanking,False,ecommerce_one_time
txn_ec81aafb77,cust_fdb1f3067c,88.13,INR,network_timeout,False,2024-03-01 18:46:46,card,True,d2c_subscription
txn_9d0b8e58b2,cust_a6781a34e3,653.48,INR,insufficient_funds,False,2024-03-02 11:03:03,upi,True,ecommerce_one_time
txn_2754fba57b,cust_74447c355f,2901.77,INR,processing_error,False,2024-03-14 00:22:36,netbanking,False,d2c_subscription
txn_da99fd4d43,cust_1d53882511,2196.32,INR,processing_error,False,2024-03-03 08:10:54,card,True,saas
txn_d08c52b3fa,cust_e94856e331,1120.74,INR,network_timeout,False,2024-03-13 22:47:03,netbanking,True,ecommerce_one_time
txn_4be6d9a9df,cust_8c9d2e7266,355.93,INR,insufficient_funds,False,2024-03-09 04:23:03,card,False,ecommerce_one_time
txn_8d6185964c,cust_9a5f12bd0c,15342.06,INR,insufficient_funds,False,2024-03-12 23:15:28,upi,True,ecommerce_one_time
txn_efd410d11c,cust_a65fa84c79,707.66,INR,issuer_declined,False,2024-03-07 08:57:01,card,False,d2c_subscription
txn_81fe03cedd,cust_503d966dda,563.71,INR,network_timeout,False,2024-03-15 06:03:37,card,True,d2c_subscription
txn_c27832da3e,cust_25de995a00,1028.0,INR,card_stolen,True,2024-03-03 15:22:24,card,True,saas
txn_d28c8f5ab5,cust_92b84e163f,680.24,INR,do_not_honor,False,2024-03-08 19:56:45,card,True,saas
txn_ba84184dd3,cust_7f2414746c,11727.66,INR,insufficient_funds,False,2024-03-03 07:13:12,card,False,ecommerce_one_time
txn_79d60a48f5,cust_f237f63575,864.7,INR,insufficient_funds,False,2024-03-09 10:23:38,card,False,ecommerce_one_time
txn_4363063fc6,cust_63c3da41c1,608.92,INR,processing_error,False,2024-03-07 16:51:24,upi,True,d2c_subscription
txn_4a27d941cd,cust_f237f63575,1099.05,INR,insufficient_funds,False,2024-03-05 04:00:31,card,False,ecommerce_one_time
txn_a4c12c7541,cust_57acd8f86e,814.32,INR,do_not_honor,False,2024-03-01 21:26:14,card,True,saas
txn_79c77655a0,cust_8678f4cc81,1213.91,INR,network_timeout,False,2024-03-10 06:14:51,card,False,ecommerce_one_time
txn_e326f61f4c,cust_3a7e08085e,338.89,INR,issuer_declined,False,2024-03-08 04:57:17,card,True,d2c_subscription
txn_a840f2cfbf,cust_c3f928ab01,621.67,INR,issuer_declined,False,2024-03-10 22:59:42,card,False,d2c_subscription
txn_619a7d07ac,cust_3a9b10c115,2790.09,INR,insufficient_funds,False,2024-03-14 22:11:17,card,True,d2c_subscription
txn_a98e77fef8,cust_39615d0288,1059.92,INR,insufficient_funds,False,2024-03-03 06:38:55,upi,False,d2c_subscription
txn_7e8c6d18ae,cust_9d58d87865,14261.18,INR,processing_error,False,2024-03-07 14:56:04,upi,False,ecommerce_one_time
txn_af2839490b,cust_2d31e0daee,530.84,INR,issuer_declined,False,2024-03-10 06:52:06,upi,True,saas
txn_d7b5a14783,cust_3a65c3a679,2719.52,INR,insufficient_funds,False,2024-03-04 14:55:33,card,False,ecommerce_one_time
txn_a768c42a38,cust_6c5398a911,1210.92,INR,insufficient_funds,False,2024-03-04 00:55:12,netbanking,False,saas
txn_0dd00de19f,cust_a349af0cf8,775.03,INR,insufficient_funds,False,2024-03-01 17:03:43,upi,False,saas
txn_30e23b5f89,cust_a3998353a8,95.41,INR,processing_error,False,2024-03-09 09:13:32,upi,True,d2c_subscription
txn_68ae59ae7f,cust_31e1ce7f80,1164.4,INR,do_not_honor,False,2024-03-14 00:35:47,card,False,ecommerce_one_time
txn_d9fbc3c0e5,cust_ebb75e3130,2792.47,INR,do_not_honor,False,2024-03-08 16:55:56,card,False,ecommerce_one_time
txn_55338d9bc4,cust_89bccb5af0,367.96,INR,do_not_honor,False,2024-03-09 07:58:47,card,True,saas
txn_4b46b15e69,cust_f0ee342eb6,710.43,INR,insufficient_funds,False,2024-03-12 14:17:10,card,True,saas
txn_e2d0e5bb29,cust_bf58fa2512,761.92,INR,do_not_honor,False,2024-03-07 06:53:09,upi,True,d2c_subscription
txn_286877044e,cust_5c76848c0a,1045.02,INR,insufficient_funds,False,2024-03-09 16:51:31,card,False,ecommerce_one_time
txn_9cd3e23c85,cust_cab6d0d54f,272.27,INR,card_expired,True,2024-03-03 03:49:42,card,False,ecommerce_one_time
txn_f55823d6ac,cust_be1430bb07,825.13,INR,insufficient_funds,False,2024-03-14 19:58:16,card,False,ecommerce_one_time
txn_7c8323313e,cust_51124e03df,510.66,INR,issuer_declined,False,2024-03-05 11:27:40,card,True,d2c_subscription
txn_e7480442d8,cust_133535cc20,217.37,INR,insufficient_funds,False,2024-03-07 01:44:57,card,False,ecommerce_one_time
txn_4def3b87c7,cust_10f26a8a75,682.96,INR,network_timeout,False,2024-03-12 06:18:05,card,True,saas
txn_bdb496130e,cust_7f7c499178,398.63,INR,insufficient_funds,False,2024-03-10 13:35:04,card,False,ecommerce_one_time
txn_faff4777f1,cust_85d91d5af2,854.35,INR,card_expired,True,2024-03-03 11:14:43,card,True,d2c_subscription
txn_084983c562,cust_c56faf17f2,193.76,INR,insufficient_funds,False,2024-03-10 09:39:59,upi,True,saas
txn_b6f49831e4,cust_ab6af8fcc6,416.52,INR,network_timeout,False,2024-03-06 04:48:52,netbanking,True,d2c_subscription
txn_85d1f2a1f9,cust_546e640d5a,2994.92,INR,processing_error,False,2024-03-08 07:47:22,netbanking,False,ecommerce_one_time
txn_15ceccfb78,cust_d41e7c295a,890.3,INR,insufficient_funds,False,2024-03-02 23:13:39,upi,True,saas
txn_c35359bd63,cust_7620bb757d,1059.75,INR,insufficient_funds,False,2024-03-06 06:02:52,card,False,saas
txn_1f01eba06f,cust_5a0d857766,554.16,INR,issuer_declined,False,2024-03-03 19:39:02,upi,False,d2c_subscription
txn_a487c883e7,cust_ad9f856b53,1009.49,INR,network_timeout,False,2024-03-02 20:23:27,netbanking,True,ecommerce_one_time
txn_bee0a5990c,cust_81730c1a7d,1370.03,INR,network_timeout,False,2024-03-13 16:34:05,card,True,d2c_subscription
txn_0958976a24,cust_526cf928b1,819.57,INR,insufficient_funds,False,2024-03-03 19:51:56,card,False,saas
txn_978dbd34ae,cust_5a8381e7d7,5192.81,INR,issuer_declined,False,2024-03-02 01:16:55,upi,True,d2c_subscription
txn_32f54ed6bf,cust_f9be23bf5d,1060.56,INR,insufficient_funds,False,2024-03-14 23:50:07,card,True,saas
txn_cd8ba6a624,cust_12f623a299,3336.9,INR,insufficient_funds,False,2024-03-09 03:21:24,upi,False,saas
txn_fd65b5f6b0,cust_d2a9877118,324.41,INR,processing_error,False,2024-03-11 22:22:02,card,True,saas
txn_d9c39ae98b,cust_76998c5903,830.28,INR,issuer_declined,False,2024-03-01 17:51:45,card,False,d2c_subscription
txn_324b480547,cust_82839d7410,2290.78,INR,insufficient_funds,False,2024-03-10 13:44:26,upi,False,saas
txn_6764b22979,cust_0db761bd1e,516.05,INR,network_timeout,False,2024-03-12 21:09:57,upi,True,saas
txn_f5bd61cc96,cust_fd5e73d04c,3905.33,INR,processing_error,False,2024-03-14 03:52:20,upi,True,saas
txn_5e82666677,cust_cd3b0da2ef,426.55,INR,processing_error,False,2024-03-04 09:26:43,upi,False,d2c_subscription
txn_3eb1e3848a,cust_956447e87c,3333.9,INR,insufficient_funds,False,2024-03-14 16:14:40,netbanking,True,saas
txn_c871b45a8a,cust_dbad6f5469,966.92,INR,card_expired,True,2024-03-11 05:33:24,card,True,saas
txn_6fcd37e0df,cust_5c68a0ef84,297.65,INR,do_not_honor,False,2024-03-07 17:43:27,netbanking,True,d2c_subscription
txn_da132e228f,cust_41209dd100,3645.72,INR,do_not_honor,False,2024-03-14 20:56:44,card,False,ecommerce_one_time
